# XSI Wavefront OBJ Export v3.0
# File Created: Thu May 29 22:24:35 2014
# XSI Version: 10.5.98.0
mtllib 01040014.mtl

o gun_shark
# Hierarchy (from self to top father)
g gun_shark

#begin 766 vertices
v 0.046229 0.640948 0.116843
v 0.043916 0.607882 0.110942
v 0.065469 0.639602 0.125795
v 0.067176 0.606255 0.121764
v 0.074398 0.638978 0.145082
v 0.077971 0.605501 0.145082
v 0.023564 0.316837 0.351417
v 0.025247 0.340898 0.306066
v 0.045419 0.391285 0.319718
v 0.028851 0.392444 0.319718
v 0.041021 0.369988 0.362921
v 0.027348 0.370944 0.362921
v 0.036135 0.348724 0.402843
v 0.025845 0.349445 0.402843
v 0.053058 0.108939 0.076980
v 0.007834 0.091881 0.047883
v 0.009241 0.112003 0.065210
v 0.060294 0.088212 0.061974
v 0.085134 0.106696 0.109135
v 0.098697 0.085527 0.100471
v 0.096875 0.105875 0.153059
v 0.112754 0.084544 0.153059
v 0.085134 0.106696 0.196983
v 0.098697 0.085527 0.205647
v 0.053058 0.108939 0.229137
v 0.060294 0.088212 0.244145
v 0.009241 0.112003 0.240906
v 0.007834 0.091881 0.258234
v 0.060294 0.088212 0.061974
v 0.007835 0.091894 0.081711
v 0.007834 0.091881 0.047883
v 0.043422 0.089405 0.091269
v 0.098697 0.085527 0.100471
v 0.069473 0.087584 0.117385
v 0.112754 0.084544 0.153059
v 0.079009 0.086917 0.153059
v 0.098697 0.085527 0.205647
v 0.069473 0.087584 0.188733
v 0.060294 0.088212 0.244145
v 0.043422 0.089405 0.214849
v 0.007834 0.091881 0.258234
v 0.007835 0.091894 0.224407
v 0.043422 0.089405 0.091269
v 0.007027 0.080342 0.081711
v 0.007835 0.091894 0.081711
v 0.042614 0.077854 0.091269
v 0.005712 0.061529 0.066753
v 0.048760 0.058519 0.078315
v 0.068666 0.076032 0.117385
v 0.080274 0.056315 0.109905
v 0.078201 0.075365 0.153059
v 0.091808 0.055509 0.153059
v 0.069473 0.087584 0.117385
v 0.079009 0.086917 0.153059
v 0.069473 0.087584 0.188733
v 0.068666 0.076032 0.188733
v 0.080274 0.056315 0.196212
v 0.042614 0.077854 0.214849
v 0.048760 0.058519 0.227803
v 0.007027 0.080342 0.224407
v 0.005712 0.061529 0.239366
v 0.043422 0.089405 0.214849
v 0.007835 0.091894 0.224407
v 0.048760 0.058519 0.078315
v 0.005702 0.061393 0.089290
v 0.005712 0.061529 0.066753
v 0.037509 0.059169 0.097833
v 0.080274 0.056315 0.109905
v 0.060793 0.057541 0.121174
v 0.091808 0.055509 0.153059
v 0.069316 0.056945 0.153059
v 0.080274 0.056315 0.196212
v 0.060793 0.057541 0.184943
v 0.048760 0.058519 0.227803
v 0.037509 0.059169 0.208284
v 0.005712 0.061529 0.239366
v 0.005702 0.061393 0.216828
v 0.037509 0.059169 0.097833
v 0.005069 0.052337 0.089290
v 0.005702 0.061393 0.089290
v 0.036875 0.050113 0.097833
v 0.042278 0.030047 0.086073
v 0.003699 0.032745 0.075711
v 0.060793 0.057541 0.121174
v 0.060160 0.048484 0.121174
v 0.070521 0.028072 0.114385
v 0.069316 0.056945 0.153059
v 0.068683 0.047889 0.153059
v 0.080858 0.027349 0.153059
v 0.060793 0.057541 0.184943
v 0.060160 0.048484 0.184943
v 0.070521 0.028072 0.191732
v 0.037509 0.059169 0.208284
v 0.036875 0.050113 0.208284
v 0.042278 0.030047 0.220044
v 0.005702 0.061393 0.216828
v 0.005069 0.052337 0.216828
v 0.003699 0.032745 0.230407
v 0.030411 0.030836 0.106674
v 0.003696 0.032704 0.099498
v 0.003699 0.032745 0.075711
v 0.042278 0.030047 0.086073
v 0.049968 0.029468 0.126278
v 0.070521 0.028072 0.114385
v 0.057126 0.028968 0.153059
v 0.080858 0.027349 0.153059
v 0.049968 0.029468 0.179840
v 0.070521 0.028072 0.191732
v 0.030411 0.030836 0.199444
v 0.042278 0.030047 0.220044
v 0.003696 0.032704 0.206619
v 0.003699 0.032745 0.230407
v 0.002616 0.017265 0.206619
v 0.030411 0.030836 0.199444
v 0.003696 0.032704 0.206619
v 0.029331 0.015397 0.199444
v 0.049968 0.029468 0.179840
v 0.048889 0.014029 0.179840
v 0.057126 0.028968 0.153059
v 0.056046 0.013529 0.153059
v 0.049968 0.029468 0.126278
v 0.000882 -0.007534 0.220786
v 0.034663 -0.009897 0.211712
v 0.059392 -0.011626 0.186922
v 0.068445 -0.012259 0.153059
v 0.048889 0.014029 0.126278
v 0.030411 0.030836 0.106674
v 0.029331 0.015397 0.106674
v 0.003696 0.032704 0.099498
v 0.025290 -0.085900 0.204700
v 0.047063 -0.087423 0.182874
v 0.055033 -0.087980 0.153059
v 0.047063 -0.087423 0.123244
v 0.059392 -0.011626 0.119195
v -0.004452 -0.083821 0.212688
v 0.015910 -0.159578 0.178656
v 0.027761 -0.160407 0.153059
v 0.015910 -0.159578 0.127463
v 0.025290 -0.085900 0.101418
v 0.034663 -0.009897 0.094406
v -0.009625 -0.157792 0.190535
v -0.013710 -0.216206 0.165178
v -0.005453 -0.216784 0.161337
v -0.001620 -0.217052 0.153059
v -0.005453 -0.216784 0.144781
v -0.009625 -0.157792 0.115583
v -0.004452 -0.083821 0.093429
v -0.014012 -0.220538 0.153059
v -0.013710 -0.216206 0.140940
v 0.000882 -0.007534 0.085331
v 0.002616 0.017265 0.099498
v 0.053058 0.108939 0.076980
v 0.009241 0.112003 0.065210
v 0.009283 0.112606 0.021263
v 0.075020 0.108009 0.038921
v 0.085134 0.106696 0.109135
v 0.123144 0.104644 0.087161
v 0.096875 0.105875 0.153059
v 0.140758 0.103412 0.153059
v 0.085134 0.106696 0.196983
v 0.123144 0.104644 0.218956
v 0.053058 0.108939 0.229137
v 0.075020 0.108009 0.267197
v 0.009241 0.112003 0.240906
v 0.009283 0.112606 0.284855
v 0.113049 0.477442 0.280718
v 0.035176 0.482887 0.301634
v 0.035166 0.482747 0.321693
v 0.123044 0.476602 0.298090
v 0.170056 0.473456 0.223571
v 0.187376 0.472103 0.233602
v 0.190921 0.471996 0.145508
v 0.210922 0.470457 0.145508
v 0.170056 0.473456 0.067445
v 0.187376 0.472103 0.057415
v 0.113049 0.477442 0.010299
v 0.123044 0.476602 -0.007074
v 0.035176 0.482887 -0.010617
v 0.035166 0.482747 -0.030677
v 0.014748 0.190749 0.319052
v 0.009283 0.112606 0.284855
v 0.075020 0.108009 0.267197
v 0.097542 0.184959 0.296813
v 0.112451 0.265106 0.312889
v 0.020397 0.271544 0.337615
v 0.026606 0.360334 0.346650
v 0.125118 0.353445 0.320189
v 0.032475 0.444265 0.335329
v 0.123144 0.104644 0.218956
v 0.158152 0.180721 0.236055
v 0.179839 0.260394 0.245337
v 0.197235 0.348402 0.247896
v 0.126829 0.437667 0.309986
v 0.123044 0.476602 0.298090
v 0.035166 0.482747 0.321693
v 0.140758 0.103412 0.153059
v 0.180337 0.179170 0.153059
v 0.204504 0.258669 0.153059
v 0.223630 0.346557 0.149145
v 0.221185 0.431069 0.146160
v 0.195901 0.432837 0.240745
v 0.187376 0.472103 0.233602
v 0.123144 0.104644 0.087161
v 0.158152 0.180721 0.070061
v 0.179839 0.260394 0.060780
v 0.197235 0.348402 0.050391
v 0.195901 0.432837 0.051575
v 0.210922 0.470457 0.145508
v 0.075020 0.108009 0.038921
v 0.097542 0.184959 0.009305
v 0.112451 0.265106 -0.006771
v 0.125118 0.353445 -0.021901
v 0.126829 0.437667 -0.017666
v 0.187376 0.472103 0.057415
v 0.009283 0.112606 0.021263
v 0.014748 0.190749 -0.012933
v 0.020397 0.271544 -0.031498
v 0.026606 0.360334 -0.048361
v 0.032475 0.444265 -0.043009
v 0.123044 0.476602 -0.007074
v 0.035166 0.482747 -0.030677
v 0.088537 0.564798 0.063206
v 0.041135 0.568112 0.021741
v 0.041135 0.568112 0.050473
v 0.102868 0.563795 0.038322
v 0.123238 0.562371 0.097991
v 0.148061 0.560635 0.083624
v 0.135939 0.561483 0.145508
v 0.164602 0.559479 0.145508
v 0.123238 0.562371 0.193026
v 0.148061 0.560635 0.207393
v 0.088537 0.564798 0.227812
v 0.102868 0.563795 0.252695
v 0.041135 0.568112 0.240544
v 0.041135 0.568112 0.269275
v 0.080127 0.617150 0.084062
v 0.041135 0.568112 0.050473
v 0.044737 0.619625 0.074557
v 0.088537 0.564798 0.063206
v 0.106034 0.615339 0.110032
v 0.123238 0.562371 0.097991
v 0.115516 0.614676 0.145508
v 0.135939 0.561483 0.145508
v 0.106034 0.615339 0.180985
v 0.123238 0.562371 0.193026
v 0.080127 0.617150 0.206954
v 0.088537 0.564798 0.227812
v 0.044737 0.619625 0.216461
v 0.041135 0.568112 0.240544
v 0.080127 0.617150 0.084062
v 0.044737 0.619625 0.074557
v 0.044737 0.619625 0.084043
v 0.075395 0.617481 0.092278
v 0.106034 0.615339 0.110032
v 0.097839 0.615912 0.114775
v 0.115516 0.614676 0.145508
v 0.106053 0.615337 0.145508
v 0.106034 0.615339 0.180985
v 0.097839 0.615912 0.176241
v 0.080127 0.617150 0.206954
v 0.075395 0.617481 0.198739
v 0.044737 0.619625 0.216461
v 0.044737 0.619625 0.206975
v 0.074985 0.611614 0.092278
v 0.044737 0.619625 0.084043
v 0.044327 0.613757 0.084043
v 0.075395 0.617481 0.092278
v 0.097429 0.610044 0.114775
v 0.097839 0.615912 0.114775
v 0.105643 0.609470 0.145508
v 0.106053 0.615337 0.145508
v 0.097429 0.610044 0.176241
v 0.097839 0.615912 0.176241
v 0.074985 0.611614 0.198739
v 0.075395 0.617481 0.198739
v 0.044327 0.613757 0.206975
v 0.044737 0.619625 0.206975
v 0.074985 0.611614 0.092278
v 0.044327 0.613757 0.084043
v 0.043916 0.607882 0.110942
v 0.067176 0.606255 0.121764
v 0.097429 0.610044 0.114775
v 0.105643 0.609470 0.145508
v 0.077971 0.605501 0.145082
v 0.097429 0.610044 0.176241
v 0.067177 0.606255 0.168398
v 0.074985 0.611614 0.198739
v 0.044327 0.613757 0.206975
v 0.043916 0.607882 0.179219
v 0.102868 0.563795 0.038322
v 0.035176 0.482887 -0.010617
v 0.041135 0.568112 0.021741
v 0.113049 0.477442 0.010299
v 0.148061 0.560635 0.083624
v 0.170056 0.473456 0.067445
v 0.164602 0.559479 0.145508
v 0.190921 0.471996 0.145508
v 0.148061 0.560635 0.207393
v 0.170056 0.473456 0.223571
v 0.102868 0.563795 0.252695
v 0.113049 0.477442 0.280718
v 0.041135 0.568112 0.269275
v 0.035176 0.482887 0.301634
v 0.022528 0.197506 0.328248
v 0.019204 0.254477 0.298649
v 0.050580 0.703179 0.145082
v 0.048216 0.669372 0.163395
v 0.060695 0.668500 0.157591
v 0.065469 0.639602 0.164368
v 0.043916 0.607882 0.179219
v 0.046229 0.640948 0.173318
v 0.067177 0.606255 0.168398
v 0.039325 0.282464 0.297024
v 0.033620 0.273301 0.337616
v 0.015256 0.198014 0.328248
v 0.021537 0.287839 0.494311
v 0.021537 0.287839 0.494311
v 0.023829 0.320618 0.445296
v 0.029563 0.320217 0.445296
v 0.039325 0.282464 0.297024
v 0.021249 0.283728 0.297024
v 0.033620 0.273301 0.337616
v 0.020584 0.274212 0.337616
v 0.026580 0.255445 0.381292
v 0.019307 0.255954 0.381292
v 0.017232 0.226278 0.432255
v 0.017232 0.226278 0.432255
v 0.021124 0.281942 0.393219
v 0.026580 0.255445 0.381292
v 0.022528 0.197506 0.328248
v 0.016223 0.211854 0.284849
v 0.029259 0.210942 0.284849
v 0.032208 0.440450 0.328464
v 0.045419 0.391285 0.319718
v 0.041021 0.369988 0.362921
v 0.030339 0.413722 0.375509
v 0.036135 0.348724 0.402843
v 0.066486 0.668095 0.145082
v 0.060695 0.668500 0.132571
v 0.048216 0.669372 0.126766
v 0.025313 0.341842 0.458818
v 0.029563 0.320217 0.445296
v 0.028207 0.383235 0.419272
v 0.013890 0.178491 0.377166
v 0.013890 0.178491 0.377166
v 0.017073 0.224001 0.340175
v 0.029259 0.210942 0.284849
v 0.015837 0.015455 -0.170635
v 0.020156 -0.001834 -0.170147
v 0.003044 0.023386 -0.170837
v 0.009717 0.118812 0.096894
v 0.003182 0.025347 0.117326
v 0.009012 0.108733 0.050559
v 0.013473 -0.018353 -0.169659
v 0.029998 0.027097 0.067998
v 0.035324 0.103268 0.099886
v 0.030703 0.037178 0.114333
v 0.034619 0.093188 0.053551
v -0.000299 -0.024425 -0.169457
v 0.007073 0.080994 0.013854
v 0.044017 0.069453 0.107110
v 0.002477 0.015268 0.070991
v 0.043312 0.059373 0.060775
v -0.001984 -0.048522 -0.160216
v 0.025560 -0.036376 -0.160620
v 0.038927 -0.003338 -0.161596
v 0.005299 0.055626 -0.046769
v 0.030288 0.031239 -0.162573
v 0.004637 0.046160 -0.109138
v 0.004703 0.047100 -0.162977
v 0.032723 0.066073 0.018797
v 0.001340 -0.000981 -0.173771
v 0.000835 -0.008212 0.047615
v -0.001149 -0.036589 -0.022862
v -0.002012 -0.048922 -0.101959
v 0.025526 -0.036855 -0.103010
v 0.026359 -0.024942 -0.026363
v 0.028313 0.002995 0.042672
v 0.038880 -0.004008 -0.105549
v 0.039642 0.006892 -0.034815
v 0.041521 0.033765 0.030735
v 0.030919 0.040264 -0.043267
v 0.030227 0.030378 -0.108087
v 0.046229 0.640948 0.116843
v 0.043916 0.607882 0.110942
v 0.026988 0.642293 0.125795
v 0.020656 0.609508 0.121764
v 0.018059 0.642918 0.145082
v 0.009861 0.610263 0.145082
v 0.023564 0.316837 0.351417
v 0.025247 0.340898 0.306066
v 0.012283 0.393602 0.319718
v 0.028851 0.392444 0.319718
v 0.013675 0.371900 0.362921
v 0.027348 0.370944 0.362921
v 0.015554 0.350163 0.402843
v 0.025845 0.349445 0.402843
v -0.034576 0.115067 0.076980
v 0.007834 0.091881 0.047883
v 0.009241 0.112003 0.065210
v -0.044626 0.095549 0.061974
v -0.066652 0.117310 0.109135
v -0.083029 0.098234 0.100471
v -0.078393 0.118131 0.153059
v -0.097086 0.099217 0.153059
v -0.066652 0.117310 0.196983
v -0.083029 0.098234 0.205647
v -0.034576 0.115067 0.229137
v -0.044626 0.095549 0.244145
v 0.009241 0.112003 0.240906
v 0.007834 0.091881 0.258234
v -0.044626 0.095549 0.061974
v 0.007835 0.091894 0.081711
v 0.007834 0.091881 0.047883
v -0.027752 0.094382 0.091269
v -0.083029 0.098234 0.100471
v -0.053804 0.096204 0.117385
v -0.097086 0.099217 0.153059
v -0.063339 0.096871 0.153059
v -0.083029 0.098234 0.205647
v -0.053804 0.096204 0.188733
v -0.044626 0.095549 0.244145
v -0.027752 0.094382 0.214849
v 0.007834 0.091881 0.258234
v 0.007835 0.091894 0.224407
v -0.027752 0.094382 0.091269
v 0.007027 0.080342 0.081711
v 0.007835 0.091894 0.081711
v -0.028560 0.082831 0.091269
v 0.005712 0.061529 0.066753
v -0.037337 0.064540 0.078315
v -0.054611 0.084652 0.117385
v -0.068850 0.066743 0.109905
v -0.064147 0.085319 0.153059
v -0.080385 0.067550 0.153059
v -0.053804 0.096204 0.117385
v -0.063339 0.096871 0.153059
v -0.053804 0.096204 0.188733
v -0.054611 0.084652 0.188733
v -0.068850 0.066743 0.196212
v -0.028560 0.082831 0.214849
v -0.037337 0.064540 0.227803
v 0.007027 0.080342 0.224407
v 0.005712 0.061529 0.239366
v -0.027752 0.094382 0.214849
v 0.007835 0.091894 0.224407
v -0.037337 0.064540 0.078315
v 0.005702 0.061393 0.089290
v 0.005712 0.061529 0.066753
v -0.026104 0.063617 0.097833
v -0.068850 0.066743 0.109905
v -0.049389 0.065246 0.121174
v -0.080385 0.067550 0.153059
v -0.057912 0.065841 0.153059
v -0.068850 0.066743 0.196212
v -0.049389 0.065246 0.184943
v -0.037337 0.064540 0.227803
v -0.026104 0.063617 0.208284
v 0.005712 0.061529 0.239366
v 0.005702 0.061393 0.216828
v -0.026104 0.063617 0.097833
v 0.005069 0.052337 0.089290
v 0.005702 0.061393 0.089290
v -0.026738 0.054561 0.097833
v -0.034881 0.035442 0.086073
v 0.003699 0.032745 0.075711
v -0.049389 0.065246 0.121174
v -0.050022 0.056189 0.121174
v -0.063123 0.037417 0.114385
v -0.057912 0.065841 0.153059
v -0.058545 0.056785 0.153059
v -0.073460 0.038140 0.153059
v -0.049389 0.065246 0.184943
v -0.050022 0.056189 0.184943
v -0.063123 0.037417 0.191732
v -0.026104 0.063617 0.208284
v -0.026738 0.054561 0.208284
v -0.034881 0.035442 0.220044
v 0.005702 0.061393 0.216828
v 0.005069 0.052337 0.216828
v 0.003699 0.032745 0.230407
v -0.023019 0.034572 0.106674
v 0.003696 0.032704 0.099498
v 0.003699 0.032745 0.075711
v -0.034881 0.035442 0.086073
v -0.042576 0.035940 0.126278
v -0.063123 0.037417 0.114385
v -0.049734 0.036440 0.153059
v -0.073460 0.038140 0.153059
v -0.042576 0.035940 0.179840
v -0.063123 0.037417 0.191732
v -0.023019 0.034572 0.199444
v -0.034881 0.035442 0.220044
v 0.003696 0.032704 0.206619
v 0.003699 0.032745 0.230407
v 0.002616 0.017265 0.206619
v -0.023019 0.034572 0.199444
v 0.003696 0.032704 0.206619
v -0.024099 0.019133 0.199444
v -0.042576 0.035940 0.179840
v -0.043656 0.020501 0.179840
v -0.049734 0.036440 0.153059
v -0.050814 0.021001 0.153059
v -0.042576 0.035940 0.126278
v 0.000882 -0.007534 0.220786
v -0.032898 -0.005172 0.211712
v -0.057629 -0.003443 0.186922
v -0.066680 -0.002810 0.153059
v -0.043656 0.020501 0.126278
v -0.023019 0.034572 0.106674
v -0.024099 0.019133 0.106674
v 0.003696 0.032704 0.099498
v -0.034195 -0.081741 0.204700
v -0.055967 -0.080218 0.182874
v -0.063937 -0.079661 0.153059
v -0.055967 -0.080218 0.123244
v -0.057629 -0.003443 0.119195
v -0.004452 -0.083821 0.212688
v -0.035159 -0.156007 0.178656
v -0.047010 -0.155178 0.153059
v -0.035159 -0.156007 0.127463
v -0.034195 -0.081741 0.101418
v -0.032898 -0.005172 0.094406
v -0.009625 -0.157792 0.190535
v -0.013710 -0.216206 0.165178
v -0.021966 -0.215629 0.161337
v -0.025799 -0.215361 0.153059
v -0.021966 -0.215629 0.144781
v -0.009625 -0.157792 0.115583
v -0.004452 -0.083821 0.093429
v -0.014012 -0.220538 0.153059
v -0.013710 -0.216206 0.140940
v 0.000882 -0.007534 0.085331
v 0.002616 0.017265 0.099498
v -0.034576 0.115067 0.076980
v 0.009241 0.112003 0.065210
v 0.009283 0.112606 0.021263
v -0.056454 0.117203 0.038921
v -0.066652 0.117310 0.109135
v -0.104577 0.120568 0.087161
v -0.078393 0.118131 0.153059
v -0.122191 0.121799 0.153059
v -0.066652 0.117310 0.196983
v -0.104577 0.120568 0.218956
v -0.034576 0.115067 0.229137
v -0.056454 0.117203 0.267197
v 0.009241 0.112003 0.240906
v 0.009283 0.112606 0.284855
v -0.042697 0.488333 0.280718
v 0.035176 0.482887 0.301634
v 0.035166 0.482747 0.321693
v -0.052712 0.488892 0.298090
v -0.099704 0.492319 0.223571
v -0.117044 0.493391 0.233602
v -0.120570 0.493778 0.145508
v -0.140590 0.495037 0.145508
v -0.099704 0.492319 0.067445
v -0.117044 0.493391 0.057415
v -0.042697 0.488333 0.010299
v -0.052712 0.488892 -0.007074
v 0.035176 0.482887 -0.010617
v 0.035166 0.482747 -0.030677
v 0.014748 0.190749 0.319052
v 0.009283 0.112606 0.284855
v -0.056454 0.117203 0.267197
v -0.068047 0.196538 0.296813
v -0.071656 0.277981 0.312889
v 0.020397 0.271544 0.337615
v 0.026606 0.360334 0.346650
v -0.071906 0.367223 0.320189
v 0.032475 0.444265 0.335329
v -0.104577 0.120568 0.218956
v -0.128656 0.200777 0.236055
v -0.139044 0.282693 0.245337
v -0.144023 0.372266 0.247896
v -0.061880 0.450863 0.309986
v -0.052712 0.488892 0.298090
v 0.035166 0.482747 0.321693
v -0.122191 0.121799 0.153059
v -0.150842 0.202328 0.153059
v -0.163710 0.284418 0.153059
v -0.170418 0.374111 0.149145
v -0.156234 0.457461 0.146160
v -0.130951 0.455693 0.240745
v -0.117044 0.493391 0.233602
v -0.104577 0.120568 0.087161
v -0.128656 0.200777 0.070061
v -0.139044 0.282693 0.060780
v -0.144023 0.372266 0.050391
v -0.130951 0.455693 0.051575
v -0.140590 0.495037 0.145508
v -0.056454 0.117203 0.038921
v -0.068047 0.196538 0.009305
v -0.071656 0.277981 -0.006771
v -0.071906 0.367223 -0.021901
v -0.061880 0.450863 -0.017666
v -0.117044 0.493391 0.057415
v 0.009283 0.112606 0.021263
v 0.014748 0.190749 -0.012933
v 0.020397 0.271544 -0.031498
v 0.026606 0.360334 -0.048361
v 0.032475 0.444265 -0.043009
v -0.052712 0.488892 -0.007074
v 0.035166 0.482747 -0.030677
v -0.006267 0.571427 0.063206
v 0.041135 0.568112 0.021741
v 0.041135 0.568112 0.050473
v -0.020598 0.572429 0.038322
v -0.040967 0.573853 0.097991
v -0.065790 0.575589 0.083624
v -0.053668 0.574742 0.145508
v -0.082331 0.576746 0.145508
v -0.040967 0.573853 0.193026
v -0.065790 0.575589 0.207393
v -0.006267 0.571427 0.227812
v -0.020598 0.572429 0.252695
v 0.041135 0.568112 0.240544
v 0.041135 0.568112 0.269275
v 0.009348 0.622100 0.084062
v 0.041135 0.568112 0.050473
v 0.044737 0.619625 0.074557
v -0.006267 0.571427 0.063206
v -0.016559 0.623911 0.110032
v -0.040967 0.573853 0.097991
v -0.026041 0.624574 0.145508
v -0.053668 0.574742 0.145508
v -0.016559 0.623911 0.180985
v -0.040967 0.573853 0.193026
v 0.009348 0.622100 0.206954
v -0.006267 0.571427 0.227812
v 0.044737 0.619625 0.216461
v 0.041135 0.568112 0.240544
v 0.009348 0.622100 0.084062
v 0.044737 0.619625 0.074557
v 0.044737 0.619625 0.084043
v 0.014080 0.621769 0.092278
v -0.016559 0.623911 0.110032
v -0.008364 0.623338 0.114775
v -0.026041 0.624574 0.145508
v -0.016578 0.623913 0.145508
v -0.016559 0.623911 0.180985
v -0.008364 0.623338 0.176241
v 0.009348 0.622100 0.206954
v 0.014080 0.621769 0.198739
v 0.044737 0.619625 0.216461
v 0.044737 0.619625 0.206975
v 0.013669 0.615901 0.092278
v 0.044737 0.619625 0.084043
v 0.044327 0.613757 0.084043
v 0.014080 0.621769 0.092278
v -0.008774 0.617471 0.114775
v -0.008364 0.623338 0.114775
v -0.016989 0.618045 0.145508
v -0.016578 0.623913 0.145508
v -0.008774 0.617471 0.176241
v -0.008364 0.623338 0.176241
v 0.013669 0.615901 0.198739
v 0.014080 0.621769 0.198739
v 0.044327 0.613757 0.206975
v 0.044737 0.619625 0.206975
v 0.013669 0.615901 0.092278
v 0.044327 0.613757 0.084043
v 0.043916 0.607882 0.110942
v 0.020656 0.609508 0.121764
v -0.008774 0.617471 0.114775
v -0.016989 0.618045 0.145508
v 0.009861 0.610263 0.145082
v -0.008774 0.617471 0.176241
v 0.020656 0.609508 0.168398
v 0.013669 0.615901 0.198739
v 0.044327 0.613757 0.206975
v 0.043916 0.607882 0.179219
v -0.020598 0.572429 0.038322
v 0.035176 0.482887 -0.010617
v 0.041135 0.568112 0.021741
v -0.042697 0.488333 0.010299
v -0.065790 0.575589 0.083624
v -0.099704 0.492319 0.067445
v -0.082331 0.576746 0.145508
v -0.120570 0.493778 0.145508
v -0.065790 0.575589 0.207393
v -0.099704 0.492319 0.223571
v -0.020598 0.572429 0.252695
v -0.042697 0.488333 0.280718
v 0.041135 0.568112 0.269275
v 0.035176 0.482887 0.301634
v 0.007983 0.198523 0.328248
v 0.019204 0.254477 0.298649
v 0.050580 0.703179 0.145082
v 0.048216 0.669372 0.163395
v 0.035738 0.670245 0.157591
v 0.026988 0.642293 0.164368
v 0.043916 0.607882 0.179219
v 0.046229 0.640948 0.173318
v 0.020656 0.609508 0.168398
v 0.003173 0.284992 0.297024
v 0.007548 0.275124 0.337616
v 0.015256 0.198014 0.328248
v 0.021537 0.287839 0.494311
v 0.021537 0.287839 0.494311
v 0.023829 0.320618 0.445296
v 0.018095 0.321019 0.445296
v 0.003173 0.284992 0.297024
v 0.021249 0.283728 0.297024
v 0.007548 0.275124 0.337616
v 0.020584 0.274212 0.337616
v 0.012034 0.256462 0.381292
v 0.019307 0.255954 0.381292
v 0.017232 0.226278 0.432255
v 0.017232 0.226278 0.432255
v 0.021124 0.281942 0.393219
v 0.012034 0.256462 0.381292
v 0.007983 0.198523 0.328248
v 0.016223 0.211854 0.284849
v 0.003187 0.212766 0.284849
v 0.032208 0.440450 0.328464
v 0.012283 0.393602 0.319718
v 0.013675 0.371900 0.362921
v 0.030339 0.413722 0.375509
v 0.015554 0.350163 0.402843
v 0.029946 0.670650 0.145082
v 0.035738 0.670245 0.132571
v 0.048216 0.669372 0.126766
v 0.025313 0.341842 0.458818
v 0.018095 0.321019 0.445296
v 0.028207 0.383235 0.419272
v 0.013890 0.178491 0.377166
v 0.013890 0.178491 0.377166
v 0.017073 0.224001 0.340175
v 0.003187 0.212766 0.284849
v -0.010727 0.017312 -0.170635
v -0.017411 0.000793 -0.170147
v 0.003044 0.023386 -0.170837
v 0.009717 0.118812 0.096894
v 0.003182 0.025347 0.117326
v 0.009012 0.108733 0.050559
v -0.013091 -0.016495 -0.169659
v -0.023130 0.030813 0.067998
v -0.017804 0.106983 0.099886
v -0.022425 0.040893 0.114333
v -0.018509 0.096903 0.053551
v -0.000299 -0.024425 -0.169457
v 0.007073 0.080994 0.013854
v -0.031118 0.074707 0.107110
v 0.002477 0.015268 0.070991
v -0.031823 0.064627 0.060775
v -0.001984 -0.048522 -0.160216
v -0.027569 -0.032661 -0.160620
v -0.036208 0.001916 -0.161596
v 0.005299 0.055626 -0.046769
v -0.022841 0.034954 -0.162573
v 0.004637 0.046160 -0.109138
v 0.004703 0.047100 -0.162977
v -0.020405 0.069788 0.018797
v 0.001340 -0.000981 -0.173771
v 0.000835 -0.008212 0.047615
v -0.001149 -0.036589 -0.022862
v -0.002012 -0.048922 -0.101959
v -0.027602 -0.033140 -0.103010
v -0.026769 -0.021227 -0.026363
v -0.024816 0.006710 0.042672
v -0.036255 0.001246 -0.105549
v -0.035492 0.012145 -0.034815
v -0.033613 0.039019 0.030735
v -0.022210 0.043979 -0.043267
v -0.022901 0.034094 -0.108087
#end 766 vertices

#begin 2460 normals
vn 0.000000 -0.830624 -0.556833
vn 0.000000 -0.828648 -0.559771
vn -0.000044 -0.827989 -0.560744
vn 0.972045 0.145465 0.184306
vn 0.970100 0.133077 0.202970
vn 0.967363 0.157552 0.198458
vn 0.965505 0.186336 0.181877
vn 0.972045 0.145465 0.184306
vn 0.967363 0.157552 0.198458
vn 0.965505 0.186336 0.181877
vn 0.967363 0.157552 0.198458
vn 0.956763 0.214094 0.196897
vn 0.956763 0.214094 0.196897
vn 0.955459 0.240601 0.170906
vn 0.965505 0.186336 0.181877
vn 0.956763 0.214094 0.196897
vn 0.946288 0.262791 0.188359
vn 0.955459 0.240601 0.170906
vn 0.946288 0.262791 0.188359
vn 0.945388 0.273593 0.177168
vn 0.955459 0.240601 0.170906
vn 0.946288 0.262791 0.188359
vn 0.936044 0.285716 0.205399
vn 0.945388 0.273593 0.177168
vn 0.702100 0.376847 -0.604187
vn 0.804511 0.593938 0.000027
vn 0.917687 0.387610 0.087236
vn 0.394592 0.348404 -0.850242
vn 0.804511 0.593938 0.000027
vn 0.702100 0.376847 -0.604187
vn 0.973301 0.173245 0.150572
vn 0.763856 0.243341 0.597753
vn 0.607463 0.168251 0.776325
vn 0.973301 0.173245 0.150572
vn 0.956778 0.250342 -0.148002
vn 0.763856 0.243341 0.597753
vn 0.319874 0.650124 -0.689216
vn 0.199191 0.638557 -0.743349
vn 0.199193 0.638555 -0.743350
vn 0.319874 0.650124 -0.689216
vn 0.436948 0.650127 -0.621620
vn 0.199191 0.638557 -0.743349
vn 0.621618 0.650131 -0.436944
vn 0.436948 0.650127 -0.621620
vn 0.319874 0.650124 -0.689216
vn 0.621618 0.650131 -0.436944
vn 0.689210 0.650135 -0.319865
vn 0.436948 0.650127 -0.621620
vn 0.756802 0.650139 -0.067597
vn 0.689210 0.650135 -0.319865
vn 0.621618 0.650131 -0.436944
vn 0.756802 0.650139 -0.067597
vn 0.756802 0.650140 0.067593
vn 0.689210 0.650135 -0.319865
vn 0.689209 0.650136 0.319866
vn 0.756802 0.650140 0.067593
vn 0.756802 0.650139 -0.067597
vn 0.689209 0.650136 0.319866
vn 0.621613 0.650139 0.436940
vn 0.756802 0.650140 0.067593
vn 0.436937 0.650147 0.621607
vn 0.621613 0.650139 0.436940
vn 0.689209 0.650136 0.319866
vn 0.436937 0.650147 0.621607
vn 0.319853 0.650147 0.689204
vn 0.621613 0.650139 0.436940
vn 0.199164 0.638577 0.743339
vn 0.319853 0.650147 0.689204
vn 0.436937 0.650147 0.621607
vn 0.199164 0.638577 0.743339
vn 0.199157 0.638560 0.743356
vn 0.319853 0.650147 0.689204
vn -0.000163 -1.000000 0.000352
vn -0.000104 -1.000000 0.000387
vn -0.000104 -1.000000 0.000386
vn -0.000163 -1.000000 0.000352
vn -0.000223 -1.000000 0.000317
vn -0.000104 -1.000000 0.000387
vn -0.000317 -1.000000 0.000223
vn -0.000223 -1.000000 0.000317
vn -0.000163 -1.000000 0.000352
vn -0.000317 -1.000000 0.000223
vn -0.000352 -1.000000 0.000163
vn -0.000223 -1.000000 0.000317
vn -0.000386 -1.000000 0.000035
vn -0.000352 -1.000000 0.000163
vn -0.000317 -1.000000 0.000223
vn -0.000386 -1.000000 0.000035
vn -0.000386 -1.000000 -0.000035
vn -0.000352 -1.000000 0.000163
vn -0.000352 -1.000000 -0.000163
vn -0.000386 -1.000000 -0.000035
vn -0.000386 -1.000000 0.000035
vn -0.000352 -1.000000 -0.000163
vn -0.000317 -1.000000 -0.000223
vn -0.000386 -1.000000 -0.000035
vn -0.000223 -1.000000 -0.000317
vn -0.000317 -1.000000 -0.000223
vn -0.000352 -1.000000 -0.000163
vn -0.000223 -1.000000 -0.000317
vn -0.000163 -1.000000 -0.000352
vn -0.000317 -1.000000 -0.000223
vn -0.000104 -1.000000 -0.000386
vn -0.000163 -1.000000 -0.000352
vn -0.000223 -1.000000 -0.000317
vn -0.000104 -1.000000 -0.000386
vn -0.000104 -1.000000 -0.000387
vn -0.000163 -1.000000 -0.000352
vn 0.420967 0.000000 -0.907076
vn 0.252879 0.212700 -0.943828
vn 0.258801 0.000000 -0.965931
vn 0.420967 0.000000 -0.907076
vn 0.480151 0.331166 -0.812271
vn 0.252879 0.212700 -0.943828
vn 0.480151 0.331166 -0.812271
vn 0.205446 0.608154 -0.766773
vn 0.252879 0.212700 -0.943828
vn 0.480151 0.331166 -0.812271
vn 0.451230 0.619909 -0.641954
vn 0.205446 0.608154 -0.766773
vn 0.821953 0.331182 -0.463370
vn 0.451230 0.619909 -0.641954
vn 0.480151 0.331166 -0.812271
vn 0.821953 0.331182 -0.463370
vn 0.711737 0.619934 -0.330322
vn 0.451230 0.619909 -0.641954
vn 0.943517 0.331183 0.009690
vn 0.711737 0.619934 -0.330322
vn 0.821953 0.331182 -0.463370
vn 0.943517 0.331183 0.009690
vn 0.781551 0.619923 0.069807
vn 0.711737 0.619934 -0.330322
vn 0.818116 0.000000 -0.575053
vn 0.480151 0.331166 -0.812271
vn 0.420967 0.000000 -0.907076
vn 0.818116 0.000000 -0.575053
vn 0.821953 0.331182 -0.463370
vn 0.480151 0.331166 -0.812271
vn 0.996035 0.000000 -0.088963
vn 0.821953 0.331182 -0.463370
vn 0.818116 0.000000 -0.575053
vn 0.996035 0.000000 -0.088963
vn 0.943517 0.331183 0.009690
vn 0.821953 0.331182 -0.463370
vn 0.907074 0.000000 0.420971
vn 0.943517 0.331183 0.009690
vn 0.996035 0.000000 -0.088963
vn 0.907074 0.000000 0.420971
vn 0.812270 0.331183 0.480141
vn 0.943517 0.331183 0.009690
vn 0.812270 0.331183 0.480141
vn 0.781551 0.619923 0.069807
vn 0.943517 0.331183 0.009690
vn 0.812270 0.331183 0.480141
vn 0.641943 0.619924 0.451224
vn 0.781551 0.619923 0.069807
vn 0.463366 0.331179 0.821957
vn 0.641943 0.619924 0.451224
vn 0.812270 0.331183 0.480141
vn 0.463366 0.331179 0.821957
vn 0.330322 0.619920 0.711748
vn 0.641943 0.619924 0.451224
vn 0.234222 0.425418 0.874162
vn 0.330322 0.619920 0.711748
vn 0.463366 0.331179 0.821957
vn 0.234222 0.425418 0.874162
vn 0.205455 0.608199 0.766735
vn 0.330322 0.619920 0.711748
vn 0.575065 0.000000 0.818108
vn 0.812270 0.331183 0.480141
vn 0.907074 0.000000 0.420971
vn 0.575065 0.000000 0.818108
vn 0.463366 0.331179 0.821957
vn 0.812270 0.331183 0.480141
vn 0.258801 0.000000 0.965931
vn 0.463366 0.331179 0.821957
vn 0.575065 0.000000 0.818108
vn 0.258801 0.000000 0.965931
vn 0.234222 0.425418 0.874162
vn 0.463366 0.331179 0.821957
vn 0.002559 -0.999981 -0.005514
vn 0.001622 -0.999980 -0.006055
vn 0.001622 -0.999980 -0.006055
vn 0.002559 -0.999981 -0.005514
vn 0.003496 -0.999982 -0.004973
vn 0.001622 -0.999980 -0.006055
vn 0.004973 -0.999982 -0.003496
vn 0.003496 -0.999982 -0.004973
vn 0.002559 -0.999981 -0.005514
vn 0.004973 -0.999982 -0.003496
vn 0.005514 -0.999981 -0.002559
vn 0.003496 -0.999982 -0.004973
vn 0.006055 -0.999981 -0.000541
vn 0.005514 -0.999981 -0.002559
vn 0.004973 -0.999982 -0.003496
vn 0.006055 -0.999981 -0.000541
vn 0.006055 -0.999981 0.000541
vn 0.005514 -0.999981 -0.002559
vn 0.005514 -0.999981 0.002559
vn 0.006055 -0.999981 0.000541
vn 0.006055 -0.999981 -0.000541
vn 0.005514 -0.999981 0.002559
vn 0.004973 -0.999982 0.003496
vn 0.006055 -0.999981 0.000541
vn 0.003496 -0.999982 0.004973
vn 0.004973 -0.999982 0.003496
vn 0.005514 -0.999981 0.002559
vn 0.003496 -0.999982 0.004973
vn 0.002559 -0.999981 0.005514
vn 0.004973 -0.999982 0.003496
vn 0.001622 -0.999980 0.006055
vn 0.002559 -0.999981 0.005514
vn 0.003496 -0.999982 0.004973
vn 0.001622 -0.999980 0.006055
vn 0.001622 -0.999980 0.006055
vn 0.002559 -0.999981 0.005514
vn 0.420967 0.000000 -0.907076
vn 0.247680 0.290165 -0.924369
vn 0.258817 0.000000 -0.965927
vn 0.420967 0.000000 -0.907076
vn 0.548851 0.298416 -0.780840
vn 0.247680 0.290165 -0.924369
vn 0.346712 0.567166 -0.747070
vn 0.247680 0.290165 -0.924369
vn 0.548851 0.298416 -0.780840
vn 0.346712 0.567166 -0.747070
vn 0.215229 0.555359 -0.803277
vn 0.247680 0.290165 -0.924369
vn 0.818105 0.000000 -0.575068
vn 0.548851 0.298416 -0.780840
vn 0.420967 0.000000 -0.907076
vn 0.818105 0.000000 -0.575068
vn 0.865744 0.298413 -0.401793
vn 0.548851 0.298416 -0.780840
vn 0.673800 0.567162 -0.473626
vn 0.548851 0.298416 -0.780840
vn 0.865744 0.298413 -0.401793
vn 0.673800 0.567162 -0.473626
vn 0.346712 0.567166 -0.747070
vn 0.548851 0.298416 -0.780840
vn 0.996036 0.000000 -0.088957
vn 0.865744 0.298413 -0.401793
vn 0.818105 0.000000 -0.575068
vn 0.996036 0.000000 -0.088957
vn 0.950652 0.298414 0.084909
vn 0.865744 0.298413 -0.401793
vn 0.820343 0.567159 -0.073267
vn 0.865744 0.298413 -0.401793
vn 0.950652 0.298414 0.084909
vn 0.820343 0.567159 -0.073267
vn 0.673800 0.567162 -0.473626
vn 0.865744 0.298413 -0.401793
vn 0.907073 0.000000 0.420972
vn 0.950652 0.298414 0.084909
vn 0.996036 0.000000 -0.088957
vn 0.907073 0.000000 0.420972
vn 0.780834 0.298420 0.548858
vn 0.950652 0.298414 0.084909
vn 0.747070 0.567166 0.346712
vn 0.950652 0.298414 0.084909
vn 0.780834 0.298420 0.548858
vn 0.747070 0.567166 0.346712
vn 0.820343 0.567159 -0.073267
vn 0.950652 0.298414 0.084909
vn 0.575060 0.000000 0.818111
vn 0.780834 0.298420 0.548858
vn 0.907073 0.000000 0.420972
vn 0.575060 0.000000 0.818111
vn 0.401792 0.298422 0.865741
vn 0.780834 0.298420 0.548858
vn 0.473623 0.567170 0.673795
vn 0.780834 0.298420 0.548858
vn 0.401792 0.298422 0.865741
vn 0.473623 0.567170 0.673795
vn 0.747070 0.567166 0.346712
vn 0.780834 0.298420 0.548858
vn 0.258817 0.000000 0.965927
vn 0.401792 0.298422 0.865741
vn 0.575060 0.000000 0.818111
vn 0.258817 0.000000 0.965927
vn 0.247681 0.290176 0.924366
vn 0.401792 0.298422 0.865741
vn 0.215237 0.555374 0.803264
vn 0.401792 0.298422 0.865741
vn 0.247681 0.290176 0.924366
vn 0.215237 0.555374 0.803264
vn 0.473623 0.567170 0.673795
vn 0.401792 0.298422 0.865741
vn 0.000726 -0.999999 -0.001564
vn 0.000460 -0.999999 -0.001718
vn 0.000460 -0.999998 -0.001718
vn 0.000726 -0.999999 -0.001564
vn 0.000460 -0.999998 -0.001718
vn 0.000992 -0.999999 -0.001411
vn 0.001411 -0.999999 -0.000992
vn 0.000726 -0.999999 -0.001564
vn 0.000992 -0.999999 -0.001411
vn 0.001411 -0.999999 -0.000992
vn 0.000992 -0.999999 -0.001411
vn 0.001564 -0.999999 -0.000726
vn 0.001718 -0.999999 -0.000153
vn 0.001411 -0.999999 -0.000992
vn 0.001564 -0.999999 -0.000726
vn 0.001718 -0.999999 -0.000153
vn 0.001564 -0.999999 -0.000726
vn 0.001718 -0.999999 0.000153
vn 0.001564 -0.999999 0.000726
vn 0.001718 -0.999999 -0.000153
vn 0.001718 -0.999999 0.000153
vn 0.001564 -0.999999 0.000726
vn 0.001718 -0.999999 0.000153
vn 0.001411 -0.999999 0.000992
vn 0.000992 -0.999999 0.001411
vn 0.001564 -0.999999 0.000726
vn 0.001411 -0.999999 0.000992
vn 0.000992 -0.999999 0.001411
vn 0.001411 -0.999999 0.000992
vn 0.000726 -0.999999 0.001564
vn 0.000460 -0.999998 0.001718
vn 0.000992 -0.999999 0.001411
vn 0.000726 -0.999999 0.001564
vn 0.000460 -0.999998 0.001718
vn 0.000726 -0.999999 0.001564
vn 0.000460 -0.999999 0.001718
vn 0.255242 0.165360 0.952632
vn 0.420959 0.000000 0.907080
vn 0.258805 0.000000 0.965930
vn 0.255242 0.165360 0.952632
vn 0.488103 0.257150 0.834044
vn 0.420959 0.000000 0.907080
vn 0.488103 0.257150 0.834044
vn 0.818106 0.000000 0.575067
vn 0.420959 0.000000 0.907080
vn 0.488103 0.257150 0.834044
vn 0.839745 0.257138 0.478235
vn 0.818106 0.000000 0.575067
vn 0.839745 0.257138 0.478235
vn 0.996036 0.000000 0.088955
vn 0.818106 0.000000 0.575067
vn 0.839745 0.257138 0.478235
vn 0.966356 0.257145 -0.005695
vn 0.996036 0.000000 0.088955
vn 0.966356 0.257145 -0.005695
vn 0.907073 0.000000 -0.420973
vn 0.996036 0.000000 0.088955
vn 0.253619 0.199284 0.946553
vn 0.488103 0.257150 0.834044
vn 0.255242 0.165360 0.952632
vn 0.253619 0.199284 0.946553
vn 0.562822 0.205233 0.800694
vn 0.488103 0.257150 0.834044
vn 0.562822 0.205233 0.800694
vn 0.839745 0.257138 0.478235
vn 0.488103 0.257150 0.834044
vn 0.562822 0.205233 0.800694
vn 0.887764 0.205230 0.412013
vn 0.839745 0.257138 0.478235
vn 0.887764 0.205230 0.412013
vn 0.966356 0.257145 -0.005695
vn 0.839745 0.257138 0.478235
vn 0.887764 0.205230 0.412013
vn 0.974831 0.205240 -0.087065
vn 0.966356 0.257145 -0.005695
vn 0.974831 0.205240 -0.087065
vn 0.834030 0.257144 -0.488130
vn 0.966356 0.257145 -0.005695
vn 0.966356 0.257145 -0.005695
vn 0.834030 0.257144 -0.488130
vn 0.907073 0.000000 -0.420973
vn 0.834030 0.257144 -0.488130
vn 0.575042 0.000000 -0.818124
vn 0.907073 0.000000 -0.420973
vn 0.834030 0.257144 -0.488130
vn 0.478233 0.257143 -0.839745
vn 0.575042 0.000000 -0.818124
vn 0.478233 0.257143 -0.839745
vn 0.258833 0.000000 -0.965922
vn 0.575042 0.000000 -0.818124
vn 0.253619 0.199284 0.946553
vn 0.444704 -0.190238 0.875242
vn 0.562822 0.205233 0.800694
vn 0.562822 0.205233 0.800694
vn 0.444704 -0.190238 0.875242
vn 0.832511 -0.203899 0.515121
vn 0.562822 0.205233 0.800694
vn 0.832511 -0.203899 0.515121
vn 0.887764 0.205230 0.412013
vn 0.887764 0.205230 0.412013
vn 0.832511 -0.203899 0.515121
vn 0.978258 -0.205854 -0.025195
vn 0.887764 0.205230 0.412013
vn 0.978258 -0.205854 -0.025195
vn 0.974831 0.205240 -0.087065
vn 0.974831 0.205240 -0.087065
vn 0.978258 -0.205854 -0.025195
vn 0.875236 -0.190235 -0.444716
vn 0.974831 0.205240 -0.087065
vn 0.875236 -0.190235 -0.444716
vn 0.800686 0.205232 -0.562833
vn 0.974831 0.205240 -0.087065
vn 0.800686 0.205232 -0.562833
vn 0.834030 0.257144 -0.488130
vn 0.800686 0.205232 -0.562833
vn 0.478233 0.257143 -0.839745
vn 0.834030 0.257144 -0.488130
vn 0.253619 0.199284 0.946553
vn 0.305038 -0.234217 0.923090
vn 0.444704 -0.190238 0.875242
vn 0.305038 -0.234217 0.923090
vn 0.573522 -0.344708 0.743135
vn 0.444704 -0.190238 0.875242
vn 0.444704 -0.190238 0.875242
vn 0.573522 -0.344708 0.743135
vn 0.832511 -0.203899 0.515121
vn 0.832511 -0.203899 0.515121
vn 0.573522 -0.344708 0.743135
vn 0.929619 -0.350712 0.113183
vn 0.832511 -0.203899 0.515121
vn 0.929619 -0.350712 0.113183
vn 0.978258 -0.205854 -0.025195
vn 0.978258 -0.205854 -0.025195
vn 0.929619 -0.350712 0.113183
vn 0.743119 -0.344711 -0.573540
vn 0.978258 -0.205854 -0.025195
vn 0.743119 -0.344711 -0.573540
vn 0.875236 -0.190235 -0.444716
vn 0.875236 -0.190235 -0.444716
vn 0.743119 -0.344711 -0.573540
vn 0.515121 -0.203904 -0.832511
vn 0.800686 0.205232 -0.562833
vn 0.875236 -0.190235 -0.444716
vn 0.515121 -0.203904 -0.832511
vn 0.800686 0.205232 -0.562833
vn 0.515121 -0.203904 -0.832511
vn 0.412017 0.205242 -0.887760
vn 0.800686 0.205232 -0.562833
vn 0.412017 0.205242 -0.887760
vn 0.478233 0.257143 -0.839745
vn 0.305038 -0.234217 0.923090
vn 0.399675 -0.314052 0.861180
vn 0.573522 -0.344708 0.743135
vn 0.573522 -0.344708 0.743135
vn 0.399675 -0.314052 0.861180
vn 0.337505 -0.597599 0.727301
vn 0.573522 -0.344708 0.743135
vn 0.337505 -0.597599 0.727301
vn 0.576923 -0.664253 0.475318
vn 0.929619 -0.350712 0.113183
vn 0.573522 -0.344708 0.743135
vn 0.576923 -0.664253 0.475318
vn 0.929619 -0.350712 0.113183
vn 0.576923 -0.664253 0.475318
vn 0.731418 -0.676019 -0.089593
vn 0.743119 -0.344711 -0.573540
vn 0.929619 -0.350712 0.113183
vn 0.731418 -0.676019 -0.089593
vn 0.743119 -0.344711 -0.573540
vn 0.731418 -0.676019 -0.089593
vn 0.475276 -0.664249 -0.576962
vn 0.358801 -0.334225 -0.871525
vn 0.743119 -0.344711 -0.573540
vn 0.475276 -0.664249 -0.576962
vn 0.515121 -0.203904 -0.832511
vn 0.743119 -0.344711 -0.573540
vn 0.358801 -0.334225 -0.871525
vn 0.515121 -0.203904 -0.832511
vn 0.358801 -0.334225 -0.871525
vn 0.255462 -0.160823 -0.953349
vn 0.412017 0.205242 -0.887760
vn 0.515121 -0.203904 -0.832511
vn 0.255462 -0.160823 -0.953349
vn 0.576923 -0.664253 0.475318
vn 0.337505 -0.597599 0.727301
vn 0.253702 -0.967282 -0.000009
vn 0.731418 -0.676019 -0.089593
vn 0.576923 -0.664253 0.475318
vn 0.253702 -0.967282 -0.000009
vn 0.475276 -0.664249 -0.576962
vn 0.731418 -0.676019 -0.089593
vn 0.253702 -0.967282 -0.000009
vn 0.297912 -0.706431 -0.642031
vn 0.475276 -0.664249 -0.576962
vn 0.253702 -0.967282 -0.000009
vn 0.358801 -0.334225 -0.871525
vn 0.475276 -0.664249 -0.576962
vn 0.297912 -0.706431 -0.642031
vn 0.412017 0.205242 -0.887760
vn 0.255462 -0.160823 -0.953349
vn 0.253647 0.199289 -0.946545
vn 0.412017 0.205242 -0.887760
vn 0.253647 0.199289 -0.946545
vn 0.244270 0.330715 -0.911570
vn 0.412017 0.205242 -0.887760
vn 0.244270 0.330715 -0.911570
vn 0.478233 0.257143 -0.839745
vn 0.478233 0.257143 -0.839745
vn 0.244270 0.330715 -0.911570
vn 0.258833 0.000000 -0.965922
vn 0.005815 -0.999905 -0.012529
vn 0.003687 -0.999899 -0.013758
vn 0.003687 -0.999899 -0.013758
vn 0.005815 -0.999905 -0.012529
vn 0.003687 -0.999899 -0.013758
vn 0.007943 -0.999905 -0.011300
vn 0.011300 -0.999905 -0.007943
vn 0.005815 -0.999905 -0.012529
vn 0.007943 -0.999905 -0.011300
vn 0.011300 -0.999905 -0.007943
vn 0.007943 -0.999905 -0.011300
vn 0.012529 -0.999905 -0.005815
vn 0.013758 -0.999905 -0.001229
vn 0.011300 -0.999905 -0.007943
vn 0.012529 -0.999905 -0.005815
vn 0.013758 -0.999905 -0.001229
vn 0.012529 -0.999905 -0.005815
vn 0.013758 -0.999905 0.001229
vn 0.012529 -0.999905 0.005815
vn 0.013758 -0.999905 -0.001229
vn 0.013758 -0.999905 0.001229
vn 0.012529 -0.999905 0.005815
vn 0.013758 -0.999905 0.001229
vn 0.011300 -0.999905 0.007943
vn 0.007943 -0.999905 0.011300
vn 0.012529 -0.999905 0.005815
vn 0.011300 -0.999905 0.007943
vn 0.007943 -0.999905 0.011300
vn 0.011300 -0.999905 0.007943
vn 0.005815 -0.999905 0.012529
vn 0.003686 -0.999899 0.013758
vn 0.007943 -0.999905 0.011300
vn 0.005815 -0.999905 0.012529
vn 0.003686 -0.999899 0.013758
vn 0.005815 -0.999905 0.012529
vn 0.003686 -0.999899 0.013758
vn 0.002961 0.999975 0.006381
vn 0.001877 0.999974 0.007006
vn 0.001877 0.999974 0.007007
vn 0.002961 0.999975 0.006381
vn 0.001877 0.999974 0.007007
vn 0.004045 0.999975 0.005755
vn 0.005755 0.999975 0.004045
vn 0.002961 0.999975 0.006381
vn 0.004045 0.999975 0.005755
vn 0.005755 0.999975 0.004045
vn 0.004045 0.999975 0.005755
vn 0.006380 0.999975 0.002961
vn 0.007006 0.999975 0.000626
vn 0.005755 0.999975 0.004045
vn 0.006380 0.999975 0.002961
vn 0.007006 0.999975 0.000626
vn 0.006380 0.999975 0.002961
vn 0.007006 0.999975 -0.000626
vn 0.006381 0.999975 -0.002961
vn 0.007006 0.999975 0.000626
vn 0.007006 0.999975 -0.000626
vn 0.006381 0.999975 -0.002961
vn 0.007006 0.999975 -0.000626
vn 0.005755 0.999975 -0.004045
vn 0.004045 0.999975 -0.005755
vn 0.006381 0.999975 -0.002961
vn 0.005755 0.999975 -0.004045
vn 0.004045 0.999975 -0.005755
vn 0.005755 0.999975 -0.004045
vn 0.002961 0.999975 -0.006381
vn 0.001877 0.999974 -0.007006
vn 0.004045 0.999975 -0.005755
vn 0.002961 0.999975 -0.006381
vn 0.001877 0.999974 -0.007006
vn 0.002961 0.999975 -0.006381
vn 0.001877 0.999974 -0.007006
vn 0.246607 -0.303598 0.920333
vn 0.238488 -0.388551 0.890029
vn 0.386062 -0.398761 0.831833
vn 0.246607 -0.303598 0.920333
vn 0.386062 -0.398761 0.831833
vn 0.546329 -0.312155 0.777229
vn 0.246607 -0.303598 0.920333
vn 0.546329 -0.312155 0.777229
vn 0.415225 -0.163827 0.894846
vn 0.246607 -0.303598 0.920333
vn 0.415225 -0.163827 0.894846
vn 0.255604 -0.157147 0.953924
vn 0.258756 -0.022216 0.965687
vn 0.255604 -0.157147 0.953924
vn 0.415225 -0.163827 0.894846
vn 0.258756 -0.022216 0.965687
vn 0.415225 -0.163827 0.894846
vn 0.500060 0.010863 0.865923
vn 0.252048 0.227129 0.940683
vn 0.258756 -0.022216 0.965687
vn 0.500060 0.010863 0.865923
vn 0.546329 -0.312155 0.777229
vn 0.386062 -0.398761 0.831833
vn 0.750253 -0.398764 0.527359
vn 0.546329 -0.312155 0.777229
vn 0.750253 -0.398764 0.527359
vn 0.861747 -0.312155 0.399940
vn 0.546329 -0.312155 0.777229
vn 0.861747 -0.312155 0.399940
vn 0.805992 -0.170928 0.566710
vn 0.546329 -0.312155 0.777229
vn 0.805992 -0.170928 0.566710
vn 0.415225 -0.163827 0.894846
vn 0.500060 0.010863 0.865923
vn 0.415225 -0.163827 0.894846
vn 0.805992 -0.170928 0.566710
vn 0.500060 0.010863 0.865923
vn 0.805992 -0.170928 0.566710
vn 0.884445 0.012426 0.466478
vn 0.534420 0.209813 0.818763
vn 0.500060 0.010863 0.865923
vn 0.884445 0.012426 0.466478
vn 0.252048 0.227129 0.940683
vn 0.500060 0.010863 0.865923
vn 0.534420 0.209813 0.818763
vn 0.471895 0.331356 0.817018
vn 0.252048 0.227129 0.940683
vn 0.534420 0.209813 0.818763
vn 0.244923 0.323120 0.914115
vn 0.252048 0.227129 0.940683
vn 0.471895 0.331356 0.817018
vn 0.861747 -0.312155 0.399940
vn 0.750253 -0.398764 0.527359
vn 0.913416 -0.398768 0.081586
vn 0.861747 -0.312155 0.399940
vn 0.913416 -0.398768 0.081586
vn 0.946264 -0.312155 -0.084515
vn 0.861747 -0.312155 0.399940
vn 0.946264 -0.312155 -0.084515
vn 0.979520 -0.181258 0.087670
vn 0.861747 -0.312155 0.399940
vn 0.979520 -0.181258 0.087670
vn 0.805992 -0.170928 0.566710
vn 0.884445 0.012426 0.466478
vn 0.805992 -0.170928 0.566710
vn 0.979520 -0.181258 0.087670
vn 0.884445 0.012426 0.466478
vn 0.979520 -0.181258 0.087670
vn 0.997355 -0.049539 -0.053193
vn 0.980156 0.194879 0.036275
vn 0.884445 0.012426 0.466478
vn 0.997355 -0.049539 -0.053193
vn 0.980156 0.194879 0.036275
vn 0.813366 0.243978 0.528119
vn 0.884445 0.012426 0.466478
vn 0.534420 0.209813 0.818763
vn 0.884445 0.012426 0.466478
vn 0.813366 0.243978 0.528119
vn 0.471895 0.331356 0.817018
vn 0.534420 0.209813 0.818763
vn 0.813366 0.243978 0.528119
vn 0.471895 0.331356 0.817018
vn 0.813366 0.243978 0.528119
vn 0.858285 0.323880 0.398055
vn 0.946264 -0.312155 -0.084515
vn 0.913416 -0.398768 0.081586
vn 0.831832 -0.398767 -0.386057
vn 0.946264 -0.312155 -0.084515
vn 0.831832 -0.398767 -0.386057
vn 0.777226 -0.312154 -0.546332
vn 0.946264 -0.312155 -0.084515
vn 0.777226 -0.312154 -0.546332
vn 0.890270 -0.192019 -0.412976
vn 0.946264 -0.312155 -0.084515
vn 0.890270 -0.192019 -0.412976
vn 0.979520 -0.181258 0.087670
vn 0.997355 -0.049539 -0.053193
vn 0.979520 -0.181258 0.087670
vn 0.890270 -0.192019 -0.412976
vn 0.997355 -0.049539 -0.053193
vn 0.890270 -0.192019 -0.412976
vn 0.865517 -0.042703 -0.499055
vn 0.980156 0.194879 0.036275
vn 0.997355 -0.049539 -0.053193
vn 0.865517 -0.042703 -0.499055
vn 0.980156 0.194879 0.036275
vn 0.865517 -0.042703 -0.499055
vn 0.847921 0.197225 -0.492070
vn 0.944780 0.316576 -0.084680
vn 0.980156 0.194879 0.036275
vn 0.847921 0.197225 -0.492070
vn 0.858285 0.323880 0.398055
vn 0.980156 0.194879 0.036275
vn 0.944780 0.316576 -0.084680
vn 0.858285 0.323880 0.398055
vn 0.813366 0.243978 0.528119
vn 0.980156 0.194879 0.036275
vn 0.777226 -0.312154 -0.546332
vn 0.831832 -0.398767 -0.386057
vn 0.527361 -0.398763 -0.750253
vn 0.777226 -0.312154 -0.546332
vn 0.527361 -0.398763 -0.750253
vn 0.399938 -0.312153 -0.861748
vn 0.777226 -0.312154 -0.546332
vn 0.399938 -0.312153 -0.861748
vn 0.563494 -0.200341 -0.801460
vn 0.777226 -0.312154 -0.546332
vn 0.563494 -0.200341 -0.801460
vn 0.890270 -0.192019 -0.412976
vn 0.865517 -0.042703 -0.499055
vn 0.890270 -0.192019 -0.412976
vn 0.563494 -0.200341 -0.801460
vn 0.865517 -0.042703 -0.499055
vn 0.563494 -0.200341 -0.801460
vn 0.499781 -0.056836 -0.864285
vn 0.847921 0.197225 -0.492070
vn 0.865517 -0.042703 -0.499055
vn 0.499781 -0.056836 -0.864285
vn 0.847921 0.197225 -0.492070
vn 0.499781 -0.056836 -0.864285
vn 0.489263 0.188464 -0.851530
vn 0.777800 0.309514 -0.547018
vn 0.847921 0.197225 -0.492070
vn 0.489263 0.188464 -0.851530
vn 0.944780 0.316576 -0.084680
vn 0.847921 0.197225 -0.492070
vn 0.777800 0.309514 -0.547018
vn 0.399938 -0.312153 -0.861748
vn 0.527361 -0.398763 -0.750253
vn 0.238490 -0.388544 -0.890031
vn 0.399938 -0.312153 -0.861748
vn 0.238490 -0.388544 -0.890031
vn 0.246600 -0.303598 -0.920335
vn 0.399938 -0.312153 -0.861748
vn 0.246600 -0.303598 -0.920335
vn 0.253690 -0.198128 -0.946777
vn 0.399938 -0.312153 -0.861748
vn 0.253690 -0.198128 -0.946777
vn 0.563494 -0.200341 -0.801460
vn 0.499781 -0.056836 -0.864285
vn 0.563494 -0.200341 -0.801460
vn 0.253690 -0.198128 -0.946777
vn 0.499781 -0.056836 -0.864285
vn 0.253690 -0.198128 -0.946777
vn 0.258764 -0.019244 -0.965749
vn 0.489263 0.188464 -0.851530
vn 0.499781 -0.056836 -0.864285
vn 0.258764 -0.019244 -0.965749
vn 0.489263 0.188464 -0.851530
vn 0.258764 -0.019244 -0.965749
vn 0.252554 0.218517 -0.942585
vn 0.400823 0.304702 -0.864001
vn 0.489263 0.188464 -0.851530
vn 0.252554 0.218517 -0.942585
vn 0.777800 0.309514 -0.547018
vn 0.489263 0.188464 -0.851530
vn 0.400823 0.304702 -0.864001
vn 0.400823 0.304702 -0.864001
vn 0.252554 0.218517 -0.942585
vn 0.247284 0.295052 -0.922927
vn 0.000000 1.000000 0.000000
vn 0.000000 1.000000 0.000000
vn 0.000000 1.000000 0.000000
vn 0.000000 1.000000 0.000000
vn 0.000000 1.000000 0.000000
vn 0.000000 1.000000 0.000000
vn 0.000000 1.000000 0.000000
vn 0.000000 1.000000 0.000000
vn 0.000000 1.000000 0.000000
vn 0.000000 1.000000 0.000000
vn 0.000000 1.000000 0.000000
vn 0.000000 1.000000 0.000000
vn 0.000000 1.000000 0.000000
vn 0.000000 1.000000 0.000000
vn 0.000000 1.000000 0.000000
vn 0.000000 1.000000 0.000000
vn 0.000000 1.000000 0.000000
vn 0.000000 1.000000 0.000000
vn 0.000000 1.000000 0.000000
vn 0.000000 1.000000 0.000000
vn 0.000000 1.000000 0.000000
vn 0.000000 1.000000 0.000000
vn 0.000000 1.000000 0.000000
vn 0.000000 1.000000 0.000000
vn 0.000000 1.000000 0.000000
vn 0.000000 1.000000 0.000000
vn 0.000000 1.000000 0.000000
vn 0.000000 1.000000 0.000000
vn 0.000000 1.000000 0.000000
vn 0.000000 1.000000 0.000000
vn 0.000000 1.000000 0.000000
vn 0.000000 1.000000 0.000000
vn 0.000000 1.000000 0.000000
vn 0.000000 1.000000 0.000000
vn 0.000000 1.000000 0.000000
vn 0.000000 1.000000 0.000000
vn 0.381793 0.421297 -0.822644
vn 0.235982 0.410739 -0.880685
vn 0.235978 0.410742 -0.880685
vn 0.381793 0.421297 -0.822644
vn 0.521539 0.421294 -0.741963
vn 0.235982 0.410739 -0.880685
vn 0.741964 0.421294 -0.521537
vn 0.521539 0.421294 -0.741963
vn 0.381793 0.421297 -0.822644
vn 0.741964 0.421294 -0.521537
vn 0.822644 0.421296 -0.381793
vn 0.521539 0.421294 -0.741963
vn 0.903326 0.421299 -0.080684
vn 0.822644 0.421296 -0.381793
vn 0.741964 0.421294 -0.521537
vn 0.903326 0.421299 -0.080684
vn 0.903326 0.421299 0.080682
vn 0.822644 0.421296 -0.381793
vn 0.822644 0.421297 0.381793
vn 0.903326 0.421299 0.080682
vn 0.903326 0.421299 -0.080684
vn 0.822644 0.421297 0.381793
vn 0.741964 0.421296 0.521535
vn 0.903326 0.421299 0.080682
vn 0.521544 0.421301 0.741956
vn 0.741964 0.421296 0.521535
vn 0.822644 0.421297 0.381793
vn 0.521544 0.421301 0.741956
vn 0.381801 0.421303 0.822637
vn 0.741964 0.421296 0.521535
vn 0.235991 0.410745 0.880680
vn 0.381801 0.421303 0.822637
vn 0.521544 0.421301 0.741956
vn 0.235991 0.410745 0.880680
vn 0.235986 0.410741 0.880683
vn 0.381801 0.421303 0.822637
vn 0.000000 1.000000 0.000000
vn 0.000000 1.000000 0.000000
vn 0.000000 1.000000 0.000000
vn 0.000000 1.000000 0.000000
vn 0.000000 1.000000 0.000000
vn 0.000000 1.000000 0.000000
vn 0.000000 1.000000 0.000000
vn 0.000000 1.000000 0.000000
vn 0.000000 1.000000 0.000000
vn 0.000000 1.000000 0.000000
vn 0.000000 1.000000 0.000000
vn 0.000000 1.000000 0.000000
vn 0.000000 1.000000 0.000000
vn 0.000000 1.000000 0.000000
vn 0.000000 1.000000 0.000000
vn 0.000000 1.000000 0.000000
vn 0.000000 1.000000 0.000000
vn 0.000000 1.000000 0.000000
vn 0.000000 1.000000 0.000000
vn 0.000000 1.000000 0.000000
vn 0.000000 1.000000 0.000000
vn 0.000000 1.000000 0.000000
vn 0.000000 1.000000 0.000000
vn 0.000000 1.000000 0.000000
vn 0.000000 1.000000 0.000000
vn 0.000000 1.000000 0.000000
vn 0.000000 1.000000 0.000000
vn 0.000000 1.000000 0.000000
vn 0.000000 1.000000 0.000000
vn 0.000000 1.000000 0.000000
vn 0.000000 1.000000 0.000000
vn 0.000000 1.000000 0.000000
vn 0.000000 1.000000 0.000000
vn 0.000000 1.000000 0.000000
vn 0.000000 1.000000 0.000000
vn 0.000000 1.000000 0.000000
vn -0.420970 0.000000 0.907075
vn -0.258829 0.000000 0.965923
vn -0.258829 0.000000 0.965923
vn -0.420970 0.000000 0.907075
vn -0.575044 0.000000 0.818123
vn -0.258829 0.000000 0.965923
vn -0.818100 0.000000 0.575076
vn -0.575044 0.000000 0.818123
vn -0.420970 0.000000 0.907075
vn -0.818100 0.000000 0.575076
vn -0.907074 0.000000 0.420972
vn -0.575044 0.000000 0.818123
vn -0.996036 0.000000 0.088953
vn -0.907074 0.000000 0.420972
vn -0.818100 0.000000 0.575076
vn -0.996036 0.000000 0.088953
vn -0.996035 0.000000 -0.088959
vn -0.907074 0.000000 0.420972
vn -0.907077 0.000000 -0.420965
vn -0.996035 0.000000 -0.088959
vn -0.996036 0.000000 0.088953
vn -0.907077 0.000000 -0.420965
vn -0.818113 0.000000 -0.575057
vn -0.996035 0.000000 -0.088959
vn -0.575064 0.000000 -0.818108
vn -0.818113 0.000000 -0.575057
vn -0.907077 0.000000 -0.420965
vn -0.575064 0.000000 -0.818108
vn -0.420980 0.000000 -0.907070
vn -0.818113 0.000000 -0.575057
vn -0.258829 0.000000 -0.965923
vn -0.420980 0.000000 -0.907070
vn -0.575064 0.000000 -0.818108
vn -0.258829 0.000000 -0.965923
vn -0.258829 0.000000 -0.965923
vn -0.420980 0.000000 -0.907070
vn -0.098233 0.978418 0.181791
vn -0.057221 0.975256 0.213544
vn -0.069353 0.978434 0.194570
vn -0.098233 0.978418 0.181791
vn -0.069353 0.978434 0.194570
vn -0.157943 0.980158 0.119772
vn -0.169087 0.980269 0.102382
vn -0.098233 0.978418 0.181791
vn -0.157943 0.980158 0.119772
vn -0.201315 0.979059 0.030267
vn -0.169087 0.980269 0.102382
vn -0.157943 0.980158 0.119772
vn -0.201315 0.979059 0.030267
vn -0.157943 0.980158 0.119772
vn -0.198319 0.980054 -0.012753
vn -0.178266 0.979263 -0.096259
vn -0.201315 0.979059 0.030267
vn -0.198319 0.980054 -0.012753
vn -0.178266 0.979263 -0.096259
vn -0.198319 0.980054 -0.012753
vn -0.117405 0.980937 -0.154851
vn -0.100300 0.981024 -0.165926
vn -0.178266 0.979263 -0.096259
vn -0.117405 0.980937 -0.154851
vn -0.071959 0.978575 -0.192906
vn -0.100300 0.981024 -0.165926
vn -0.117405 0.980937 -0.154851
vn -0.071959 0.978575 -0.192906
vn -0.117405 0.980937 -0.154851
vn -0.095888 0.973710 -0.206627
vn 0.393870 0.352975 -0.848690
vn 0.243052 0.343582 -0.907126
vn 0.243048 0.343585 -0.907126
vn 0.393870 0.352975 -0.848690
vn 0.538045 0.352973 -0.765453
vn 0.243052 0.343582 -0.907126
vn 0.765452 0.352973 -0.538045
vn 0.538045 0.352973 -0.765453
vn 0.393870 0.352975 -0.848690
vn 0.765452 0.352973 -0.538045
vn 0.848689 0.352972 -0.393874
vn 0.538045 0.352973 -0.765453
vn 0.931925 0.352970 -0.083235
vn 0.848689 0.352972 -0.393874
vn 0.765452 0.352973 -0.538045
vn 0.931925 0.352970 -0.083235
vn 0.931925 0.352969 0.083235
vn 0.848689 0.352972 -0.393874
vn 0.848690 0.352967 0.393878
vn 0.931925 0.352969 0.083235
vn 0.931925 0.352970 -0.083235
vn 0.848690 0.352967 0.393878
vn 0.765455 0.352969 0.538045
vn 0.931925 0.352969 0.083235
vn 0.538044 0.352974 0.765453
vn 0.765455 0.352969 0.538045
vn 0.848690 0.352967 0.393878
vn 0.538044 0.352974 0.765453
vn 0.393871 0.352980 0.848688
vn 0.765455 0.352969 0.538045
vn 0.243047 0.343585 0.907126
vn 0.393871 0.352980 0.848688
vn 0.538044 0.352974 0.765453
vn 0.243047 0.343585 0.907126
vn 0.243047 0.343585 0.907126
vn 0.393871 0.352980 0.848688
vn -0.000044 -0.827989 -0.560744
vn -0.000090 -0.845420 -0.534102
vn -0.000090 -0.863203 -0.504857
vn 0.597747 0.243337 -0.763862
vn 0.394592 0.348404 -0.850242
vn 0.702100 0.376847 -0.604187
vn 0.960936 0.214948 0.174351
vn 0.961627 0.200722 0.187040
vn 0.953220 0.227101 0.199491
vn 0.960936 0.214948 0.174351
vn 0.965501 0.187454 0.180745
vn 0.961627 0.200722 0.187040
vn 0.965501 0.187454 0.180745
vn 0.961959 0.172061 0.212202
vn 0.961627 0.200722 0.187040
vn 0.000000 -0.928455 -0.371444
vn 0.000000 -0.941080 -0.338184
vn 0.000000 -0.945026 -0.326996
vn 0.000000 -0.945026 -0.326996
vn 0.000000 -0.941080 -0.338184
vn 0.000000 -0.952514 -0.304496
vn 0.000000 -0.945026 -0.326996
vn 0.000000 -0.952514 -0.304496
vn 0.000000 -0.952514 -0.304496
vn 0.597747 0.243337 -0.763862
vn 0.409620 0.230929 -0.882543
vn 0.394592 0.348404 -0.850242
vn -0.000044 -0.827989 -0.560744
vn 0.000000 -0.828648 -0.559771
vn -0.000090 -0.845420 -0.534102
vn 0.959727 0.222283 0.171795
vn 0.963716 0.179070 0.197954
vn 0.959629 0.192877 0.204722
vn 0.959727 0.222283 0.171795
vn 0.959629 0.192877 0.204722
vn 0.952544 0.247200 0.177627
vn 0.952544 0.247200 0.177627
vn 0.952606 0.260424 0.157230
vn 0.959727 0.222283 0.171795
vn 0.952544 0.247200 0.177627
vn 0.945546 0.270369 0.181226
vn 0.952606 0.260424 0.157230
vn 0.763856 0.243341 0.597753
vn 0.956778 0.250342 -0.148002
vn 0.917687 0.387610 0.087236
vn 0.763856 0.243341 0.597753
vn 0.917687 0.387610 0.087236
vn 0.604151 0.376845 0.702132
vn 0.607463 0.168251 0.776325
vn 0.409552 0.230932 0.882574
vn 0.415561 0.159410 0.895487
vn 0.607463 0.168251 0.776325
vn 0.763856 0.243341 0.597753
vn 0.409552 0.230932 0.882574
vn 0.604151 0.376845 0.702132
vn 0.409552 0.230932 0.882574
vn 0.763856 0.243341 0.597753
vn 0.604151 0.376845 0.702132
vn 0.390740 0.371733 0.842102
vn 0.409552 0.230932 0.882574
vn 0.604151 0.376845 0.702132
vn 0.804511 0.593938 0.000027
vn 0.390740 0.371733 0.842102
vn 0.917687 0.387610 0.087236
vn 0.804511 0.593938 0.000027
vn 0.604151 0.376845 0.702132
vn 0.000000 -0.959352 -0.282212
vn 0.000000 -0.973480 -0.228771
vn 0.000000 -0.973480 -0.228771
vn 0.000000 -0.959352 -0.282212
vn 0.000000 -0.942235 -0.334952
vn 0.000000 -0.973480 -0.228771
vn 0.000000 -0.904474 -0.426528
vn 0.000000 -0.942235 -0.334952
vn 0.000000 -0.959352 -0.282212
vn 0.000000 -0.904474 -0.426528
vn 0.000000 -0.894896 -0.446275
vn 0.000000 -0.942235 -0.334952
vn 0.000000 -0.863636 -0.504116
vn 0.000000 -0.894896 -0.446275
vn 0.000000 -0.904474 -0.426528
vn 0.963716 0.179070 0.197954
vn 0.959113 0.162238 0.231906
vn 0.959629 0.192877 0.204722
vn 0.000000 -0.889977 -0.456006
vn 0.000000 -0.894836 -0.446394
vn 0.000000 -0.894836 -0.446394
vn 0.000000 -0.889977 -0.456006
vn -0.000046 -0.885019 -0.465556
vn 0.000000 -0.894836 -0.446394
vn -0.000090 -0.863203 -0.504857
vn -0.000046 -0.885019 -0.465556
vn 0.000000 -0.889977 -0.456006
vn -0.000090 -0.863203 -0.504857
vn -0.000090 -0.845420 -0.534102
vn -0.000046 -0.885019 -0.465556
vn 0.415607 0.159412 -0.895465
vn 0.409620 0.230929 -0.882543
vn 0.597747 0.243337 -0.763862
vn 0.415607 0.159412 -0.895465
vn 0.597747 0.243337 -0.763862
vn 0.776321 0.168243 -0.607470
vn 0.956778 0.250342 -0.148002
vn 0.702100 0.376847 -0.604187
vn 0.917687 0.387610 0.087236
vn 0.956778 0.250342 -0.148002
vn 0.597747 0.243337 -0.763862
vn 0.702100 0.376847 -0.604187
vn 0.776321 0.168243 -0.607470
vn 0.597747 0.243337 -0.763862
vn 0.956778 0.250342 -0.148002
vn 0.776321 0.168243 -0.607470
vn 0.956778 0.250342 -0.148002
vn 0.973301 0.173245 0.150572
vn 0.724804 -0.611009 0.318319
vn 0.764841 -0.629425 0.137265
vn 0.466482 -0.864220 0.188461
vn 0.450815 -0.780474 0.433158
vn 0.994172 -0.105334 0.022971
vn 0.764841 -0.629425 0.137265
vn 0.724804 -0.611009 0.318319
vn 0.999509 0.010365 0.029570
vn 0.999914 -0.003634 -0.012563
vn 0.764957 0.616517 -0.186408
vn 0.758709 0.556087 -0.339303
vn 0.999857 -0.003743 -0.016480
vn 0.764839 0.629429 -0.137260
vn 0.994172 -0.105334 0.022971
vn 0.999509 0.010365 0.029570
vn 0.810558 0.520566 -0.268342
vn 0.234763 -0.008773 -0.972013
vn 0.252033 -0.178373 -0.951137
vn 0.135085 -0.230456 -0.963661
vn 0.189671 -0.030361 -0.981378
vn 0.999962 -0.000199 -0.008719
vn 0.764445 0.642546 -0.052525
vn 0.764957 0.616517 -0.186408
vn 0.999914 -0.003634 -0.012563
vn 0.764839 0.629429 -0.137260
vn 0.810558 0.520566 -0.268342
vn 0.462014 0.803494 -0.375420
vn 0.466471 0.864228 -0.188455
vn 0.994093 0.108522 0.001716
vn 0.670624 0.741696 0.012271
vn 0.764445 0.642546 -0.052525
vn 0.999962 -0.000199 -0.008719
vn 0.724804 -0.611009 0.318319
vn 0.450815 -0.780474 0.433158
vn 0.441453 -0.715537 0.541411
vn 0.758138 -0.558499 0.336609
vn 0.999509 0.010365 0.029570
vn 0.724804 -0.611009 0.318319
vn 0.758138 -0.558499 0.336609
vn 0.999857 -0.003743 -0.016480
vn 0.122324 0.134281 -0.983364
vn 0.195783 0.178157 -0.964328
vn 0.234763 -0.008773 -0.972013
vn 0.189671 -0.030361 -0.981378
vn 0.810558 0.520566 -0.268342
vn 0.999509 0.010365 0.029570
vn 0.999857 -0.003743 -0.016480
vn 0.758709 0.556087 -0.339303
vn 0.670624 0.741696 0.012271
vn 0.466089 0.884602 0.015480
vn 0.465847 0.884187 -0.034654
vn 0.764445 0.642546 -0.052525
vn 0.462014 0.803494 -0.375420
vn 0.810558 0.520566 -0.268342
vn 0.758709 0.556087 -0.339303
vn 0.461365 0.786795 -0.409996
vn 0.764445 0.642546 -0.052525
vn 0.465847 0.884187 -0.034654
vn 0.465250 0.861221 -0.204548
vn 0.764957 0.616517 -0.186408
vn 0.764813 -0.623903 0.160639
vn 0.999914 -0.003634 -0.012563
vn 0.999857 -0.003743 -0.016480
vn 0.758138 -0.558499 0.336609
vn 0.252669 -0.290474 -0.922921
vn 0.171589 -0.352011 -0.920134
vn 0.135085 -0.230456 -0.963661
vn 0.252033 -0.178373 -0.951137
vn 0.411865 -0.070110 -0.908544
vn 0.252669 -0.290474 -0.922921
vn 0.252033 -0.178373 -0.951137
vn 0.234763 -0.008773 -0.972013
vn 0.764544 -0.643398 0.038867
vn 0.999962 -0.000199 -0.008719
vn 0.999914 -0.003634 -0.012563
vn 0.764813 -0.623903 0.160639
vn 0.337311 0.176899 -0.924623
vn 0.411865 -0.070110 -0.908544
vn 0.234763 -0.008773 -0.972013
vn 0.195783 0.178157 -0.964328
vn 0.843828 -0.536591 -0.004877
vn 0.994093 0.108522 0.001716
vn 0.999962 -0.000199 -0.008719
vn 0.764544 -0.643398 0.038867
vn 0.177060 0.308971 -0.934445
vn 0.337311 0.176899 -0.924623
vn 0.195783 0.178157 -0.964328
vn 0.122324 0.134281 -0.983364
vn 0.465149 -0.885207 -0.006739
vn 0.843828 -0.536591 -0.004877
vn 0.764544 -0.643398 0.038867
vn 0.464848 -0.880881 0.089248
vn 0.764957 0.616517 -0.186408
vn 0.465250 0.861221 -0.204548
vn 0.461365 0.786795 -0.409996
vn 0.758709 0.556087 -0.339303
vn 0.465496 -0.843358 0.268442
vn 0.764813 -0.623903 0.160639
vn 0.758138 -0.558499 0.336609
vn 0.441453 -0.715537 0.541411
vn 0.464848 -0.880881 0.089248
vn 0.764544 -0.643398 0.038867
vn 0.764813 -0.623903 0.160639
vn 0.465496 -0.843358 0.268442
vn 0.000044 -0.827989 -0.560744
vn 0.000000 -0.828648 -0.559771
vn 0.000000 -0.830624 -0.556833
vn -0.967363 0.157552 0.198458
vn -0.970100 0.133077 0.202970
vn -0.972045 0.145465 0.184306
vn -0.967363 0.157552 0.198458
vn -0.972045 0.145465 0.184306
vn -0.965505 0.186336 0.181877
vn -0.956763 0.214094 0.196897
vn -0.967363 0.157552 0.198458
vn -0.965505 0.186336 0.181877
vn -0.965505 0.186336 0.181877
vn -0.955459 0.240601 0.170906
vn -0.956763 0.214094 0.196897
vn -0.955459 0.240601 0.170906
vn -0.946288 0.262791 0.188359
vn -0.956763 0.214094 0.196897
vn -0.955459 0.240601 0.170906
vn -0.945388 0.273593 0.177168
vn -0.946288 0.262791 0.188359
vn -0.945388 0.273593 0.177168
vn -0.936044 0.285716 0.205399
vn -0.946288 0.262791 0.188359
vn -0.917687 0.387610 0.087236
vn -0.804511 0.593938 0.000027
vn -0.702100 0.376847 -0.604187
vn -0.702100 0.376847 -0.604187
vn -0.804511 0.593938 0.000027
vn -0.394592 0.348404 -0.850242
vn -0.607457 0.168251 0.776330
vn -0.763852 0.243345 0.597757
vn -0.973296 0.173261 0.150581
vn -0.763852 0.243345 0.597757
vn -0.956775 0.250354 -0.148002
vn -0.973296 0.173261 0.150581
vn -0.199193 0.638555 -0.743350
vn -0.199191 0.638557 -0.743349
vn -0.319874 0.650124 -0.689216
vn -0.199191 0.638557 -0.743349
vn -0.436948 0.650127 -0.621620
vn -0.319874 0.650124 -0.689216
vn -0.319874 0.650124 -0.689216
vn -0.436948 0.650127 -0.621620
vn -0.621615 0.650131 -0.436948
vn -0.436948 0.650127 -0.621620
vn -0.689213 0.650130 -0.319870
vn -0.621615 0.650131 -0.436948
vn -0.621615 0.650131 -0.436948
vn -0.689213 0.650130 -0.319870
vn -0.756811 0.650129 -0.067597
vn -0.689213 0.650130 -0.319870
vn -0.756812 0.650128 0.067597
vn -0.756811 0.650129 -0.067597
vn -0.756811 0.650129 -0.067597
vn -0.756812 0.650128 0.067597
vn -0.689213 0.650129 0.319871
vn -0.756812 0.650128 0.067597
vn -0.621613 0.650139 0.436940
vn -0.689213 0.650129 0.319871
vn -0.689213 0.650129 0.319871
vn -0.621613 0.650139 0.436940
vn -0.436937 0.650147 0.621607
vn -0.621613 0.650139 0.436940
vn -0.319853 0.650147 0.689204
vn -0.436937 0.650147 0.621607
vn -0.436937 0.650147 0.621607
vn -0.319853 0.650147 0.689204
vn -0.199164 0.638577 0.743339
vn -0.319853 0.650147 0.689204
vn -0.199157 0.638560 0.743356
vn -0.199164 0.638577 0.743339
vn 0.000104 -1.000000 0.000386
vn 0.000104 -1.000000 0.000387
vn 0.000163 -1.000000 0.000352
vn 0.000104 -1.000000 0.000387
vn 0.000223 -1.000000 0.000317
vn 0.000163 -1.000000 0.000352
vn 0.000163 -1.000000 0.000352
vn 0.000223 -1.000000 0.000317
vn 0.000317 -1.000000 0.000223
vn 0.000223 -1.000000 0.000317
vn 0.000352 -1.000000 0.000163
vn 0.000317 -1.000000 0.000223
vn 0.000317 -1.000000 0.000223
vn 0.000352 -1.000000 0.000163
vn 0.000386 -1.000000 0.000035
vn 0.000352 -1.000000 0.000163
vn 0.000386 -1.000000 -0.000035
vn 0.000386 -1.000000 0.000035
vn 0.000386 -1.000000 0.000035
vn 0.000386 -1.000000 -0.000035
vn 0.000352 -1.000000 -0.000163
vn 0.000386 -1.000000 -0.000035
vn 0.000317 -1.000000 -0.000223
vn 0.000352 -1.000000 -0.000163
vn 0.000352 -1.000000 -0.000163
vn 0.000317 -1.000000 -0.000223
vn 0.000223 -1.000000 -0.000317
vn 0.000317 -1.000000 -0.000223
vn 0.000163 -1.000000 -0.000352
vn 0.000223 -1.000000 -0.000317
vn 0.000223 -1.000000 -0.000317
vn 0.000163 -1.000000 -0.000352
vn 0.000104 -1.000000 -0.000386
vn 0.000163 -1.000000 -0.000352
vn 0.000104 -1.000000 -0.000387
vn 0.000104 -1.000000 -0.000386
vn -0.258801 0.000000 -0.965931
vn -0.252879 0.212700 -0.943828
vn -0.420967 0.000000 -0.907076
vn -0.252879 0.212700 -0.943828
vn -0.480151 0.331166 -0.812271
vn -0.420967 0.000000 -0.907076
vn -0.252879 0.212700 -0.943828
vn -0.205446 0.608154 -0.766773
vn -0.480151 0.331166 -0.812271
vn -0.205446 0.608154 -0.766773
vn -0.451230 0.619909 -0.641954
vn -0.480151 0.331166 -0.812271
vn -0.480151 0.331166 -0.812271
vn -0.451230 0.619909 -0.641954
vn -0.821953 0.331182 -0.463370
vn -0.451230 0.619909 -0.641954
vn -0.711737 0.619934 -0.330322
vn -0.821953 0.331182 -0.463370
vn -0.821953 0.331182 -0.463370
vn -0.711737 0.619934 -0.330322
vn -0.943517 0.331183 0.009690
vn -0.711737 0.619934 -0.330322
vn -0.781551 0.619923 0.069807
vn -0.943517 0.331183 0.009690
vn -0.420967 0.000000 -0.907076
vn -0.480151 0.331166 -0.812271
vn -0.818116 0.000000 -0.575053
vn -0.480151 0.331166 -0.812271
vn -0.821953 0.331182 -0.463370
vn -0.818116 0.000000 -0.575053
vn -0.818116 0.000000 -0.575053
vn -0.821953 0.331182 -0.463370
vn -0.996035 0.000000 -0.088963
vn -0.821953 0.331182 -0.463370
vn -0.943517 0.331183 0.009690
vn -0.996035 0.000000 -0.088963
vn -0.996035 0.000000 -0.088963
vn -0.943517 0.331183 0.009690
vn -0.907074 0.000000 0.420971
vn -0.943517 0.331183 0.009690
vn -0.812270 0.331183 0.480141
vn -0.907074 0.000000 0.420971
vn -0.943517 0.331183 0.009690
vn -0.781551 0.619923 0.069807
vn -0.812270 0.331183 0.480141
vn -0.781551 0.619923 0.069807
vn -0.641943 0.619924 0.451224
vn -0.812270 0.331183 0.480141
vn -0.812270 0.331183 0.480141
vn -0.641943 0.619924 0.451224
vn -0.463366 0.331179 0.821957
vn -0.641943 0.619924 0.451224
vn -0.330322 0.619920 0.711748
vn -0.463366 0.331179 0.821957
vn -0.463366 0.331179 0.821957
vn -0.330322 0.619920 0.711748
vn -0.234222 0.425418 0.874162
vn -0.330322 0.619920 0.711748
vn -0.205455 0.608199 0.766735
vn -0.234222 0.425418 0.874162
vn -0.907074 0.000000 0.420971
vn -0.812270 0.331183 0.480141
vn -0.575065 0.000000 0.818108
vn -0.812270 0.331183 0.480141
vn -0.463366 0.331179 0.821957
vn -0.575065 0.000000 0.818108
vn -0.575065 0.000000 0.818108
vn -0.463366 0.331179 0.821957
vn -0.258801 0.000000 0.965931
vn -0.463366 0.331179 0.821957
vn -0.234222 0.425418 0.874162
vn -0.258801 0.000000 0.965931
vn -0.001622 -0.999980 -0.006055
vn -0.001622 -0.999980 -0.006055
vn -0.002559 -0.999981 -0.005514
vn -0.001622 -0.999980 -0.006055
vn -0.003496 -0.999982 -0.004973
vn -0.002559 -0.999981 -0.005514
vn -0.002559 -0.999981 -0.005514
vn -0.003496 -0.999982 -0.004973
vn -0.004973 -0.999982 -0.003496
vn -0.003496 -0.999982 -0.004973
vn -0.005514 -0.999981 -0.002559
vn -0.004973 -0.999982 -0.003496
vn -0.004973 -0.999982 -0.003496
vn -0.005514 -0.999981 -0.002559
vn -0.006055 -0.999981 -0.000541
vn -0.005514 -0.999981 -0.002559
vn -0.006055 -0.999981 0.000541
vn -0.006055 -0.999981 -0.000541
vn -0.006055 -0.999981 -0.000541
vn -0.006055 -0.999981 0.000541
vn -0.005514 -0.999981 0.002559
vn -0.006055 -0.999981 0.000541
vn -0.004973 -0.999982 0.003496
vn -0.005514 -0.999981 0.002559
vn -0.005514 -0.999981 0.002559
vn -0.004973 -0.999982 0.003496
vn -0.003496 -0.999982 0.004973
vn -0.004973 -0.999982 0.003496
vn -0.002559 -0.999981 0.005514
vn -0.003496 -0.999982 0.004973
vn -0.003496 -0.999982 0.004973
vn -0.002559 -0.999981 0.005514
vn -0.001622 -0.999980 0.006055
vn -0.002559 -0.999981 0.005514
vn -0.001622 -0.999980 0.006055
vn -0.001622 -0.999980 0.006055
vn -0.258817 0.000000 -0.965927
vn -0.247680 0.290165 -0.924369
vn -0.420967 0.000000 -0.907076
vn -0.247680 0.290165 -0.924369
vn -0.548851 0.298416 -0.780840
vn -0.420967 0.000000 -0.907076
vn -0.548851 0.298416 -0.780840
vn -0.247680 0.290165 -0.924369
vn -0.346712 0.567166 -0.747070
vn -0.247680 0.290165 -0.924369
vn -0.215229 0.555359 -0.803277
vn -0.346712 0.567166 -0.747070
vn -0.420967 0.000000 -0.907076
vn -0.548851 0.298416 -0.780840
vn -0.818105 0.000000 -0.575068
vn -0.548851 0.298416 -0.780840
vn -0.865744 0.298413 -0.401793
vn -0.818105 0.000000 -0.575068
vn -0.865744 0.298413 -0.401793
vn -0.548851 0.298416 -0.780840
vn -0.673800 0.567162 -0.473626
vn -0.548851 0.298416 -0.780840
vn -0.346712 0.567166 -0.747070
vn -0.673800 0.567162 -0.473626
vn -0.818105 0.000000 -0.575068
vn -0.865744 0.298413 -0.401793
vn -0.996036 0.000000 -0.088957
vn -0.865744 0.298413 -0.401793
vn -0.950652 0.298414 0.084909
vn -0.996036 0.000000 -0.088957
vn -0.950652 0.298414 0.084909
vn -0.865744 0.298413 -0.401793
vn -0.820343 0.567159 -0.073267
vn -0.865744 0.298413 -0.401793
vn -0.673800 0.567162 -0.473626
vn -0.820343 0.567159 -0.073267
vn -0.996036 0.000000 -0.088957
vn -0.950652 0.298414 0.084909
vn -0.907073 0.000000 0.420972
vn -0.950652 0.298414 0.084909
vn -0.780834 0.298420 0.548858
vn -0.907073 0.000000 0.420972
vn -0.780834 0.298420 0.548858
vn -0.950652 0.298414 0.084909
vn -0.747070 0.567166 0.346712
vn -0.950652 0.298414 0.084909
vn -0.820343 0.567159 -0.073267
vn -0.747070 0.567166 0.346712
vn -0.907073 0.000000 0.420972
vn -0.780834 0.298420 0.548858
vn -0.575060 0.000000 0.818111
vn -0.780834 0.298420 0.548858
vn -0.401792 0.298422 0.865741
vn -0.575060 0.000000 0.818111
vn -0.401792 0.298422 0.865741
vn -0.780834 0.298420 0.548858
vn -0.473623 0.567170 0.673795
vn -0.780834 0.298420 0.548858
vn -0.747070 0.567166 0.346712
vn -0.473623 0.567170 0.673795
vn -0.575060 0.000000 0.818111
vn -0.401792 0.298422 0.865741
vn -0.258817 0.000000 0.965927
vn -0.401792 0.298422 0.865741
vn -0.247681 0.290176 0.924366
vn -0.258817 0.000000 0.965927
vn -0.247681 0.290176 0.924366
vn -0.401792 0.298422 0.865741
vn -0.215237 0.555374 0.803264
vn -0.401792 0.298422 0.865741
vn -0.473623 0.567170 0.673795
vn -0.215237 0.555374 0.803264
vn -0.000460 -0.999998 -0.001718
vn -0.000460 -0.999999 -0.001718
vn -0.000726 -0.999999 -0.001564
vn -0.000992 -0.999999 -0.001411
vn -0.000460 -0.999998 -0.001718
vn -0.000726 -0.999999 -0.001564
vn -0.000992 -0.999999 -0.001411
vn -0.000726 -0.999999 -0.001564
vn -0.001411 -0.999999 -0.000992
vn -0.001564 -0.999999 -0.000726
vn -0.000992 -0.999999 -0.001411
vn -0.001411 -0.999999 -0.000992
vn -0.001564 -0.999999 -0.000726
vn -0.001411 -0.999999 -0.000992
vn -0.001718 -0.999999 -0.000153
vn -0.001718 -0.999999 0.000153
vn -0.001564 -0.999999 -0.000726
vn -0.001718 -0.999999 -0.000153
vn -0.001718 -0.999999 0.000153
vn -0.001718 -0.999999 -0.000153
vn -0.001564 -0.999999 0.000726
vn -0.001411 -0.999999 0.000992
vn -0.001718 -0.999999 0.000153
vn -0.001564 -0.999999 0.000726
vn -0.001411 -0.999999 0.000992
vn -0.001564 -0.999999 0.000726
vn -0.000992 -0.999999 0.001411
vn -0.000726 -0.999999 0.001564
vn -0.001411 -0.999999 0.000992
vn -0.000992 -0.999999 0.001411
vn -0.000726 -0.999999 0.001564
vn -0.000992 -0.999999 0.001411
vn -0.000460 -0.999998 0.001718
vn -0.000460 -0.999999 0.001718
vn -0.000726 -0.999999 0.001564
vn -0.000460 -0.999998 0.001718
vn -0.258805 0.000000 0.965930
vn -0.420959 0.000000 0.907080
vn -0.255242 0.165360 0.952632
vn -0.420959 0.000000 0.907080
vn -0.488103 0.257150 0.834044
vn -0.255242 0.165360 0.952632
vn -0.420959 0.000000 0.907080
vn -0.818106 0.000000 0.575067
vn -0.488103 0.257150 0.834044
vn -0.818106 0.000000 0.575067
vn -0.839742 0.257144 0.478236
vn -0.488103 0.257150 0.834044
vn -0.818106 0.000000 0.575067
vn -0.996036 0.000000 0.088955
vn -0.839742 0.257144 0.478236
vn -0.996036 0.000000 0.088955
vn -0.966355 0.257150 -0.005699
vn -0.839742 0.257144 0.478236
vn -0.996036 0.000000 0.088955
vn -0.907073 0.000000 -0.420973
vn -0.966355 0.257150 -0.005699
vn -0.255242 0.165360 0.952632
vn -0.488103 0.257150 0.834044
vn -0.253619 0.199284 0.946553
vn -0.488103 0.257150 0.834044
vn -0.562817 0.205234 0.800697
vn -0.253619 0.199284 0.946553
vn -0.488103 0.257150 0.834044
vn -0.839742 0.257144 0.478236
vn -0.562817 0.205234 0.800697
vn -0.839742 0.257144 0.478236
vn -0.887764 0.205235 0.412011
vn -0.562817 0.205234 0.800697
vn -0.839742 0.257144 0.478236
vn -0.966355 0.257150 -0.005699
vn -0.887764 0.205235 0.412011
vn -0.966355 0.257150 -0.005699
vn -0.974831 0.205241 -0.087065
vn -0.887764 0.205235 0.412011
vn -0.966355 0.257150 -0.005699
vn -0.834030 0.257151 -0.488127
vn -0.974831 0.205241 -0.087065
vn -0.907073 0.000000 -0.420973
vn -0.834030 0.257151 -0.488127
vn -0.966355 0.257150 -0.005699
vn -0.907073 0.000000 -0.420973
vn -0.575042 0.000000 -0.818124
vn -0.834030 0.257151 -0.488127
vn -0.575042 0.000000 -0.818124
vn -0.478230 0.257146 -0.839745
vn -0.834030 0.257151 -0.488127
vn -0.575042 0.000000 -0.818124
vn -0.258833 0.000000 -0.965922
vn -0.478230 0.257146 -0.839745
vn -0.562817 0.205234 0.800697
vn -0.444704 -0.190238 0.875242
vn -0.253619 0.199284 0.946553
vn -0.832509 -0.203902 0.515123
vn -0.444704 -0.190238 0.875242
vn -0.562817 0.205234 0.800697
vn -0.887764 0.205235 0.412011
vn -0.832509 -0.203902 0.515123
vn -0.562817 0.205234 0.800697
vn -0.978258 -0.205856 -0.025199
vn -0.832509 -0.203902 0.515123
vn -0.887764 0.205235 0.412011
vn -0.974831 0.205241 -0.087065
vn -0.978258 -0.205856 -0.025199
vn -0.887764 0.205235 0.412011
vn -0.875237 -0.190239 -0.444712
vn -0.978258 -0.205856 -0.025199
vn -0.974831 0.205241 -0.087065
vn -0.800686 0.205237 -0.562832
vn -0.875237 -0.190239 -0.444712
vn -0.974831 0.205241 -0.087065
vn -0.834030 0.257151 -0.488127
vn -0.800686 0.205237 -0.562832
vn -0.974831 0.205241 -0.087065
vn -0.834030 0.257151 -0.488127
vn -0.478230 0.257146 -0.839745
vn -0.800686 0.205237 -0.562832
vn -0.444704 -0.190238 0.875242
vn -0.305038 -0.234217 0.923090
vn -0.253619 0.199284 0.946553
vn -0.444704 -0.190238 0.875242
vn -0.573522 -0.344708 0.743135
vn -0.305038 -0.234217 0.923090
vn -0.832509 -0.203902 0.515123
vn -0.573522 -0.344708 0.743135
vn -0.444704 -0.190238 0.875242
vn -0.929619 -0.350712 0.113183
vn -0.573522 -0.344708 0.743135
vn -0.832509 -0.203902 0.515123
vn -0.978258 -0.205856 -0.025199
vn -0.929619 -0.350712 0.113183
vn -0.832509 -0.203902 0.515123
vn -0.743119 -0.344711 -0.573540
vn -0.929619 -0.350712 0.113183
vn -0.978258 -0.205856 -0.025199
vn -0.875237 -0.190239 -0.444712
vn -0.743119 -0.344711 -0.573540
vn -0.978258 -0.205856 -0.025199
vn -0.515118 -0.203905 -0.832512
vn -0.743119 -0.344711 -0.573540
vn -0.875237 -0.190239 -0.444712
vn -0.515118 -0.203905 -0.832512
vn -0.875237 -0.190239 -0.444712
vn -0.800686 0.205237 -0.562832
vn -0.412012 0.205242 -0.887762
vn -0.515118 -0.203905 -0.832512
vn -0.800686 0.205237 -0.562832
vn -0.478230 0.257146 -0.839745
vn -0.412012 0.205242 -0.887762
vn -0.800686 0.205237 -0.562832
vn -0.573522 -0.344708 0.743135
vn -0.399675 -0.314052 0.861180
vn -0.305038 -0.234217 0.923090
vn -0.337505 -0.597599 0.727301
vn -0.399675 -0.314052 0.861180
vn -0.573522 -0.344708 0.743135
vn -0.576923 -0.664253 0.475318
vn -0.337505 -0.597599 0.727301
vn -0.573522 -0.344708 0.743135
vn -0.576923 -0.664253 0.475318
vn -0.573522 -0.344708 0.743135
vn -0.929619 -0.350712 0.113183
vn -0.731418 -0.676019 -0.089593
vn -0.576923 -0.664253 0.475318
vn -0.929619 -0.350712 0.113183
vn -0.731418 -0.676019 -0.089593
vn -0.929619 -0.350712 0.113183
vn -0.743119 -0.344711 -0.573540
vn -0.475276 -0.664249 -0.576962
vn -0.731418 -0.676019 -0.089593
vn -0.743119 -0.344711 -0.573540
vn -0.475276 -0.664249 -0.576962
vn -0.743119 -0.344711 -0.573540
vn -0.358801 -0.334225 -0.871525
vn -0.358801 -0.334225 -0.871525
vn -0.743119 -0.344711 -0.573540
vn -0.515118 -0.203905 -0.832512
vn -0.255462 -0.160823 -0.953349
vn -0.358801 -0.334225 -0.871525
vn -0.515118 -0.203905 -0.832512
vn -0.255462 -0.160823 -0.953349
vn -0.515118 -0.203905 -0.832512
vn -0.412012 0.205242 -0.887762
vn -0.253702 -0.967282 -0.000009
vn -0.337505 -0.597599 0.727301
vn -0.576923 -0.664253 0.475318
vn -0.253702 -0.967282 -0.000009
vn -0.576923 -0.664253 0.475318
vn -0.731418 -0.676019 -0.089593
vn -0.253702 -0.967282 -0.000009
vn -0.731418 -0.676019 -0.089593
vn -0.475276 -0.664249 -0.576962
vn -0.253702 -0.967282 -0.000009
vn -0.475276 -0.664249 -0.576962
vn -0.297912 -0.706431 -0.642031
vn -0.297912 -0.706431 -0.642031
vn -0.475276 -0.664249 -0.576962
vn -0.358801 -0.334225 -0.871525
vn -0.253647 0.199289 -0.946545
vn -0.255462 -0.160823 -0.953349
vn -0.412012 0.205242 -0.887762
vn -0.244270 0.330715 -0.911570
vn -0.253647 0.199289 -0.946545
vn -0.412012 0.205242 -0.887762
vn -0.478230 0.257146 -0.839745
vn -0.244270 0.330715 -0.911570
vn -0.412012 0.205242 -0.887762
vn -0.258833 0.000000 -0.965922
vn -0.244270 0.330715 -0.911570
vn -0.478230 0.257146 -0.839745
vn -0.003687 -0.999899 -0.013758
vn -0.003687 -0.999899 -0.013758
vn -0.005815 -0.999905 -0.012529
vn -0.007943 -0.999905 -0.011300
vn -0.003687 -0.999899 -0.013758
vn -0.005815 -0.999905 -0.012529
vn -0.007943 -0.999905 -0.011300
vn -0.005815 -0.999905 -0.012529
vn -0.011300 -0.999905 -0.007943
vn -0.012529 -0.999905 -0.005815
vn -0.007943 -0.999905 -0.011300
vn -0.011300 -0.999905 -0.007943
vn -0.012529 -0.999905 -0.005815
vn -0.011300 -0.999905 -0.007943
vn -0.013758 -0.999905 -0.001229
vn -0.013758 -0.999905 0.001229
vn -0.012529 -0.999905 -0.005815
vn -0.013758 -0.999905 -0.001229
vn -0.013758 -0.999905 0.001229
vn -0.013758 -0.999905 -0.001229
vn -0.012529 -0.999905 0.005815
vn -0.011300 -0.999905 0.007943
vn -0.013758 -0.999905 0.001229
vn -0.012529 -0.999905 0.005815
vn -0.011300 -0.999905 0.007943
vn -0.012529 -0.999905 0.005815
vn -0.007943 -0.999905 0.011300
vn -0.005815 -0.999905 0.012529
vn -0.011300 -0.999905 0.007943
vn -0.007943 -0.999905 0.011300
vn -0.005815 -0.999905 0.012529
vn -0.007943 -0.999905 0.011300
vn -0.003686 -0.999899 0.013758
vn -0.003686 -0.999899 0.013758
vn -0.005815 -0.999905 0.012529
vn -0.003686 -0.999899 0.013758
vn -0.001877 0.999974 0.007007
vn -0.001877 0.999974 0.007006
vn -0.002961 0.999975 0.006381
vn -0.004045 0.999975 0.005755
vn -0.001877 0.999974 0.007007
vn -0.002961 0.999975 0.006381
vn -0.004045 0.999975 0.005755
vn -0.002961 0.999975 0.006381
vn -0.005755 0.999975 0.004045
vn -0.006380 0.999975 0.002961
vn -0.004045 0.999975 0.005755
vn -0.005755 0.999975 0.004045
vn -0.006380 0.999975 0.002961
vn -0.005755 0.999975 0.004045
vn -0.007006 0.999975 0.000626
vn -0.007006 0.999975 -0.000626
vn -0.006380 0.999975 0.002961
vn -0.007006 0.999975 0.000626
vn -0.007006 0.999975 -0.000626
vn -0.007006 0.999975 0.000626
vn -0.006381 0.999975 -0.002961
vn -0.005755 0.999975 -0.004045
vn -0.007006 0.999975 -0.000626
vn -0.006381 0.999975 -0.002961
vn -0.005755 0.999975 -0.004045
vn -0.006381 0.999975 -0.002961
vn -0.004045 0.999975 -0.005755
vn -0.002961 0.999975 -0.006381
vn -0.005755 0.999975 -0.004045
vn -0.004045 0.999975 -0.005755
vn -0.002961 0.999975 -0.006381
vn -0.004045 0.999975 -0.005755
vn -0.001877 0.999974 -0.007006
vn -0.001877 0.999974 -0.007006
vn -0.002961 0.999975 -0.006381
vn -0.001877 0.999974 -0.007006
vn -0.386062 -0.398761 0.831833
vn -0.238488 -0.388551 0.890029
vn -0.246607 -0.303598 0.920333
vn -0.546329 -0.312155 0.777229
vn -0.386062 -0.398761 0.831833
vn -0.246607 -0.303598 0.920333
vn -0.415225 -0.163827 0.894846
vn -0.546329 -0.312155 0.777229
vn -0.246607 -0.303598 0.920333
vn -0.255604 -0.157147 0.953924
vn -0.415225 -0.163827 0.894846
vn -0.246607 -0.303598 0.920333
vn -0.415225 -0.163827 0.894846
vn -0.255604 -0.157147 0.953924
vn -0.258756 -0.022216 0.965687
vn -0.500060 0.010861 0.865923
vn -0.415225 -0.163827 0.894846
vn -0.258756 -0.022216 0.965687
vn -0.500060 0.010861 0.865923
vn -0.258756 -0.022216 0.965687
vn -0.252047 0.227129 0.940683
vn -0.750253 -0.398764 0.527359
vn -0.386062 -0.398761 0.831833
vn -0.546329 -0.312155 0.777229
vn -0.861747 -0.312155 0.399940
vn -0.750253 -0.398764 0.527359
vn -0.546329 -0.312155 0.777229
vn -0.805992 -0.170928 0.566710
vn -0.861747 -0.312155 0.399940
vn -0.546329 -0.312155 0.777229
vn -0.415225 -0.163827 0.894846
vn -0.805992 -0.170928 0.566710
vn -0.546329 -0.312155 0.777229
vn -0.805992 -0.170928 0.566710
vn -0.415225 -0.163827 0.894846
vn -0.500060 0.010861 0.865923
vn -0.884446 0.012425 0.466478
vn -0.805992 -0.170928 0.566710
vn -0.500060 0.010861 0.865923
vn -0.884446 0.012425 0.466478
vn -0.500060 0.010861 0.865923
vn -0.534422 0.209815 0.818762
vn -0.534422 0.209815 0.818762
vn -0.500060 0.010861 0.865923
vn -0.252047 0.227129 0.940683
vn -0.534422 0.209815 0.818762
vn -0.252047 0.227129 0.940683
vn -0.471895 0.331360 0.817016
vn -0.471895 0.331360 0.817016
vn -0.252047 0.227129 0.940683
vn -0.244923 0.323120 0.914115
vn -0.913416 -0.398768 0.081586
vn -0.750253 -0.398764 0.527359
vn -0.861747 -0.312155 0.399940
vn -0.946264 -0.312155 -0.084515
vn -0.913416 -0.398768 0.081586
vn -0.861747 -0.312155 0.399940
vn -0.979520 -0.181258 0.087670
vn -0.946264 -0.312155 -0.084515
vn -0.861747 -0.312155 0.399940
vn -0.805992 -0.170928 0.566710
vn -0.979520 -0.181258 0.087670
vn -0.861747 -0.312155 0.399940
vn -0.979520 -0.181258 0.087670
vn -0.805992 -0.170928 0.566710
vn -0.884446 0.012425 0.466478
vn -0.997355 -0.049539 -0.053193
vn -0.979520 -0.181258 0.087670
vn -0.884446 0.012425 0.466478
vn -0.997355 -0.049539 -0.053193
vn -0.884446 0.012425 0.466478
vn -0.980156 0.194879 0.036275
vn -0.884446 0.012425 0.466478
vn -0.813367 0.243981 0.528117
vn -0.980156 0.194879 0.036275
vn -0.813367 0.243981 0.528117
vn -0.884446 0.012425 0.466478
vn -0.534422 0.209815 0.818762
vn -0.813367 0.243981 0.528117
vn -0.534422 0.209815 0.818762
vn -0.471895 0.331360 0.817016
vn -0.858285 0.323880 0.398055
vn -0.813367 0.243981 0.528117
vn -0.471895 0.331360 0.817016
vn -0.831832 -0.398767 -0.386057
vn -0.913416 -0.398768 0.081586
vn -0.946264 -0.312155 -0.084515
vn -0.777226 -0.312154 -0.546332
vn -0.831832 -0.398767 -0.386057
vn -0.946264 -0.312155 -0.084515
vn -0.890270 -0.192019 -0.412976
vn -0.777226 -0.312154 -0.546332
vn -0.946264 -0.312155 -0.084515
vn -0.979520 -0.181258 0.087670
vn -0.890270 -0.192019 -0.412976
vn -0.946264 -0.312155 -0.084515
vn -0.890270 -0.192019 -0.412976
vn -0.979520 -0.181258 0.087670
vn -0.997355 -0.049539 -0.053193
vn -0.865517 -0.042703 -0.499055
vn -0.890270 -0.192019 -0.412976
vn -0.997355 -0.049539 -0.053193
vn -0.865517 -0.042703 -0.499055
vn -0.997355 -0.049539 -0.053193
vn -0.980156 0.194879 0.036275
vn -0.847922 0.197224 -0.492068
vn -0.865517 -0.042703 -0.499055
vn -0.980156 0.194879 0.036275
vn -0.847922 0.197224 -0.492068
vn -0.980156 0.194879 0.036275
vn -0.944780 0.316576 -0.084680
vn -0.944780 0.316576 -0.084680
vn -0.980156 0.194879 0.036275
vn -0.858285 0.323880 0.398055
vn -0.980156 0.194879 0.036275
vn -0.813367 0.243981 0.528117
vn -0.858285 0.323880 0.398055
vn -0.527361 -0.398763 -0.750253
vn -0.831832 -0.398767 -0.386057
vn -0.777226 -0.312154 -0.546332
vn -0.399938 -0.312153 -0.861748
vn -0.527361 -0.398763 -0.750253
vn -0.777226 -0.312154 -0.546332
vn -0.563494 -0.200341 -0.801460
vn -0.399938 -0.312153 -0.861748
vn -0.777226 -0.312154 -0.546332
vn -0.890270 -0.192019 -0.412976
vn -0.563494 -0.200341 -0.801460
vn -0.777226 -0.312154 -0.546332
vn -0.563494 -0.200341 -0.801460
vn -0.890270 -0.192019 -0.412976
vn -0.865517 -0.042703 -0.499055
vn -0.499782 -0.056838 -0.864284
vn -0.563494 -0.200341 -0.801460
vn -0.865517 -0.042703 -0.499055
vn -0.499782 -0.056838 -0.864284
vn -0.865517 -0.042703 -0.499055
vn -0.847922 0.197224 -0.492068
vn -0.489264 0.188466 -0.851529
vn -0.499782 -0.056838 -0.864284
vn -0.847922 0.197224 -0.492068
vn -0.489264 0.188466 -0.851529
vn -0.847922 0.197224 -0.492068
vn -0.777800 0.309518 -0.547015
vn -0.777800 0.309518 -0.547015
vn -0.847922 0.197224 -0.492068
vn -0.944780 0.316576 -0.084680
vn -0.238490 -0.388544 -0.890031
vn -0.527361 -0.398763 -0.750253
vn -0.399938 -0.312153 -0.861748
vn -0.246600 -0.303598 -0.920335
vn -0.238490 -0.388544 -0.890031
vn -0.399938 -0.312153 -0.861748
vn -0.253690 -0.198128 -0.946777
vn -0.246600 -0.303598 -0.920335
vn -0.399938 -0.312153 -0.861748
vn -0.563494 -0.200341 -0.801460
vn -0.253690 -0.198128 -0.946777
vn -0.399938 -0.312153 -0.861748
vn -0.253690 -0.198128 -0.946777
vn -0.563494 -0.200341 -0.801460
vn -0.499782 -0.056838 -0.864284
vn -0.258763 -0.019245 -0.965749
vn -0.253690 -0.198128 -0.946777
vn -0.499782 -0.056838 -0.864284
vn -0.258763 -0.019245 -0.965749
vn -0.499782 -0.056838 -0.864284
vn -0.489264 0.188466 -0.851529
vn -0.252553 0.218518 -0.942585
vn -0.258763 -0.019245 -0.965749
vn -0.489264 0.188466 -0.851529
vn -0.252553 0.218518 -0.942585
vn -0.489264 0.188466 -0.851529
vn -0.400821 0.304708 -0.864000
vn -0.400821 0.304708 -0.864000
vn -0.489264 0.188466 -0.851529
vn -0.777800 0.309518 -0.547015
vn -0.247284 0.295052 -0.922927
vn -0.252553 0.218518 -0.942585
vn -0.400821 0.304708 -0.864000
vn 0.000000 1.000000 0.000000
vn 0.000000 1.000000 0.000000
vn 0.000000 1.000000 0.000000
vn 0.000000 1.000000 0.000000
vn 0.000000 1.000000 0.000000
vn 0.000000 1.000000 0.000000
vn 0.000000 1.000000 0.000000
vn 0.000000 1.000000 0.000000
vn 0.000000 1.000000 0.000000
vn 0.000000 1.000000 0.000000
vn 0.000000 1.000000 0.000000
vn 0.000000 1.000000 0.000000
vn 0.000000 1.000000 0.000000
vn 0.000000 1.000000 0.000000
vn 0.000000 1.000000 0.000000
vn 0.000000 1.000000 0.000000
vn 0.000000 1.000000 0.000000
vn 0.000000 1.000000 0.000000
vn 0.000000 1.000000 0.000000
vn 0.000000 1.000000 0.000000
vn 0.000000 1.000000 0.000000
vn 0.000000 1.000000 0.000000
vn 0.000000 1.000000 0.000000
vn 0.000000 1.000000 0.000000
vn 0.000000 1.000000 0.000000
vn 0.000000 1.000000 0.000000
vn 0.000000 1.000000 0.000000
vn 0.000000 1.000000 0.000000
vn 0.000000 1.000000 0.000000
vn 0.000000 1.000000 0.000000
vn 0.000000 1.000000 0.000000
vn 0.000000 1.000000 0.000000
vn 0.000000 1.000000 0.000000
vn 0.000000 1.000000 0.000000
vn 0.000000 1.000000 0.000000
vn 0.000000 1.000000 0.000000
vn -0.235978 0.410742 -0.880685
vn -0.235982 0.410739 -0.880685
vn -0.381793 0.421297 -0.822644
vn -0.235982 0.410739 -0.880685
vn -0.521539 0.421294 -0.741963
vn -0.381793 0.421297 -0.822644
vn -0.381793 0.421297 -0.822644
vn -0.521539 0.421294 -0.741963
vn -0.741964 0.421294 -0.521537
vn -0.521539 0.421294 -0.741963
vn -0.822644 0.421296 -0.381793
vn -0.741964 0.421294 -0.521537
vn -0.741964 0.421294 -0.521537
vn -0.822644 0.421296 -0.381793
vn -0.903326 0.421299 -0.080684
vn -0.822644 0.421296 -0.381793
vn -0.903326 0.421299 0.080682
vn -0.903326 0.421299 -0.080684
vn -0.903326 0.421299 -0.080684
vn -0.903326 0.421299 0.080682
vn -0.822644 0.421297 0.381793
vn -0.903326 0.421299 0.080682
vn -0.741964 0.421296 0.521535
vn -0.822644 0.421297 0.381793
vn -0.822644 0.421297 0.381793
vn -0.741964 0.421296 0.521535
vn -0.521544 0.421301 0.741956
vn -0.741964 0.421296 0.521535
vn -0.381801 0.421303 0.822637
vn -0.521544 0.421301 0.741956
vn -0.521544 0.421301 0.741956
vn -0.381801 0.421303 0.822637
vn -0.235991 0.410745 0.880680
vn -0.381801 0.421303 0.822637
vn -0.235986 0.410741 0.880683
vn -0.235991 0.410745 0.880680
vn 0.000000 1.000000 0.000000
vn 0.000000 1.000000 0.000000
vn 0.000000 1.000000 0.000000
vn 0.000000 1.000000 0.000000
vn 0.000000 1.000000 0.000000
vn 0.000000 1.000000 0.000000
vn 0.000000 1.000000 0.000000
vn 0.000000 1.000000 0.000000
vn 0.000000 1.000000 0.000000
vn 0.000000 1.000000 0.000000
vn 0.000000 1.000000 0.000000
vn 0.000000 1.000000 0.000000
vn 0.000000 1.000000 0.000000
vn 0.000000 1.000000 0.000000
vn 0.000000 1.000000 0.000000
vn 0.000000 1.000000 0.000000
vn 0.000000 1.000000 0.000000
vn 0.000000 1.000000 0.000000
vn 0.000000 1.000000 0.000000
vn 0.000000 1.000000 0.000000
vn 0.000000 1.000000 0.000000
vn 0.000000 1.000000 0.000000
vn 0.000000 1.000000 0.000000
vn 0.000000 1.000000 0.000000
vn 0.000000 1.000000 0.000000
vn 0.000000 1.000000 0.000000
vn 0.000000 1.000000 0.000000
vn 0.000000 1.000000 0.000000
vn 0.000000 1.000000 0.000000
vn 0.000000 1.000000 0.000000
vn 0.000000 1.000000 0.000000
vn 0.000000 1.000000 0.000000
vn 0.000000 1.000000 0.000000
vn 0.000000 1.000000 0.000000
vn 0.000000 1.000000 0.000000
vn 0.000000 1.000000 0.000000
vn 0.258829 0.000000 0.965923
vn 0.258829 0.000000 0.965923
vn 0.420970 0.000000 0.907075
vn 0.258829 0.000000 0.965923
vn 0.575044 0.000000 0.818123
vn 0.420970 0.000000 0.907075
vn 0.420970 0.000000 0.907075
vn 0.575044 0.000000 0.818123
vn 0.818100 0.000000 0.575076
vn 0.575044 0.000000 0.818123
vn 0.907074 0.000000 0.420972
vn 0.818100 0.000000 0.575076
vn 0.818100 0.000000 0.575076
vn 0.907074 0.000000 0.420972
vn 0.996036 0.000000 0.088953
vn 0.907074 0.000000 0.420972
vn 0.996035 0.000000 -0.088959
vn 0.996036 0.000000 0.088953
vn 0.996036 0.000000 0.088953
vn 0.996035 0.000000 -0.088959
vn 0.907077 0.000000 -0.420965
vn 0.996035 0.000000 -0.088959
vn 0.818113 0.000000 -0.575057
vn 0.907077 0.000000 -0.420965
vn 0.907077 0.000000 -0.420965
vn 0.818113 0.000000 -0.575057
vn 0.575064 0.000000 -0.818108
vn 0.818113 0.000000 -0.575057
vn 0.420980 0.000000 -0.907070
vn 0.575064 0.000000 -0.818108
vn 0.575064 0.000000 -0.818108
vn 0.420980 0.000000 -0.907070
vn 0.258829 0.000000 -0.965923
vn 0.420980 0.000000 -0.907070
vn 0.258829 0.000000 -0.965923
vn 0.258829 0.000000 -0.965923
vn 0.069353 0.978434 0.194571
vn 0.057221 0.975256 0.213544
vn 0.098234 0.978418 0.181793
vn 0.157946 0.980157 0.119774
vn 0.069353 0.978434 0.194571
vn 0.098234 0.978418 0.181793
vn 0.157946 0.980157 0.119774
vn 0.098234 0.978418 0.181793
vn 0.169091 0.980268 0.102384
vn 0.157946 0.980157 0.119774
vn 0.169091 0.980268 0.102384
vn 0.201321 0.979058 0.030268
vn 0.198323 0.980054 -0.012754
vn 0.157946 0.980157 0.119774
vn 0.201321 0.979058 0.030268
vn 0.198323 0.980054 -0.012754
vn 0.201321 0.979058 0.030268
vn 0.178267 0.979262 -0.096261
vn 0.117405 0.980937 -0.154853
vn 0.198323 0.980054 -0.012754
vn 0.178267 0.979262 -0.096261
vn 0.117405 0.980937 -0.154853
vn 0.178267 0.979262 -0.096261
vn 0.100300 0.981024 -0.165926
vn 0.117405 0.980937 -0.154853
vn 0.100300 0.981024 -0.165926
vn 0.071959 0.978575 -0.192906
vn 0.095888 0.973710 -0.206627
vn 0.117405 0.980937 -0.154853
vn 0.071959 0.978575 -0.192906
vn -0.243048 0.343585 -0.907126
vn -0.243052 0.343582 -0.907126
vn -0.393870 0.352975 -0.848690
vn -0.243052 0.343582 -0.907126
vn -0.538045 0.352973 -0.765453
vn -0.393870 0.352975 -0.848690
vn -0.393870 0.352975 -0.848690
vn -0.538045 0.352973 -0.765453
vn -0.765452 0.352973 -0.538045
vn -0.538045 0.352973 -0.765453
vn -0.848689 0.352972 -0.393874
vn -0.765452 0.352973 -0.538045
vn -0.765452 0.352973 -0.538045
vn -0.848689 0.352972 -0.393874
vn -0.931925 0.352970 -0.083235
vn -0.848689 0.352972 -0.393874
vn -0.931925 0.352969 0.083235
vn -0.931925 0.352970 -0.083235
vn -0.931925 0.352970 -0.083235
vn -0.931925 0.352969 0.083235
vn -0.848690 0.352967 0.393878
vn -0.931925 0.352969 0.083235
vn -0.765455 0.352969 0.538045
vn -0.848690 0.352967 0.393878
vn -0.848690 0.352967 0.393878
vn -0.765455 0.352969 0.538045
vn -0.538044 0.352974 0.765453
vn -0.765455 0.352969 0.538045
vn -0.393871 0.352980 0.848688
vn -0.538044 0.352974 0.765453
vn -0.538044 0.352974 0.765453
vn -0.393871 0.352980 0.848688
vn -0.243047 0.343585 0.907126
vn -0.393871 0.352980 0.848688
vn -0.243047 0.343585 0.907126
vn -0.243047 0.343585 0.907126
vn 0.000090 -0.863203 -0.504857
vn 0.000090 -0.845420 -0.534102
vn 0.000044 -0.827989 -0.560744
vn -0.702100 0.376847 -0.604187
vn -0.394592 0.348404 -0.850242
vn -0.597744 0.243343 -0.763863
vn -0.953220 0.227101 0.199491
vn -0.961627 0.200722 0.187040
vn -0.960936 0.214948 0.174351
vn -0.961627 0.200722 0.187040
vn -0.965501 0.187454 0.180745
vn -0.960936 0.214948 0.174351
vn -0.961627 0.200722 0.187040
vn -0.961959 0.172061 0.212202
vn -0.965501 0.187454 0.180745
vn 0.000000 -0.945026 -0.326996
vn 0.000000 -0.941080 -0.338184
vn 0.000000 -0.928455 -0.371444
vn 0.000000 -0.952514 -0.304496
vn 0.000000 -0.941080 -0.338184
vn 0.000000 -0.945026 -0.326996
vn 0.000000 -0.952514 -0.304496
vn 0.000000 -0.952514 -0.304496
vn 0.000000 -0.945026 -0.326996
vn -0.394592 0.348404 -0.850242
vn -0.409620 0.230929 -0.882543
vn -0.597744 0.243343 -0.763863
vn 0.000090 -0.845420 -0.534102
vn 0.000000 -0.828648 -0.559771
vn 0.000044 -0.827989 -0.560744
vn -0.959629 0.192877 0.204722
vn -0.963716 0.179070 0.197954
vn -0.959727 0.222283 0.171795
vn -0.952544 0.247200 0.177627
vn -0.959629 0.192877 0.204722
vn -0.959727 0.222283 0.171795
vn -0.959727 0.222283 0.171795
vn -0.952606 0.260424 0.157230
vn -0.952544 0.247200 0.177627
vn -0.952606 0.260424 0.157230
vn -0.945546 0.270369 0.181226
vn -0.952544 0.247200 0.177627
vn -0.917687 0.387610 0.087236
vn -0.956775 0.250354 -0.148002
vn -0.763852 0.243345 0.597757
vn -0.604151 0.376845 0.702132
vn -0.917687 0.387610 0.087236
vn -0.763852 0.243345 0.597757
vn -0.415561 0.159410 0.895487
vn -0.409552 0.230932 0.882574
vn -0.607457 0.168251 0.776330
vn -0.409552 0.230932 0.882574
vn -0.763852 0.243345 0.597757
vn -0.607457 0.168251 0.776330
vn -0.763852 0.243345 0.597757
vn -0.409552 0.230932 0.882574
vn -0.604151 0.376845 0.702132
vn -0.409552 0.230932 0.882574
vn -0.390740 0.371733 0.842102
vn -0.604151 0.376845 0.702132
vn -0.390740 0.371733 0.842102
vn -0.804511 0.593938 0.000027
vn -0.604151 0.376845 0.702132
vn -0.604151 0.376845 0.702132
vn -0.804511 0.593938 0.000027
vn -0.917687 0.387610 0.087236
vn 0.000000 -0.973480 -0.228771
vn 0.000000 -0.973480 -0.228771
vn 0.000000 -0.959352 -0.282212
vn 0.000000 -0.973480 -0.228771
vn 0.000000 -0.942235 -0.334952
vn 0.000000 -0.959352 -0.282212
vn 0.000000 -0.959352 -0.282212
vn 0.000000 -0.942235 -0.334952
vn 0.000000 -0.904474 -0.426528
vn 0.000000 -0.942235 -0.334952
vn 0.000000 -0.894896 -0.446275
vn 0.000000 -0.904474 -0.426528
vn 0.000000 -0.904474 -0.426528
vn 0.000000 -0.894896 -0.446275
vn 0.000000 -0.863636 -0.504116
vn -0.959629 0.192877 0.204722
vn -0.959113 0.162238 0.231906
vn -0.963716 0.179070 0.197954
vn 0.000000 -0.894836 -0.446394
vn 0.000000 -0.894836 -0.446394
vn 0.000000 -0.889977 -0.456006
vn 0.000000 -0.894836 -0.446394
vn 0.000046 -0.885019 -0.465556
vn 0.000000 -0.889977 -0.456006
vn 0.000000 -0.889977 -0.456006
vn 0.000046 -0.885019 -0.465556
vn 0.000090 -0.863203 -0.504857
vn 0.000046 -0.885019 -0.465556
vn 0.000090 -0.845420 -0.534102
vn 0.000090 -0.863203 -0.504857
vn -0.597744 0.243343 -0.763863
vn -0.409620 0.230929 -0.882543
vn -0.415601 0.159417 -0.895468
vn -0.776316 0.168261 -0.607472
vn -0.597744 0.243343 -0.763863
vn -0.415601 0.159417 -0.895468
vn -0.917687 0.387610 0.087236
vn -0.702100 0.376847 -0.604187
vn -0.956775 0.250354 -0.148002
vn -0.702100 0.376847 -0.604187
vn -0.597744 0.243343 -0.763863
vn -0.956775 0.250354 -0.148002
vn -0.956775 0.250354 -0.148002
vn -0.597744 0.243343 -0.763863
vn -0.776316 0.168261 -0.607472
vn -0.973296 0.173261 0.150581
vn -0.956775 0.250354 -0.148002
vn -0.776316 0.168261 -0.607472
vn -0.724804 -0.611009 0.318319
vn -0.450815 -0.780474 0.433158
vn -0.466482 -0.864220 0.188461
vn -0.764841 -0.629425 0.137265
vn -0.994172 -0.105334 0.022971
vn -0.999509 0.010365 0.029570
vn -0.724804 -0.611009 0.318319
vn -0.764841 -0.629425 0.137265
vn -0.999914 -0.003634 -0.012563
vn -0.999857 -0.003743 -0.016480
vn -0.758709 0.556087 -0.339303
vn -0.764957 0.616517 -0.186408
vn -0.764839 0.629429 -0.137260
vn -0.810558 0.520566 -0.268342
vn -0.999509 0.010365 0.029570
vn -0.994172 -0.105334 0.022971
vn -0.234763 -0.008773 -0.972013
vn -0.189671 -0.030361 -0.981378
vn -0.135085 -0.230456 -0.963661
vn -0.252033 -0.178373 -0.951137
vn -0.999962 -0.000199 -0.008719
vn -0.999914 -0.003634 -0.012563
vn -0.764957 0.616517 -0.186408
vn -0.764445 0.642546 -0.052525
vn -0.764839 0.629429 -0.137260
vn -0.466471 0.864228 -0.188455
vn -0.462014 0.803494 -0.375420
vn -0.810558 0.520566 -0.268342
vn -0.994093 0.108522 0.001716
vn -0.999962 -0.000199 -0.008719
vn -0.764445 0.642546 -0.052525
vn -0.670624 0.741696 0.012271
vn -0.724804 -0.611009 0.318319
vn -0.758138 -0.558499 0.336609
vn -0.441453 -0.715537 0.541411
vn -0.450815 -0.780474 0.433158
vn -0.999509 0.010365 0.029570
vn -0.999857 -0.003743 -0.016480
vn -0.758138 -0.558499 0.336609
vn -0.724804 -0.611009 0.318319
vn -0.122324 0.134281 -0.983364
vn -0.189671 -0.030361 -0.981378
vn -0.234763 -0.008773 -0.972013
vn -0.195783 0.178157 -0.964328
vn -0.810558 0.520566 -0.268342
vn -0.758709 0.556087 -0.339303
vn -0.999857 -0.003743 -0.016480
vn -0.999509 0.010365 0.029570
vn -0.670624 0.741696 0.012271
vn -0.764445 0.642546 -0.052525
vn -0.465847 0.884187 -0.034654
vn -0.466089 0.884602 0.015480
vn -0.462014 0.803494 -0.375420
vn -0.461365 0.786795 -0.409996
vn -0.758709 0.556087 -0.339303
vn -0.810558 0.520566 -0.268342
vn -0.764445 0.642546 -0.052525
vn -0.764957 0.616517 -0.186408
vn -0.465250 0.861221 -0.204548
vn -0.465847 0.884187 -0.034654
vn -0.764813 -0.623904 0.160639
vn -0.758138 -0.558499 0.336609
vn -0.999857 -0.003743 -0.016480
vn -0.999914 -0.003634 -0.012563
vn -0.252669 -0.290474 -0.922921
vn -0.252033 -0.178373 -0.951137
vn -0.135085 -0.230456 -0.963661
vn -0.171589 -0.352011 -0.920134
vn -0.411865 -0.070110 -0.908544
vn -0.234763 -0.008773 -0.972013
vn -0.252033 -0.178373 -0.951137
vn -0.252669 -0.290474 -0.922921
vn -0.764544 -0.643398 0.038867
vn -0.764813 -0.623904 0.160639
vn -0.999914 -0.003634 -0.012563
vn -0.999962 -0.000199 -0.008719
vn -0.337311 0.176899 -0.924623
vn -0.195783 0.178157 -0.964328
vn -0.234763 -0.008773 -0.972013
vn -0.411865 -0.070110 -0.908544
vn -0.843828 -0.536591 -0.004877
vn -0.764544 -0.643398 0.038867
vn -0.999962 -0.000199 -0.008719
vn -0.994093 0.108522 0.001716
vn -0.177060 0.308971 -0.934445
vn -0.122324 0.134281 -0.983364
vn -0.195783 0.178157 -0.964328
vn -0.337311 0.176899 -0.924623
vn -0.465149 -0.885207 -0.006739
vn -0.464848 -0.880881 0.089248
vn -0.764544 -0.643398 0.038867
vn -0.843828 -0.536591 -0.004877
vn -0.764957 0.616517 -0.186408
vn -0.758709 0.556087 -0.339303
vn -0.461365 0.786795 -0.409996
vn -0.465250 0.861221 -0.204548
vn -0.465496 -0.843358 0.268442
vn -0.441453 -0.715537 0.541411
vn -0.758138 -0.558499 0.336609
vn -0.764813 -0.623904 0.160639
vn -0.464848 -0.880881 0.089248
vn -0.465496 -0.843358 0.268442
vn -0.764813 -0.623904 0.160639
vn -0.764544 -0.643398 0.038867
vn 0.724804 -0.611009 0.318319
vn 0.466482 -0.864220 0.188461
vn 0.994172 -0.105334 0.022971
vn 0.724804 -0.611009 0.318319
vn 0.999914 -0.003634 -0.012563
vn 0.758709 0.556087 -0.339303
vn 0.764839 0.629429 -0.137260
vn 0.999509 0.010365 0.029570
vn 0.234763 -0.008773 -0.972013
vn 0.135085 -0.230456 -0.963661
vn 0.999962 -0.000199 -0.008719
vn 0.764957 0.616517 -0.186408
vn 0.764839 0.629429 -0.137260
vn 0.462014 0.803494 -0.375420
vn 0.994093 0.108522 0.001716
vn 0.764445 0.642546 -0.052525
vn 0.724804 -0.611009 0.318319
vn 0.441453 -0.715537 0.541411
vn 0.999509 0.010365 0.029570
vn 0.758138 -0.558499 0.336609
vn 0.122324 0.134281 -0.983364
vn 0.234763 -0.008773 -0.972013
vn 0.810558 0.520566 -0.268342
vn 0.999857 -0.003743 -0.016480
vn 0.670624 0.741696 0.012271
vn 0.465847 0.884187 -0.034654
vn 0.462014 0.803494 -0.375420
vn 0.758709 0.556087 -0.339303
vn 0.764445 0.642546 -0.052525
vn 0.465250 0.861221 -0.204548
vn 0.764813 -0.623903 0.160639
vn 0.999857 -0.003743 -0.016480
vn 0.252669 -0.290474 -0.922921
vn 0.135085 -0.230456 -0.963661
vn 0.411865 -0.070110 -0.908544
vn 0.252033 -0.178373 -0.951137
vn 0.764544 -0.643398 0.038867
vn 0.999914 -0.003634 -0.012563
vn 0.337311 0.176899 -0.924623
vn 0.234763 -0.008773 -0.972013
vn 0.843828 -0.536591 -0.004877
vn 0.999962 -0.000199 -0.008719
vn 0.177060 0.308971 -0.934445
vn 0.195783 0.178157 -0.964328
vn 0.465149 -0.885207 -0.006739
vn 0.764544 -0.643398 0.038867
vn 0.764957 0.616517 -0.186408
vn 0.461365 0.786795 -0.409996
vn 0.465496 -0.843358 0.268442
vn 0.758138 -0.558499 0.336609
vn 0.464848 -0.880881 0.089248
vn 0.764813 -0.623903 0.160639
vn -0.724804 -0.611009 0.318319
vn -0.466482 -0.864220 0.188461
vn -0.994172 -0.105334 0.022971
vn -0.724804 -0.611009 0.318319
vn -0.999914 -0.003634 -0.012563
vn -0.758709 0.556087 -0.339303
vn -0.764839 0.629429 -0.137260
vn -0.999509 0.010365 0.029570
vn -0.234763 -0.008773 -0.972013
vn -0.135085 -0.230456 -0.963661
vn -0.999962 -0.000199 -0.008719
vn -0.764957 0.616517 -0.186408
vn -0.764839 0.629429 -0.137260
vn -0.462014 0.803494 -0.375420
vn -0.994093 0.108522 0.001716
vn -0.764445 0.642546 -0.052525
vn -0.724804 -0.611009 0.318319
vn -0.441453 -0.715537 0.541411
vn -0.999509 0.010365 0.029570
vn -0.758138 -0.558499 0.336609
vn -0.122324 0.134281 -0.983364
vn -0.234763 -0.008773 -0.972013
vn -0.810558 0.520566 -0.268342
vn -0.999857 -0.003743 -0.016480
vn -0.670624 0.741696 0.012271
vn -0.465847 0.884187 -0.034654
vn -0.462014 0.803494 -0.375420
vn -0.758709 0.556087 -0.339303
vn -0.764445 0.642546 -0.052525
vn -0.465250 0.861221 -0.204548
vn -0.764813 -0.623904 0.160639
vn -0.999857 -0.003743 -0.016480
vn -0.252669 -0.290474 -0.922921
vn -0.135085 -0.230456 -0.963661
vn -0.411865 -0.070110 -0.908544
vn -0.252033 -0.178373 -0.951137
vn -0.764544 -0.643398 0.038867
vn -0.999914 -0.003634 -0.012563
vn -0.337311 0.176899 -0.924623
vn -0.234763 -0.008773 -0.972013
vn -0.843828 -0.536591 -0.004877
vn -0.999962 -0.000199 -0.008719
vn -0.177060 0.308971 -0.934445
vn -0.195783 0.178157 -0.964328
vn -0.465149 -0.885207 -0.006739
vn -0.764544 -0.643398 0.038867
vn -0.764957 0.616517 -0.186408
vn -0.461365 0.786795 -0.409996
vn -0.465496 -0.843358 0.268442
vn -0.758138 -0.558499 0.336609
vn -0.464848 -0.880881 0.089248
vn -0.764813 -0.623904 0.160639
#end 2460 vertex normals

#begin texture vertices
vt 0.812621 0.419673 0.000000
vt 0.802601 0.391530 0.000000
vt 0.827821 0.419673 0.000000
vt 0.820977 0.391530 0.000000
vt 0.860571 0.419673 0.000000
vt 0.860571 0.391530 0.000000
vt 0.975296 0.113352 0.000000
vt 0.978469 0.149631 0.000000
vt 0.011921 0.485534 0.000000
vt 0.025979 0.484577 0.000000
vt 0.011594 0.444502 0.000000
vt 0.023196 0.443712 0.000000
vt 0.011849 0.405907 0.000000
vt 0.020580 0.405313 0.000000
vt 0.462045 0.005237 0.000000
vt 0.493254 0.038825 0.000000
vt 0.493525 0.005237 0.000000
vt 0.462176 0.038825 0.000000
vt 0.376037 0.005237 0.000000
vt 0.377270 0.038825 0.000000
vt 0.258553 0.005237 0.000000
vt 0.261290 0.038825 0.000000
vt 0.141065 0.005237 0.000000
vt 0.145306 0.038825 0.000000
vt 0.055061 0.005237 0.000000
vt 0.060400 0.038825 0.000000
vt 0.023580 0.005237 0.000000
vt 0.029325 0.038825 0.000000
vt 0.153335 0.047871 0.000000
vt 0.145700 0.061403 0.000000
vt 0.114575 0.047675 0.000000
vt 0.169912 0.061701 0.000000
vt 0.195815 0.046750 0.000000
vt 0.202791 0.060461 0.000000
vt 0.247778 0.045447 0.000000
vt 0.245057 0.060039 0.000000
vt 0.299421 0.046319 0.000000
vt 0.285366 0.060170 0.000000
vt 0.338190 0.046896 0.000000
vt 0.316120 0.060207 0.000000
vt 0.372556 0.046825 0.000000
vt 0.335939 0.060166 0.000000
vt 0.402585 0.068871 0.000000
vt 0.460812 0.082392 0.000000
vt 0.466285 0.074346 0.000000
vt 0.398385 0.078312 0.000000
vt 0.458623 0.103235 0.000000
vt 0.399340 0.099262 0.000000
vt 0.335300 0.078159 0.000000
vt 0.336800 0.097185 0.000000
vt 0.268836 0.078401 0.000000
vt 0.268360 0.096429 0.000000
vt 0.337957 0.067543 0.000000
vt 0.269277 0.067311 0.000000
vt 0.201863 0.066782 0.000000
vt 0.203161 0.077456 0.000000
vt 0.200779 0.097278 0.000000
vt 0.145200 0.078807 0.000000
vt 0.144725 0.099574 0.000000
vt 0.085002 0.082878 0.000000
vt 0.089139 0.104714 0.000000
vt 0.142244 0.069495 0.000000
vt 0.079916 0.074295 0.000000
vt 0.183080 0.105665 0.000000
vt 0.144231 0.114113 0.000000
vt 0.144366 0.105692 0.000000
vt 0.179300 0.113731 0.000000
vt 0.220110 0.105276 0.000000
vt 0.216812 0.113953 0.000000
vt 0.272401 0.104886 0.000000
vt 0.272272 0.114016 0.000000
vt 0.321590 0.105267 0.000000
vt 0.325281 0.113963 0.000000
vt 0.363066 0.105984 0.000000
vt 0.366017 0.113958 0.000000
vt 0.399308 0.106102 0.000000
vt 0.398413 0.114223 0.000000
vt 0.395857 0.121885 0.000000
vt 0.415693 0.132840 0.000000
vt 0.415693 0.122770 0.000000
vt 0.395857 0.131955 0.000000
vt 0.417526 0.153740 0.000000
vt 0.436978 0.155953 0.000000
vt 0.344077 0.119672 0.000000
vt 0.344077 0.129743 0.000000
vt 0.359138 0.151528 0.000000
vt 0.272460 0.117460 0.000000
vt 0.272460 0.127531 0.000000
vt 0.272460 0.148431 0.000000
vt 0.199960 0.118787 0.000000
vt 0.199960 0.128858 0.000000
vt 0.184899 0.149758 0.000000
vt 0.151714 0.120115 0.000000
vt 0.151714 0.130185 0.000000
vt 0.135347 0.152855 0.000000
vt 0.131878 0.121885 0.000000
vt 0.131878 0.131955 0.000000
vt 0.108822 0.155953 0.000000
vt 0.187287 0.168670 0.000000
vt 0.148151 0.169925 0.000000
vt 0.139533 0.153940 0.000000
vt 0.183820 0.152672 0.000000
vt 0.229348 0.167546 0.000000
vt 0.227734 0.151884 0.000000
vt 0.272419 0.167945 0.000000
vt 0.272419 0.153181 0.000000
vt 0.311764 0.167431 0.000000
vt 0.317382 0.152723 0.000000
vt 0.352545 0.169448 0.000000
vt 0.355718 0.153390 0.000000
vt 0.391680 0.170184 0.000000
vt 0.400003 0.154043 0.000000
vt 0.124675 0.188460 0.000000
vt 0.146661 0.174128 0.000000
vt 0.123881 0.179116 0.000000
vt 0.149267 0.185953 0.000000
vt 0.192024 0.171820 0.000000
vt 0.193149 0.183810 0.000000
vt 0.286536 0.170006 0.000000
vt 0.287949 0.182306 0.000000
vt 0.375614 0.171820 0.000000
vt 0.131450 0.215501 0.000000
vt 0.155412 0.213165 0.000000
vt 0.199628 0.211415 0.000000
vt 0.289160 0.210179 0.000000
vt 0.379743 0.183810 0.000000
vt 0.424675 0.175901 0.000000
vt 0.427899 0.188825 0.000000
vt 0.453800 0.176808 0.000000
vt 0.166209 0.263489 0.000000
vt 0.206675 0.263984 0.000000
vt 0.285581 0.263258 0.000000
vt 0.364487 0.262532 0.000000
vt 0.380729 0.211423 0.000000
vt 0.145067 0.263684 0.000000
vt 0.222462 0.338393 0.000000
vt 0.286769 0.338393 0.000000
vt 0.351075 0.338393 0.000000
vt 0.403215 0.262176 0.000000
vt 0.426266 0.213303 0.000000
vt 0.192616 0.338393 0.000000
vt 0.257660 0.409338 0.000000
vt 0.266967 0.409338 0.000000
vt 0.287026 0.409338 0.000000
vt 0.307084 0.409338 0.000000
vt 0.380919 0.338393 0.000000
vt 0.424357 0.261981 0.000000
vt 0.287026 0.414600 0.000000
vt 0.316389 0.409338 0.000000
vt 0.444278 0.215060 0.000000
vt 0.448490 0.191834 0.000000
vt 0.688415 0.461645 0.000000
vt 0.792521 0.447004 0.000000
vt 0.827188 0.465183 0.000000
vt 0.716816 0.482580 0.000000
vt 0.601815 0.465952 0.000000
vt 0.625322 0.486309 0.000000
vt 0.551962 0.467243 0.000000
vt 0.551962 0.486814 0.000000
vt 0.474429 0.467655 0.000000
vt 0.454859 0.484605 0.000000
vt 0.363796 0.460357 0.000000
vt 0.333261 0.478036 0.000000
vt 0.260294 0.443294 0.000000
vt 0.223642 0.457039 0.000000
vt 0.210310 0.823411 0.000000
vt 0.161967 0.833440 0.000000
vt 0.142370 0.823389 0.000000
vt 0.192544 0.810607 0.000000
vt 0.343763 0.810632 0.000000
vt 0.331472 0.794301 0.000000
vt 0.511120 0.805449 0.000000
vt 0.507674 0.786890 0.000000
vt 0.682234 0.810632 0.000000
vt 0.686738 0.794301 0.000000
vt 0.796568 0.823411 0.000000
vt 0.807886 0.810607 0.000000
vt 0.838925 0.833440 0.000000
vt 0.852912 0.823389 0.000000
vt 0.892898 0.522825 0.000000
vt 0.833107 0.462826 0.000000
vt 0.720991 0.480441 0.000000
vt 0.758256 0.538230 0.000000
vt 0.798689 0.604871 0.000000
vt 0.931317 0.598871 0.000000
vt 0.959784 0.683329 0.000000
vt 0.798331 0.682026 0.000000
vt 0.946635 0.761761 0.000000
vt 0.587522 0.484188 0.000000
vt 0.578840 0.542665 0.000000
vt 0.572661 0.607478 0.000000
vt 0.572250 0.676812 0.000000
vt 0.777180 0.747894 0.000000
vt 0.742671 0.804608 0.000000
vt 0.907742 0.835115 0.000000
vt 0.456956 0.482798 0.000000
vt 0.424192 0.539015 0.000000
vt 0.377872 0.608781 0.000000
vt 0.351380 0.683329 0.000000
vt 0.350148 0.738769 0.000000
vt 0.568003 0.741376 0.000000
vt 0.561379 0.797367 0.000000
vt 0.333405 0.475729 0.000000
vt 0.284189 0.533953 0.000000
vt 0.222958 0.600960 0.000000
vt 0.186897 0.683329 0.000000
vt 0.188869 0.744852 0.000000
vt 0.363819 0.802798 0.000000
vt 0.221252 0.455241 0.000000
vt 0.156903 0.503456 0.000000
vt 0.073775 0.593851 0.000000
vt 0.029965 0.682543 0.000000
vt 0.036699 0.759662 0.000000
vt 0.217160 0.817281 0.000000
vt 0.333403 0.475729 0.000000
vt 0.284191 0.533953 0.000000
vt 0.222959 0.600960 0.000000
vt 0.186900 0.683329 0.000000
vt 0.188870 0.744852 0.000000
vt 0.101680 0.839082 0.000000
vt 0.217163 0.817281 0.000000
vt 0.284988 0.903828 0.000000
vt 0.204991 0.911474 0.000000
vt 0.221455 0.922911 0.000000
vt 0.271488 0.891815 0.000000
vt 0.370776 0.891804 0.000000
vt 0.364119 0.880335 0.000000
vt 0.489650 0.885840 0.000000
vt 0.489650 0.875816 0.000000
vt 0.638381 0.890089 0.000000
vt 0.643622 0.877908 0.000000
vt 0.736601 0.903270 0.000000
vt 0.748940 0.890067 0.000000
vt 0.798486 0.920581 0.000000
vt 0.815699 0.910306 0.000000
vt 0.370257 0.957643 0.000000
vt 0.259346 0.923429 0.000000
vt 0.324532 0.966096 0.000000
vt 0.308033 0.906244 0.000000
vt 0.416919 0.953159 0.000000
vt 0.384999 0.896375 0.000000
vt 0.491701 0.948129 0.000000
vt 0.491701 0.890888 0.000000
vt 0.598463 0.950543 0.000000
vt 0.624275 0.894161 0.000000
vt 0.646614 0.956228 0.000000
vt 0.712538 0.906149 0.000000
vt 0.675037 0.961766 0.000000
vt 0.767079 0.920547 0.000000
vt 0.415961 0.966004 0.000000
vt 0.374981 0.968170 0.000000
vt 0.392424 0.971582 0.000000
vt 0.427713 0.971303 0.000000
vt 0.454797 0.965031 0.000000
vt 0.461947 0.971223 0.000000
vt 0.507297 0.963779 0.000000
vt 0.507297 0.970930 0.000000
vt 0.561766 0.965031 0.000000
vt 0.554614 0.971223 0.000000
vt 0.603605 0.966112 0.000000
vt 0.591758 0.971194 0.000000
vt 0.648470 0.969137 0.000000
vt 0.630865 0.971582 0.000000
vt 0.212979 0.975103 0.000000
vt 0.250428 0.968180 0.000000
vt 0.250428 0.975103 0.000000
vt 0.212979 0.968180 0.000000
vt 0.175530 0.975103 0.000000
vt 0.175530 0.968180 0.000000
vt 0.138079 0.975103 0.000000
vt 0.138079 0.968180 0.000000
vt 0.100630 0.975103 0.000000
vt 0.100630 0.968180 0.000000
vt 0.063180 0.975103 0.000000
vt 0.063180 0.968180 0.000000
vt 0.025730 0.975103 0.000000
vt 0.025730 0.968180 0.000000
vt 0.734862 0.390592 0.000000
vt 0.716058 0.409703 0.000000
vt 0.765165 0.411934 0.000000
vt 0.788823 0.396747 0.000000
vt 0.754597 0.378459 0.000000
vt 0.804101 0.358104 0.000000
vt 0.829004 0.384607 0.000000
vt 0.847440 0.351586 0.000000
vt 0.879305 0.377681 0.000000
vt 0.907636 0.348828 0.000000
vt 0.960226 0.359061 0.000000
vt 0.918503 0.378045 0.000000
vt 0.274531 0.895351 0.000000
vt 0.116551 0.846299 0.000000
vt 0.208979 0.914365 0.000000
vt 0.197951 0.831643 0.000000
vt 0.365895 0.883426 0.000000
vt 0.321152 0.814608 0.000000
vt 0.489648 0.878836 0.000000
vt 0.483424 0.807447 0.000000
vt 0.641847 0.881393 0.000000
vt 0.661463 0.810438 0.000000
vt 0.745127 0.893779 0.000000
vt 0.811729 0.826230 0.000000
vt 0.810373 0.913469 0.000000
vt 0.900014 0.846747 0.000000
vt 0.915652 0.083382 0.000000
vt 0.978012 0.122196 0.000000
vt 0.860571 0.472638 0.000000
vt 0.891669 0.443864 0.000000
vt 0.881812 0.443864 0.000000
vt 0.893321 0.419673 0.000000
vt 0.918539 0.391530 0.000000
vt 0.908519 0.419673 0.000000
vt 0.900165 0.391530 0.000000
vt 0.901436 0.130639 0.000000
vt 0.913663 0.103254 0.000000
vt 0.021506 0.405120 0.000000
vt 0.908764 0.007540 0.000000
vt 0.014218 0.311898 0.000000
vt 0.017620 0.361845 0.000000
vt 0.012754 0.362177 0.000000
vt 0.013514 0.465462 0.000000
vt 0.028809 0.463916 0.000000
vt 0.014222 0.429834 0.000000
vt 0.025252 0.428720 0.000000
vt 0.015059 0.389370 0.000000
vt 0.021213 0.388748 0.000000
vt 0.016180 0.338939 0.000000
vt 0.909898 0.028512 0.000000
vt 0.956435 0.074531 0.000000
vt 0.916767 0.070396 0.000000
vt 0.015364 0.405840 0.000000
vt 0.026011 0.443510 0.000000
vt 0.015000 0.444802 0.000000
vt 0.970788 0.188835 0.000000
vt 0.897212 0.173459 0.000000
vt 0.906081 0.134353 0.000000
vt 0.975899 0.144776 0.000000
vt 0.912038 0.097491 0.000000
vt 0.860571 0.443864 0.000000
vt 0.839329 0.443864 0.000000
vt 0.829471 0.443864 0.000000
vt 0.951297 0.055834 0.000000
vt 0.910198 0.055638 0.000000
vt 0.972945 0.101289 0.000000
vt 0.016298 0.360725 0.000000
vt 0.918250 0.042335 0.000000
vt 0.960310 0.082999 0.000000
vt 0.908363 0.118709 0.000000
vt 0.616446 0.028915 0.000000
vt 0.653582 0.027056 0.000000
vt 0.601063 0.029684 0.000000
vt 0.508420 0.336199 0.000000
vt 0.651941 0.383791 0.000000
vt 0.510649 0.309310 0.000000
vt 0.690718 0.025198 0.000000
vt 0.676169 0.311298 0.000000
vt 0.529438 0.343169 0.000000
vt 0.630922 0.376821 0.000000
vt 0.539048 0.309651 0.000000
vt 0.706101 0.024429 0.000000
vt 0.504282 0.267024 0.000000
vt 0.580180 0.359995 0.000000
vt 0.704567 0.311639 0.000000
vt 0.607608 0.310474 0.000000
vt 0.759642 0.031135 0.000000
vt 0.724527 0.036305 0.000000
vt 0.658955 0.042926 0.000000
vt 0.529078 0.189682 0.000000
vt 0.583233 0.044464 0.000000
vt 0.554802 0.109405 0.000000
vt 0.549568 0.041646 0.000000
vt 0.533500 0.268176 0.000000
vt 0.654340 0.023023 0.000000
vt 0.703796 0.274888 0.000000
vt 0.745085 0.196952 0.000000
vt 0.780805 0.103610 0.000000
vt 0.746173 0.109773 0.000000
vt 0.710800 0.200351 0.000000
vt 0.674578 0.273736 0.000000
vt 0.672311 0.114132 0.000000
vt 0.638532 0.200942 0.000000
vt 0.604039 0.270956 0.000000
vt 0.569164 0.194997 0.000000
vt 0.591198 0.114135 0.000000
vt 0.812621 0.419673 0.000000
vt 0.802601 0.391530 0.000000
vt 0.827821 0.419673 0.000000
vt 0.820977 0.391530 0.000000
vt 0.860571 0.419673 0.000000
vt 0.860571 0.391530 0.000000
vt 0.975296 0.113352 0.000000
vt 0.978469 0.149631 0.000000
vt 0.011921 0.485534 0.000000
vt 0.025979 0.484577 0.000000
vt 0.011594 0.444502 0.000000
vt 0.023196 0.443712 0.000000
vt 0.011849 0.405907 0.000000
vt 0.020580 0.405313 0.000000
vt 0.462045 0.005237 0.000000
vt 0.493254 0.038825 0.000000
vt 0.493525 0.005237 0.000000
vt 0.462176 0.038825 0.000000
vt 0.376037 0.005237 0.000000
vt 0.377270 0.038825 0.000000
vt 0.258553 0.005237 0.000000
vt 0.261290 0.038825 0.000000
vt 0.141065 0.005237 0.000000
vt 0.145306 0.038825 0.000000
vt 0.055061 0.005237 0.000000
vt 0.060400 0.038825 0.000000
vt 0.023580 0.005237 0.000000
vt 0.029325 0.038825 0.000000
vt 0.153335 0.047871 0.000000
vt 0.145700 0.061403 0.000000
vt 0.114575 0.047675 0.000000
vt 0.169912 0.061701 0.000000
vt 0.195815 0.046750 0.000000
vt 0.202791 0.060461 0.000000
vt 0.247778 0.045447 0.000000
vt 0.245057 0.060039 0.000000
vt 0.299421 0.046319 0.000000
vt 0.285366 0.060170 0.000000
vt 0.338190 0.046896 0.000000
vt 0.316120 0.060207 0.000000
vt 0.372556 0.046825 0.000000
vt 0.335939 0.060166 0.000000
vt 0.402585 0.068871 0.000000
vt 0.460812 0.082392 0.000000
vt 0.466285 0.074346 0.000000
vt 0.398385 0.078312 0.000000
vt 0.458623 0.103235 0.000000
vt 0.399340 0.099262 0.000000
vt 0.335300 0.078159 0.000000
vt 0.336800 0.097185 0.000000
vt 0.268836 0.078401 0.000000
vt 0.268360 0.096429 0.000000
vt 0.337957 0.067543 0.000000
vt 0.269277 0.067311 0.000000
vt 0.201863 0.066782 0.000000
vt 0.203161 0.077456 0.000000
vt 0.200779 0.097278 0.000000
vt 0.145200 0.078807 0.000000
vt 0.144725 0.099574 0.000000
vt 0.085002 0.082878 0.000000
vt 0.089139 0.104714 0.000000
vt 0.142244 0.069495 0.000000
vt 0.079916 0.074295 0.000000
vt 0.183080 0.105665 0.000000
vt 0.144231 0.114113 0.000000
vt 0.144366 0.105692 0.000000
vt 0.179300 0.113731 0.000000
vt 0.220110 0.105276 0.000000
vt 0.216812 0.113953 0.000000
vt 0.272401 0.104886 0.000000
vt 0.272272 0.114016 0.000000
vt 0.321590 0.105267 0.000000
vt 0.325281 0.113963 0.000000
vt 0.363066 0.105984 0.000000
vt 0.366017 0.113958 0.000000
vt 0.399308 0.106102 0.000000
vt 0.398413 0.114223 0.000000
vt 0.395857 0.121885 0.000000
vt 0.415693 0.132840 0.000000
vt 0.415693 0.122770 0.000000
vt 0.395857 0.131955 0.000000
vt 0.417526 0.153740 0.000000
vt 0.436978 0.155953 0.000000
vt 0.344077 0.119672 0.000000
vt 0.344077 0.129743 0.000000
vt 0.359138 0.151528 0.000000
vt 0.272460 0.117460 0.000000
vt 0.272460 0.127531 0.000000
vt 0.272460 0.148431 0.000000
vt 0.199960 0.118787 0.000000
vt 0.199960 0.128858 0.000000
vt 0.184899 0.149758 0.000000
vt 0.151714 0.120115 0.000000
vt 0.151714 0.130185 0.000000
vt 0.135347 0.152855 0.000000
vt 0.131878 0.121885 0.000000
vt 0.131878 0.131955 0.000000
vt 0.108822 0.155953 0.000000
vt 0.187287 0.168670 0.000000
vt 0.148151 0.169925 0.000000
vt 0.139533 0.153940 0.000000
vt 0.183820 0.152672 0.000000
vt 0.229348 0.167546 0.000000
vt 0.227734 0.151884 0.000000
vt 0.272419 0.167945 0.000000
vt 0.272419 0.153181 0.000000
vt 0.311764 0.167431 0.000000
vt 0.317382 0.152723 0.000000
vt 0.352545 0.169448 0.000000
vt 0.355718 0.153390 0.000000
vt 0.391680 0.170184 0.000000
vt 0.400003 0.154043 0.000000
vt 0.124675 0.188460 0.000000
vt 0.146661 0.174128 0.000000
vt 0.123881 0.179116 0.000000
vt 0.149267 0.185953 0.000000
vt 0.192024 0.171820 0.000000
vt 0.193149 0.183810 0.000000
vt 0.286536 0.170006 0.000000
vt 0.287949 0.182306 0.000000
vt 0.375614 0.171820 0.000000
vt 0.131450 0.215501 0.000000
vt 0.155412 0.213165 0.000000
vt 0.199628 0.211415 0.000000
vt 0.289160 0.210179 0.000000
vt 0.379743 0.183810 0.000000
vt 0.424675 0.175901 0.000000
vt 0.427899 0.188825 0.000000
vt 0.453800 0.176808 0.000000
vt 0.166209 0.263489 0.000000
vt 0.206675 0.263984 0.000000
vt 0.285581 0.263258 0.000000
vt 0.364487 0.262532 0.000000
vt 0.380729 0.211423 0.000000
vt 0.145067 0.263684 0.000000
vt 0.222462 0.338393 0.000000
vt 0.286769 0.338393 0.000000
vt 0.351075 0.338393 0.000000
vt 0.403215 0.262176 0.000000
vt 0.426266 0.213303 0.000000
vt 0.192616 0.338393 0.000000
vt 0.257660 0.409338 0.000000
vt 0.266967 0.409338 0.000000
vt 0.287026 0.409338 0.000000
vt 0.307084 0.409338 0.000000
vt 0.380919 0.338393 0.000000
vt 0.424357 0.261981 0.000000
vt 0.287026 0.414600 0.000000
vt 0.316389 0.409338 0.000000
vt 0.444278 0.215060 0.000000
vt 0.448490 0.191834 0.000000
vt 0.688415 0.461645 0.000000
vt 0.792521 0.447004 0.000000
vt 0.827188 0.465183 0.000000
vt 0.716816 0.482580 0.000000
vt 0.601815 0.465952 0.000000
vt 0.625322 0.486309 0.000000
vt 0.551962 0.467243 0.000000
vt 0.551962 0.486814 0.000000
vt 0.474429 0.467655 0.000000
vt 0.454859 0.484605 0.000000
vt 0.363796 0.460357 0.000000
vt 0.333261 0.478036 0.000000
vt 0.260294 0.443294 0.000000
vt 0.223642 0.457039 0.000000
vt 0.210310 0.823411 0.000000
vt 0.161967 0.833440 0.000000
vt 0.142370 0.823389 0.000000
vt 0.192544 0.810607 0.000000
vt 0.343763 0.810632 0.000000
vt 0.331472 0.794301 0.000000
vt 0.511120 0.805449 0.000000
vt 0.507674 0.786890 0.000000
vt 0.682234 0.810632 0.000000
vt 0.686738 0.794301 0.000000
vt 0.796568 0.823411 0.000000
vt 0.807886 0.810607 0.000000
vt 0.838925 0.833440 0.000000
vt 0.852912 0.823389 0.000000
vt 0.892898 0.522825 0.000000
vt 0.833107 0.462826 0.000000
vt 0.720991 0.480441 0.000000
vt 0.758256 0.538230 0.000000
vt 0.798689 0.604871 0.000000
vt 0.931317 0.598871 0.000000
vt 0.959784 0.683329 0.000000
vt 0.798331 0.682026 0.000000
vt 0.946635 0.761761 0.000000
vt 0.587522 0.484188 0.000000
vt 0.578840 0.542665 0.000000
vt 0.572661 0.607478 0.000000
vt 0.572250 0.676812 0.000000
vt 0.777180 0.747894 0.000000
vt 0.742671 0.804608 0.000000
vt 0.907742 0.835115 0.000000
vt 0.456956 0.482798 0.000000
vt 0.424192 0.539015 0.000000
vt 0.377872 0.608781 0.000000
vt 0.351380 0.683329 0.000000
vt 0.350148 0.738769 0.000000
vt 0.568003 0.741376 0.000000
vt 0.561379 0.797367 0.000000
vt 0.333405 0.475729 0.000000
vt 0.284189 0.533953 0.000000
vt 0.222958 0.600960 0.000000
vt 0.186897 0.683329 0.000000
vt 0.188869 0.744852 0.000000
vt 0.363819 0.802798 0.000000
vt 0.221252 0.455241 0.000000
vt 0.156903 0.503456 0.000000
vt 0.073775 0.593851 0.000000
vt 0.029965 0.682543 0.000000
vt 0.036699 0.759662 0.000000
vt 0.217160 0.817281 0.000000
vt 0.333403 0.475729 0.000000
vt 0.284191 0.533953 0.000000
vt 0.222959 0.600960 0.000000
vt 0.186900 0.683329 0.000000
vt 0.188870 0.744852 0.000000
vt 0.101680 0.839082 0.000000
vt 0.217163 0.817281 0.000000
vt 0.284988 0.903828 0.000000
vt 0.204991 0.911474 0.000000
vt 0.221455 0.922911 0.000000
vt 0.271488 0.891815 0.000000
vt 0.370776 0.891804 0.000000
vt 0.364119 0.880335 0.000000
vt 0.489650 0.885840 0.000000
vt 0.489650 0.875816 0.000000
vt 0.638381 0.890089 0.000000
vt 0.643622 0.877908 0.000000
vt 0.736601 0.903270 0.000000
vt 0.748940 0.890067 0.000000
vt 0.798486 0.920581 0.000000
vt 0.815699 0.910306 0.000000
vt 0.370257 0.957643 0.000000
vt 0.259346 0.923429 0.000000
vt 0.324532 0.966096 0.000000
vt 0.308033 0.906244 0.000000
vt 0.416919 0.953159 0.000000
vt 0.384999 0.896375 0.000000
vt 0.491701 0.948129 0.000000
vt 0.491701 0.890888 0.000000
vt 0.598463 0.950543 0.000000
vt 0.624275 0.894161 0.000000
vt 0.646614 0.956228 0.000000
vt 0.712538 0.906149 0.000000
vt 0.675037 0.961766 0.000000
vt 0.767079 0.920547 0.000000
vt 0.415961 0.966004 0.000000
vt 0.374981 0.968170 0.000000
vt 0.392424 0.971582 0.000000
vt 0.427713 0.971303 0.000000
vt 0.454797 0.965031 0.000000
vt 0.461947 0.971223 0.000000
vt 0.507297 0.963779 0.000000
vt 0.507297 0.970930 0.000000
vt 0.561766 0.965031 0.000000
vt 0.554614 0.971223 0.000000
vt 0.603605 0.966112 0.000000
vt 0.591758 0.971194 0.000000
vt 0.648470 0.969137 0.000000
vt 0.630865 0.971582 0.000000
vt 0.212979 0.975103 0.000000
vt 0.250428 0.968180 0.000000
vt 0.250428 0.975103 0.000000
vt 0.212979 0.968180 0.000000
vt 0.175530 0.975103 0.000000
vt 0.175530 0.968180 0.000000
vt 0.138079 0.975103 0.000000
vt 0.138079 0.968180 0.000000
vt 0.100630 0.975103 0.000000
vt 0.100630 0.968180 0.000000
vt 0.063180 0.975103 0.000000
vt 0.063180 0.968180 0.000000
vt 0.025730 0.975103 0.000000
vt 0.025730 0.968180 0.000000
vt 0.734862 0.390592 0.000000
vt 0.716058 0.409703 0.000000
vt 0.765165 0.411934 0.000000
vt 0.788823 0.396747 0.000000
vt 0.754597 0.378459 0.000000
vt 0.804101 0.358104 0.000000
vt 0.829004 0.384607 0.000000
vt 0.847440 0.351586 0.000000
vt 0.879305 0.377681 0.000000
vt 0.907636 0.348828 0.000000
vt 0.960226 0.359061 0.000000
vt 0.918503 0.378045 0.000000
vt 0.274531 0.895351 0.000000
vt 0.116551 0.846299 0.000000
vt 0.208979 0.914365 0.000000
vt 0.197951 0.831643 0.000000
vt 0.365895 0.883426 0.000000
vt 0.321152 0.814608 0.000000
vt 0.489648 0.878836 0.000000
vt 0.483424 0.807447 0.000000
vt 0.641847 0.881393 0.000000
vt 0.661463 0.810438 0.000000
vt 0.745127 0.893779 0.000000
vt 0.811729 0.826230 0.000000
vt 0.810373 0.913469 0.000000
vt 0.900014 0.846747 0.000000
vt 0.915652 0.083382 0.000000
vt 0.978012 0.122196 0.000000
vt 0.860571 0.472638 0.000000
vt 0.891669 0.443864 0.000000
vt 0.881812 0.443864 0.000000
vt 0.893321 0.419673 0.000000
vt 0.918539 0.391530 0.000000
vt 0.908519 0.419673 0.000000
vt 0.900165 0.391530 0.000000
vt 0.901436 0.130639 0.000000
vt 0.913663 0.103254 0.000000
vt 0.021506 0.405120 0.000000
vt 0.908764 0.007540 0.000000
vt 0.014218 0.311898 0.000000
vt 0.017620 0.361845 0.000000
vt 0.012754 0.362177 0.000000
vt 0.013514 0.465462 0.000000
vt 0.028809 0.463916 0.000000
vt 0.014222 0.429834 0.000000
vt 0.025252 0.428720 0.000000
vt 0.015059 0.389370 0.000000
vt 0.021213 0.388748 0.000000
vt 0.016180 0.338939 0.000000
vt 0.909898 0.028512 0.000000
vt 0.956435 0.074531 0.000000
vt 0.916767 0.070396 0.000000
vt 0.015364 0.405840 0.000000
vt 0.026011 0.443510 0.000000
vt 0.015000 0.444802 0.000000
vt 0.970788 0.188835 0.000000
vt 0.897212 0.173459 0.000000
vt 0.906081 0.134353 0.000000
vt 0.975899 0.144776 0.000000
vt 0.912038 0.097491 0.000000
vt 0.860571 0.443864 0.000000
vt 0.839329 0.443864 0.000000
vt 0.829471 0.443864 0.000000
vt 0.951297 0.055834 0.000000
vt 0.910198 0.055638 0.000000
vt 0.972945 0.101289 0.000000
vt 0.016298 0.360725 0.000000
vt 0.918250 0.042335 0.000000
vt 0.960310 0.082999 0.000000
vt 0.908363 0.118709 0.000000
vt 0.616446 0.028915 0.000000
vt 0.653582 0.027056 0.000000
vt 0.601063 0.029684 0.000000
vt 0.508420 0.336199 0.000000
vt 0.651941 0.383791 0.000000
vt 0.510649 0.309310 0.000000
vt 0.690718 0.025198 0.000000
vt 0.676169 0.311298 0.000000
vt 0.529438 0.343169 0.000000
vt 0.630922 0.376821 0.000000
vt 0.539048 0.309651 0.000000
vt 0.706101 0.024429 0.000000
vt 0.504282 0.267024 0.000000
vt 0.580180 0.359995 0.000000
vt 0.704567 0.311639 0.000000
vt 0.607608 0.310474 0.000000
vt 0.759642 0.031135 0.000000
vt 0.724527 0.036305 0.000000
vt 0.658955 0.042926 0.000000
vt 0.529078 0.189682 0.000000
vt 0.583233 0.044464 0.000000
vt 0.554802 0.109405 0.000000
vt 0.549568 0.041646 0.000000
vt 0.533500 0.268176 0.000000
vt 0.654340 0.023023 0.000000
vt 0.703796 0.274888 0.000000
vt 0.745085 0.196952 0.000000
vt 0.780805 0.103610 0.000000
vt 0.746173 0.109773 0.000000
vt 0.710800 0.200351 0.000000
vt 0.674578 0.273736 0.000000
vt 0.672311 0.114132 0.000000
vt 0.638532 0.200942 0.000000
vt 0.604039 0.270956 0.000000
vt 0.569164 0.194997 0.000000
vt 0.591198 0.114135 0.000000
#end 766 texture vertices

#begin 820 faces
usemtl gun_m28
f 317/317/1 318/318/2 319/319/3 
usemtl gun_m28
f 341/341/4 316/316/5 342/342/6 
usemtl gun_m28
f 343/343/7 341/341/8 342/342/9 
usemtl gun_m28
f 343/343/10 342/342/11 337/337/12 
usemtl gun_m28
f 337/337/13 336/336/14 343/343/15 
usemtl gun_m28
f 337/337/16 335/335/17 336/336/18 
usemtl gun_m28
f 335/335/19 333/333/20 336/336/21 
usemtl gun_m28
f 335/335/22 334/334/23 333/333/24 
usemtl gun_m28
f 339/339/25 306/306/26 338/338/27 
usemtl gun_m28
f 340/340/28 306/306/29 339/339/30 
usemtl gun_m28
f 6/6/31 309/309/32 312/312/33 
usemtl gun_m28
f 6/6/34 5/5/35 309/309/36 
usemtl gun_m28
f 15/15/37 16/16/38 17/17/39 
usemtl gun_m28
f 15/15/40 18/18/41 16/16/42 
usemtl gun_m28
f 19/19/43 18/18/44 15/15/45 
usemtl gun_m28
f 19/19/46 20/20/47 18/18/48 
usemtl gun_m28
f 21/21/49 20/20/50 19/19/51 
usemtl gun_m28
f 21/21/52 22/22/53 20/20/54 
usemtl gun_m28
f 23/23/55 22/22/56 21/21/57 
usemtl gun_m28
f 23/23/58 24/24/59 22/22/60 
usemtl gun_m28
f 25/25/61 24/24/62 23/23/63 
usemtl gun_m28
f 25/25/64 26/26/65 24/24/66 
usemtl gun_m28
f 27/27/67 26/26/68 25/25/69 
usemtl gun_m28
f 27/27/70 28/28/71 26/26/72 
usemtl gun_m28
f 29/29/73 30/30/74 31/31/75 
usemtl gun_m28
f 29/29/76 32/32/77 30/30/78 
usemtl gun_m28
f 33/33/79 32/32/80 29/29/81 
usemtl gun_m28
f 33/33/82 34/34/83 32/32/84 
usemtl gun_m28
f 35/35/85 34/34/86 33/33/87 
usemtl gun_m28
f 35/35/88 36/36/89 34/34/90 
usemtl gun_m28
f 37/37/91 36/36/92 35/35/93 
usemtl gun_m28
f 37/37/94 38/38/95 36/36/96 
usemtl gun_m28
f 39/39/97 38/38/98 37/37/99 
usemtl gun_m28
f 39/39/100 40/40/101 38/38/102 
usemtl gun_m28
f 41/41/103 40/40/104 39/39/105 
usemtl gun_m28
f 41/41/106 42/42/107 40/40/108 
usemtl gun_m28
f 43/43/109 44/44/110 45/45/111 
usemtl gun_m28
f 43/43/112 46/46/113 44/44/114 
usemtl gun_m28
f 46/46/115 47/47/116 44/44/117 
usemtl gun_m28
f 46/46/118 48/48/119 47/47/120 
usemtl gun_m28
f 49/49/121 48/48/122 46/46/123 
usemtl gun_m28
f 49/49/124 50/50/125 48/48/126 
usemtl gun_m28
f 51/51/127 50/50/128 49/49/129 
usemtl gun_m28
f 51/51/130 52/52/131 50/50/132 
usemtl gun_m28
f 53/53/133 46/46/134 43/43/135 
usemtl gun_m28
f 53/53/136 49/49/137 46/46/138 
usemtl gun_m28
f 54/54/139 49/49/140 53/53/141 
usemtl gun_m28
f 54/54/142 51/51/143 49/49/144 
usemtl gun_m28
f 55/55/145 51/51/146 54/54/147 
usemtl gun_m28
f 55/55/148 56/56/149 51/51/150 
usemtl gun_m28
f 56/56/151 52/52/152 51/51/153 
usemtl gun_m28
f 56/56/154 57/57/155 52/52/156 
usemtl gun_m28
f 58/58/157 57/57/158 56/56/159 
usemtl gun_m28
f 58/58/160 59/59/161 57/57/162 
usemtl gun_m28
f 60/60/163 59/59/164 58/58/165 
usemtl gun_m28
f 60/60/166 61/61/167 59/59/168 
usemtl gun_m28
f 62/62/169 56/56/170 55/55/171 
usemtl gun_m28
f 62/62/172 58/58/173 56/56/174 
usemtl gun_m28
f 63/63/175 58/58/176 62/62/177 
usemtl gun_m28
f 63/63/178 60/60/179 58/58/180 
usemtl gun_m28
f 64/64/181 65/65/182 66/66/183 
usemtl gun_m28
f 64/64/184 67/67/185 65/65/186 
usemtl gun_m28
f 68/68/187 67/67/188 64/64/189 
usemtl gun_m28
f 68/68/190 69/69/191 67/67/192 
usemtl gun_m28
f 70/70/193 69/69/194 68/68/195 
usemtl gun_m28
f 70/70/196 71/71/197 69/69/198 
usemtl gun_m28
f 72/72/199 71/71/200 70/70/201 
usemtl gun_m28
f 72/72/202 73/73/203 71/71/204 
usemtl gun_m28
f 74/74/205 73/73/206 72/72/207 
usemtl gun_m28
f 74/74/208 75/75/209 73/73/210 
usemtl gun_m28
f 76/76/211 75/75/212 74/74/213 
usemtl gun_m28
f 76/76/214 77/77/215 75/75/216 
usemtl gun_m28
f 78/78/217 79/79/218 80/80/219 
usemtl gun_m28
f 78/78/220 81/81/221 79/79/222 
usemtl gun_m28
f 82/82/223 79/79/224 81/81/225 
usemtl gun_m28
f 82/82/226 83/83/227 79/79/228 
usemtl gun_m28
f 84/84/229 81/81/230 78/78/231 
usemtl gun_m28
f 84/84/232 85/85/233 81/81/234 
usemtl gun_m28
f 86/86/235 81/81/236 85/85/237 
usemtl gun_m28
f 86/86/238 82/82/239 81/81/240 
usemtl gun_m28
f 87/87/241 85/85/242 84/84/243 
usemtl gun_m28
f 87/87/244 88/88/245 85/85/246 
usemtl gun_m28
f 89/89/247 85/85/248 88/88/249 
usemtl gun_m28
f 89/89/250 86/86/251 85/85/252 
usemtl gun_m28
f 90/90/253 88/88/254 87/87/255 
usemtl gun_m28
f 90/90/256 91/91/257 88/88/258 
usemtl gun_m28
f 92/92/259 88/88/260 91/91/261 
usemtl gun_m28
f 92/92/262 89/89/263 88/88/264 
usemtl gun_m28
f 93/93/265 91/91/266 90/90/267 
usemtl gun_m28
f 93/93/268 94/94/269 91/91/270 
usemtl gun_m28
f 95/95/271 91/91/272 94/94/273 
usemtl gun_m28
f 95/95/274 92/92/275 91/91/276 
usemtl gun_m28
f 96/96/277 94/94/278 93/93/279 
usemtl gun_m28
f 96/96/280 97/97/281 94/94/282 
usemtl gun_m28
f 98/98/283 94/94/284 97/97/285 
usemtl gun_m28
f 98/98/286 95/95/287 94/94/288 
usemtl gun_m28
f 99/99/289 100/100/290 101/101/291 
usemtl gun_m28
f 99/99/292 101/101/293 102/102/294 
usemtl gun_m28
f 103/103/295 99/99/296 102/102/297 
usemtl gun_m28
f 103/103/298 102/102/299 104/104/300 
usemtl gun_m28
f 105/105/301 103/103/302 104/104/303 
usemtl gun_m28
f 105/105/304 104/104/305 106/106/306 
usemtl gun_m28
f 107/107/307 105/105/308 106/106/309 
usemtl gun_m28
f 107/107/310 106/106/311 108/108/312 
usemtl gun_m28
f 109/109/313 107/107/314 108/108/315 
usemtl gun_m28
f 109/109/316 108/108/317 110/110/318 
usemtl gun_m28
f 111/111/319 109/109/320 110/110/321 
usemtl gun_m28
f 111/111/322 110/110/323 112/112/324 
usemtl gun_m28
f 113/113/325 114/114/326 115/115/327 
usemtl gun_m28
f 113/113/328 116/116/329 114/114/330 
usemtl gun_m28
f 116/116/331 117/117/332 114/114/333 
usemtl gun_m28
f 116/116/334 118/118/335 117/117/336 
usemtl gun_m28
f 118/118/337 119/119/338 117/117/339 
usemtl gun_m28
f 118/118/340 120/120/341 119/119/342 
usemtl gun_m28
f 120/120/343 121/121/344 119/119/345 
usemtl gun_m28
f 122/122/346 116/116/347 113/113/348 
usemtl gun_m28
f 122/122/349 123/123/350 116/116/351 
usemtl gun_m28
f 123/123/352 118/118/353 116/116/354 
usemtl gun_m28
f 123/123/355 124/124/356 118/118/357 
usemtl gun_m28
f 124/124/358 120/120/359 118/118/360 
usemtl gun_m28
f 124/124/361 125/125/362 120/120/363 
usemtl gun_m28
f 125/125/364 126/126/365 120/120/366 
usemtl gun_m28
f 120/120/367 126/126/368 121/121/369 
usemtl gun_m28
f 126/126/370 127/127/371 121/121/372 
usemtl gun_m28
f 126/126/373 128/128/374 127/127/375 
usemtl gun_m28
f 128/128/376 129/129/377 127/127/378 
usemtl gun_m28
f 122/122/379 130/130/380 123/123/381 
usemtl gun_m28
f 123/123/382 130/130/383 131/131/384 
usemtl gun_m28
f 123/123/385 131/131/386 124/124/387 
usemtl gun_m28
f 124/124/388 131/131/389 132/132/390 
usemtl gun_m28
f 124/124/391 132/132/392 125/125/393 
usemtl gun_m28
f 125/125/394 132/132/395 133/133/396 
usemtl gun_m28
f 125/125/397 133/133/398 134/134/399 
usemtl gun_m28
f 125/125/400 134/134/401 126/126/402 
usemtl gun_m28
f 134/134/403 128/128/404 126/126/405 
usemtl gun_m28
f 122/122/406 135/135/407 130/130/408 
usemtl gun_m28
f 135/135/409 136/136/410 130/130/411 
usemtl gun_m28
f 130/130/412 136/136/413 131/131/414 
usemtl gun_m28
f 131/131/415 136/136/416 137/137/417 
usemtl gun_m28
f 131/131/418 137/137/419 132/132/420 
usemtl gun_m28
f 132/132/421 137/137/422 138/138/423 
usemtl gun_m28
f 132/132/424 138/138/425 133/133/426 
usemtl gun_m28
f 133/133/427 138/138/428 139/139/429 
usemtl gun_m28
f 134/134/430 133/133/431 139/139/432 
usemtl gun_m28
f 134/134/433 139/139/434 140/140/435 
usemtl gun_m28
f 134/134/436 140/140/437 128/128/438 
usemtl gun_m28
f 135/135/439 141/141/440 136/136/441 
usemtl gun_m28
f 136/136/442 141/141/443 142/142/444 
usemtl gun_m28
f 136/136/445 142/142/446 143/143/447 
usemtl gun_m28
f 137/137/448 136/136/449 143/143/450 
usemtl gun_m28
f 137/137/451 143/143/452 144/144/453 
usemtl gun_m28
f 138/138/454 137/137/455 144/144/456 
usemtl gun_m28
f 138/138/457 144/144/458 145/145/459 
usemtl gun_m28
f 146/146/460 138/138/461 145/145/462 
usemtl gun_m28
f 139/139/463 138/138/464 146/146/465 
usemtl gun_m28
f 139/139/466 146/146/467 147/147/468 
usemtl gun_m28
f 140/140/469 139/139/470 147/147/471 
usemtl gun_m28
f 143/143/472 142/142/473 148/148/474 
usemtl gun_m28
f 144/144/475 143/143/476 148/148/477 
usemtl gun_m28
f 145/145/478 144/144/479 148/148/480 
usemtl gun_m28
f 149/149/481 145/145/482 148/148/483 
usemtl gun_m28
f 146/146/484 145/145/485 149/149/486 
usemtl gun_m28
f 140/140/487 147/147/488 150/150/489 
usemtl gun_m28
f 140/140/490 150/150/491 151/151/492 
usemtl gun_m28
f 140/140/493 151/151/494 128/128/495 
usemtl gun_m28
f 128/128/496 151/151/497 129/129/498 
usemtl gun_m28
f 152/152/499 153/153/500 154/154/501 
usemtl gun_m28
f 152/152/502 154/154/503 155/155/504 
usemtl gun_m28
f 156/156/505 152/152/506 155/155/507 
usemtl gun_m28
f 156/156/508 155/155/509 157/157/510 
usemtl gun_m28
f 158/158/511 156/156/512 157/157/513 
usemtl gun_m28
f 158/158/514 157/157/515 159/159/516 
usemtl gun_m28
f 160/160/517 158/158/518 159/159/519 
usemtl gun_m28
f 160/160/520 159/159/521 161/161/522 
usemtl gun_m28
f 162/162/523 160/160/524 161/161/525 
usemtl gun_m28
f 162/162/526 161/161/527 163/163/528 
usemtl gun_m28
f 164/164/529 162/162/530 163/163/531 
usemtl gun_m28
f 164/164/532 163/163/533 165/165/534 
usemtl gun_m28
f 166/166/535 167/167/536 168/168/537 
usemtl gun_m28
f 166/166/538 168/168/539 169/169/540 
usemtl gun_m28
f 170/170/541 166/166/542 169/169/543 
usemtl gun_m28
f 170/170/544 169/169/545 171/171/546 
usemtl gun_m28
f 172/172/547 170/170/548 171/171/549 
usemtl gun_m28
f 172/172/550 171/171/551 173/173/552 
usemtl gun_m28
f 174/174/553 172/172/554 173/173/555 
usemtl gun_m28
f 174/174/556 173/173/557 175/175/558 
usemtl gun_m28
f 176/176/559 174/174/560 175/175/561 
usemtl gun_m28
f 176/176/562 175/175/563 177/177/564 
usemtl gun_m28
f 178/178/565 176/176/566 177/177/567 
usemtl gun_m28
f 178/178/568 177/177/569 179/179/570 
usemtl gun_m28
f 180/180/571 181/181/572 182/182/573 
usemtl gun_m28
f 180/180/574 182/182/575 183/183/576 
usemtl gun_m28
f 180/180/577 183/183/578 184/184/579 
usemtl gun_m28
f 180/180/580 184/184/581 185/185/582 
usemtl gun_m28
f 186/186/583 185/185/584 184/184/585 
usemtl gun_m28
f 186/186/586 184/184/587 187/187/588 
usemtl gun_m28
f 188/188/589 186/186/590 187/187/591 
usemtl gun_m28
f 183/183/592 182/182/593 189/189/594 
usemtl gun_m28
f 183/183/595 189/189/596 190/190/597 
usemtl gun_m28
f 183/183/598 190/190/599 191/191/600 
usemtl gun_m28
f 183/183/601 191/191/602 184/184/603 
usemtl gun_m28
f 187/187/604 184/184/605 191/191/606 
usemtl gun_m28
f 187/187/607 191/191/608 192/192/609 
usemtl gun_m28
f 193/193/610 187/187/611 192/192/612 
usemtl gun_m28
f 188/188/613 187/187/614 193/193/615 
usemtl gun_m28
f 194/194/616 188/188/617 193/193/618 
usemtl gun_m28
f 195/195/619 188/188/620 194/194/621 
usemtl gun_m28
f 190/190/622 189/189/623 196/196/624 
usemtl gun_m28
f 190/190/625 196/196/626 197/197/627 
usemtl gun_m28
f 190/190/628 197/197/629 198/198/630 
usemtl gun_m28
f 190/190/631 198/198/632 191/191/633 
usemtl gun_m28
f 192/192/634 191/191/635 198/198/636 
usemtl gun_m28
f 192/192/637 198/198/638 199/199/639 
usemtl gun_m28
f 200/200/640 192/192/641 199/199/642 
usemtl gun_m28
f 200/200/643 201/201/644 192/192/645 
usemtl gun_m28
f 193/193/646 192/192/647 201/201/648 
usemtl gun_m28
f 194/194/649 193/193/650 201/201/651 
usemtl gun_m28
f 194/194/652 201/201/653 202/202/654 
usemtl gun_m28
f 197/197/655 196/196/656 203/203/657 
usemtl gun_m28
f 197/197/658 203/203/659 204/204/660 
usemtl gun_m28
f 197/197/661 204/204/662 205/205/663 
usemtl gun_m28
f 197/197/664 205/205/665 198/198/666 
usemtl gun_m28
f 199/199/667 198/198/668 205/205/669 
usemtl gun_m28
f 199/199/670 205/205/671 206/206/672 
usemtl gun_m28
f 200/200/673 199/199/674 206/206/675 
usemtl gun_m28
f 200/200/676 206/206/677 207/207/678 
usemtl gun_m28
f 208/208/679 200/200/680 207/207/681 
usemtl gun_m28
f 202/202/682 200/200/683 208/208/684 
usemtl gun_m28
f 202/202/685 201/201/686 200/200/687 
usemtl gun_m28
f 204/204/688 203/203/689 209/209/690 
usemtl gun_m28
f 204/204/691 209/209/692 210/210/693 
usemtl gun_m28
f 204/204/694 210/210/695 211/211/696 
usemtl gun_m28
f 204/204/697 211/211/698 205/205/699 
usemtl gun_m28
f 206/206/700 205/205/701 211/211/702 
usemtl gun_m28
f 206/206/703 211/211/704 212/212/705 
usemtl gun_m28
f 207/207/706 206/206/707 212/212/708 
usemtl gun_m28
f 207/207/709 212/212/710 213/213/711 
usemtl gun_m28
f 214/214/712 207/207/713 213/213/714 
usemtl gun_m28
f 208/208/715 207/207/716 214/214/717 
usemtl gun_m28
f 210/210/718 209/209/719 215/215/720 
usemtl gun_m28
f 210/210/721 215/215/722 216/216/723 
usemtl gun_m28
f 210/210/724 216/216/725 217/217/726 
usemtl gun_m28
f 210/210/727 217/217/728 211/211/729 
usemtl gun_m28
f 212/212/730 211/211/731 217/217/732 
usemtl gun_m28
f 212/212/733 217/217/734 218/218/735 
usemtl gun_m28
f 213/213/736 212/212/737 218/218/738 
usemtl gun_m28
f 213/213/739 218/218/740 219/219/741 
usemtl gun_m28
f 220/220/742 213/213/743 219/219/744 
usemtl gun_m28
f 214/214/745 213/213/746 220/220/747 
usemtl gun_m28
f 220/220/748 219/219/749 221/221/750 
usemtl gun_m28
f 222/222/751 223/223/752 224/224/753 
usemtl gun_m28
f 222/222/754 225/225/755 223/223/756 
usemtl gun_m28
f 226/226/757 225/225/758 222/222/759 
usemtl gun_m28
f 226/226/760 227/227/761 225/225/762 
usemtl gun_m28
f 228/228/763 227/227/764 226/226/765 
usemtl gun_m28
f 228/228/766 229/229/767 227/227/768 
usemtl gun_m28
f 230/230/769 229/229/770 228/228/771 
usemtl gun_m28
f 230/230/772 231/231/773 229/229/774 
usemtl gun_m28
f 232/232/775 231/231/776 230/230/777 
usemtl gun_m28
f 232/232/778 233/233/779 231/231/780 
usemtl gun_m28
f 234/234/781 233/233/782 232/232/783 
usemtl gun_m28
f 234/234/784 235/235/785 233/233/786 
usemtl gun_m28
f 236/236/787 237/237/788 238/238/789 
usemtl gun_m28
f 236/236/790 239/239/791 237/237/792 
usemtl gun_m28
f 240/240/793 239/239/794 236/236/795 
usemtl gun_m28
f 240/240/796 241/241/797 239/239/798 
usemtl gun_m28
f 242/242/799 241/241/800 240/240/801 
usemtl gun_m28
f 242/242/802 243/243/803 241/241/804 
usemtl gun_m28
f 244/244/805 243/243/806 242/242/807 
usemtl gun_m28
f 244/244/808 245/245/809 243/243/810 
usemtl gun_m28
f 246/246/811 245/245/812 244/244/813 
usemtl gun_m28
f 246/246/814 247/247/815 245/245/816 
usemtl gun_m28
f 248/248/817 247/247/818 246/246/819 
usemtl gun_m28
f 248/248/820 249/249/821 247/247/822 
usemtl gun_m28
f 250/250/823 251/251/824 252/252/825 
usemtl gun_m28
f 250/250/826 252/252/827 253/253/828 
usemtl gun_m28
f 254/254/829 250/250/830 253/253/831 
usemtl gun_m28
f 254/254/832 253/253/833 255/255/834 
usemtl gun_m28
f 256/256/835 254/254/836 255/255/837 
usemtl gun_m28
f 256/256/838 255/255/839 257/257/840 
usemtl gun_m28
f 258/258/841 256/256/842 257/257/843 
usemtl gun_m28
f 258/258/844 257/257/845 259/259/846 
usemtl gun_m28
f 260/260/847 258/258/848 259/259/849 
usemtl gun_m28
f 260/260/850 259/259/851 261/261/852 
usemtl gun_m28
f 262/262/853 260/260/854 261/261/855 
usemtl gun_m28
f 262/262/856 261/261/857 263/263/858 
usemtl gun_m28
f 264/264/859 265/265/860 266/266/861 
usemtl gun_m28
f 264/264/862 267/267/863 265/265/864 
usemtl gun_m28
f 268/268/865 267/267/866 264/264/867 
usemtl gun_m28
f 268/268/868 269/269/869 267/267/870 
usemtl gun_m28
f 270/270/871 269/269/872 268/268/873 
usemtl gun_m28
f 270/270/874 271/271/875 269/269/876 
usemtl gun_m28
f 272/272/877 271/271/878 270/270/879 
usemtl gun_m28
f 272/272/880 273/273/881 271/271/882 
usemtl gun_m28
f 274/274/883 273/273/884 272/272/885 
usemtl gun_m28
f 274/274/886 275/275/887 273/273/888 
usemtl gun_m28
f 276/276/889 275/275/890 274/274/891 
usemtl gun_m28
f 276/276/892 277/277/893 275/275/894 
usemtl gun_m28
f 278/278/895 279/279/896 280/280/897 
usemtl gun_m28
f 278/278/898 280/280/899 281/281/900 
usemtl gun_m28
f 282/282/901 278/278/902 281/281/903 
usemtl gun_m28
f 283/283/904 282/282/905 281/281/906 
usemtl gun_m28
f 283/283/907 281/281/908 284/284/909 
usemtl gun_m28
f 285/285/910 283/283/911 284/284/912 
usemtl gun_m28
f 285/285/913 284/284/914 286/286/915 
usemtl gun_m28
f 287/287/916 285/285/917 286/286/918 
usemtl gun_m28
f 288/288/919 287/287/920 286/286/921 
usemtl gun_m28
f 288/288/922 286/286/923 289/289/924 
usemtl gun_m28
f 290/290/925 291/291/926 292/292/927 
usemtl gun_m28
f 290/290/928 293/293/929 291/291/930 
usemtl gun_m28
f 294/294/931 293/293/932 290/290/933 
usemtl gun_m28
f 294/294/934 295/295/935 293/293/936 
usemtl gun_m28
f 296/296/937 295/295/938 294/294/939 
usemtl gun_m28
f 296/296/940 297/297/941 295/295/942 
usemtl gun_m28
f 298/298/943 297/297/944 296/296/945 
usemtl gun_m28
f 298/298/946 299/299/947 297/297/948 
usemtl gun_m28
f 300/300/949 299/299/950 298/298/951 
usemtl gun_m28
f 300/300/952 301/301/953 299/299/954 
usemtl gun_m28
f 302/302/955 301/301/956 300/300/957 
usemtl gun_m28
f 302/302/958 303/303/959 301/301/960 
usemtl gun_m28
f 319/319/961 14/14/962 13/13/963 
usemtl gun_m28
f 3/3/964 340/340/965 339/339/966 
usemtl gun_m28
f 305/305/967 304/304/968 347/347/969 
usemtl gun_m28
f 305/305/970 346/346/971 304/304/972 
usemtl gun_m28
f 346/346/973 345/345/974 304/304/975 
usemtl gun_m28
f 344/344/976 315/315/977 330/330/978 
usemtl gun_m28
f 330/330/979 315/315/980 331/331/981 
usemtl gun_m28
f 330/330/982 331/331/983 332/332/984 
usemtl gun_m28
f 3/3/985 1/1/986 340/340/987 
usemtl gun_m28
f 319/319/988 318/318/989 14/14/990 
usemtl gun_m28
f 7/7/991 328/328/992 329/329/993 
usemtl gun_m28
f 7/7/994 329/329/995 314/314/996 
usemtl gun_m28
f 314/314/997 8/8/998 7/7/999 
usemtl gun_m28
f 314/314/1000 313/313/1001 8/8/1002 
usemtl gun_m28
f 309/309/1003 5/5/1004 338/338/1005 
usemtl gun_m28
f 309/309/1006 338/338/1007 308/308/1008 
usemtl gun_m28
f 312/312/1009 311/311/1010 310/310/1011 
usemtl gun_m28
f 312/312/1012 309/309/1013 311/311/1014 
usemtl gun_m28
f 308/308/1015 311/311/1016 309/309/1017 
usemtl gun_m28
f 308/308/1018 307/307/1019 311/311/1020 
usemtl gun_m28
f 308/308/1021 306/306/1022 307/307/1023 
usemtl gun_m28
f 338/338/1024 306/306/1025 308/308/1026 
usemtl gun_m28
f 322/322/1027 321/321/1028 320/320/1029 
usemtl gun_m28
f 322/322/1030 323/323/1031 321/321/1032 
usemtl gun_m28
f 324/324/1033 323/323/1034 322/322/1035 
usemtl gun_m28
f 324/324/1036 325/325/1037 323/323/1038 
usemtl gun_m28
f 326/326/1039 325/325/1040 324/324/1041 
usemtl gun_m28
f 328/328/1042 327/327/1043 329/329/1044 
usemtl gun_m28
f 11/11/1045 10/10/1046 9/9/1047 
usemtl gun_m28
f 11/11/1048 12/12/1049 10/10/1050 
usemtl gun_m28
f 13/13/1051 12/12/1052 11/11/1053 
usemtl gun_m28
f 13/13/1054 14/14/1055 12/12/1056 
usemtl gun_m28
f 2/2/1057 1/1/1058 3/3/1059 
usemtl gun_m28
f 2/2/1060 3/3/1061 4/4/1062 
usemtl gun_m28
f 5/5/1063 339/339/1064 338/338/1065 
usemtl gun_m28
f 5/5/1066 3/3/1067 339/339/1068 
usemtl gun_m28
f 4/4/1069 3/3/1070 5/5/1071 
usemtl gun_m28
f 4/4/1072 5/5/1073 6/6/1074 
usemtl gun_m28
f 355/355/1075 352/352/1077 362/362/1078 
usemtl gun_m28
f 361/361/1079 355/355/1081 363/363/1082 
usemtl gun_m28
f 380/380/1083 371/371/1085 381/381/1086 
usemtl gun_m28
f 356/356/1087 363/363/1089 358/358/1090 
usemtl gun_m28
f 349/349/1091 359/359/1093 372/372/1094 
usemtl gun_m28
f 379/379/1095 382/382/1097 380/380/1098 
usemtl gun_m28
f 356/356/1099 353/353/1101 351/351/1102 
usemtl gun_m28
f 366/366/1103 383/383/1105 379/379/1106 
usemtl gun_m28
f 355/355/1107 373/373/1109 378/378/1110 
usemtl gun_m28
f 363/363/1111 378/378/1113 381/381/1114 
usemtl gun_m28
f 350/350/1115 349/349/1117 372/372/1118 
usemtl gun_m28
f 358/358/1119 381/381/1121 371/371/1122 
usemtl gun_m28
f 368/368/1123 369/369/1125 383/383/1126 
usemtl gun_m28
f 353/353/1127 371/371/1129 360/360/1130 
usemtl gun_m28
f 383/383/1131 367/367/1133 382/382/1134 
usemtl gun_m28
f 377/377/1135 381/381/1137 378/378/1138 
usemtl gun_m28
f 365/365/1139 359/359/1141 354/354/1142 
usemtl gun_m28
f 366/366/1143 354/354/1145 349/349/1146 
usemtl gun_m28
f 376/376/1147 380/380/1149 377/377/1150 
usemtl gun_m28
f 368/368/1151 349/349/1153 348/348/1154 
usemtl gun_m28
f 365/365/1155 379/379/1157 376/376/1158 
usemtl gun_m28
f 370/370/1159 348/348/1161 350/350/1162 
usemtl gun_m28
f 364/364/1163 376/376/1165 375/375/1166 
usemtl gun_m28
f 382/382/1167 360/360/1169 371/371/1170 
usemtl gun_m28
f 374/374/1171 378/378/1173 373/373/1174 
usemtl gun_m28
f 375/375/1175 377/377/1177 374/374/1178 
usemtl gun_m28
f 702/702/1179 701/701/1180 700/700/1181 
usemtl gun_m28
f 725/725/1182 699/699/1183 724/724/1184 
usemtl gun_m28
f 725/725/1185 724/724/1186 726/726/1187 
usemtl gun_m28
f 720/720/1188 725/725/1189 726/726/1190 
usemtl gun_m28
f 726/726/1191 719/719/1192 720/720/1193 
usemtl gun_m28
f 719/719/1194 718/718/1195 720/720/1196 
usemtl gun_m28
f 719/719/1197 716/716/1198 718/718/1199 
usemtl gun_m28
f 716/716/1200 717/717/1201 718/718/1202 
usemtl gun_m28
f 721/721/1203 689/689/1204 722/722/1205 
usemtl gun_m28
f 722/722/1206 689/689/1207 723/723/1208 
usemtl gun_m28
f 695/695/1209 692/692/1210 389/389/1211 
usemtl gun_m28
f 692/692/1212 388/388/1213 389/389/1214 
usemtl gun_m28
f 400/400/1215 399/399/1216 398/398/1217 
usemtl gun_m28
f 399/399/1218 401/401/1219 398/398/1220 
usemtl gun_m28
f 398/398/1221 401/401/1222 402/402/1223 
usemtl gun_m28
f 401/401/1224 403/403/1225 402/402/1226 
usemtl gun_m28
f 402/402/1227 403/403/1228 404/404/1229 
usemtl gun_m28
f 403/403/1230 405/405/1231 404/404/1232 
usemtl gun_m28
f 404/404/1233 405/405/1234 406/406/1235 
usemtl gun_m28
f 405/405/1236 407/407/1237 406/406/1238 
usemtl gun_m28
f 406/406/1239 407/407/1240 408/408/1241 
usemtl gun_m28
f 407/407/1242 409/409/1243 408/408/1244 
usemtl gun_m28
f 408/408/1245 409/409/1246 410/410/1247 
usemtl gun_m28
f 409/409/1248 411/411/1249 410/410/1250 
usemtl gun_m28
f 414/414/1251 413/413/1252 412/412/1253 
usemtl gun_m28
f 413/413/1254 415/415/1255 412/412/1256 
usemtl gun_m28
f 412/412/1257 415/415/1258 416/416/1259 
usemtl gun_m28
f 415/415/1260 417/417/1261 416/416/1262 
usemtl gun_m28
f 416/416/1263 417/417/1264 418/418/1265 
usemtl gun_m28
f 417/417/1266 419/419/1267 418/418/1268 
usemtl gun_m28
f 418/418/1269 419/419/1270 420/420/1271 
usemtl gun_m28
f 419/419/1272 421/421/1273 420/420/1274 
usemtl gun_m28
f 420/420/1275 421/421/1276 422/422/1277 
usemtl gun_m28
f 421/421/1278 423/423/1279 422/422/1280 
usemtl gun_m28
f 422/422/1281 423/423/1282 424/424/1283 
usemtl gun_m28
f 423/423/1284 425/425/1285 424/424/1286 
usemtl gun_m28
f 428/428/1287 427/427/1288 426/426/1289 
usemtl gun_m28
f 427/427/1290 429/429/1291 426/426/1292 
usemtl gun_m28
f 427/427/1293 430/430/1294 429/429/1295 
usemtl gun_m28
f 430/430/1296 431/431/1297 429/429/1298 
usemtl gun_m28
f 429/429/1299 431/431/1300 432/432/1301 
usemtl gun_m28
f 431/431/1302 433/433/1303 432/432/1304 
usemtl gun_m28
f 432/432/1305 433/433/1306 434/434/1307 
usemtl gun_m28
f 433/433/1308 435/435/1309 434/434/1310 
usemtl gun_m28
f 426/426/1311 429/429/1312 436/436/1313 
usemtl gun_m28
f 429/429/1314 432/432/1315 436/436/1316 
usemtl gun_m28
f 436/436/1317 432/432/1318 437/437/1319 
usemtl gun_m28
f 432/432/1320 434/434/1321 437/437/1322 
usemtl gun_m28
f 437/437/1323 434/434/1324 438/438/1325 
usemtl gun_m28
f 434/434/1326 439/439/1327 438/438/1328 
usemtl gun_m28
f 434/434/1329 435/435/1330 439/439/1331 
usemtl gun_m28
f 435/435/1332 440/440/1333 439/439/1334 
usemtl gun_m28
f 439/439/1335 440/440/1336 441/441/1337 
usemtl gun_m28
f 440/440/1338 442/442/1339 441/441/1340 
usemtl gun_m28
f 441/441/1341 442/442/1342 443/443/1343 
usemtl gun_m28
f 442/442/1344 444/444/1345 443/443/1346 
usemtl gun_m28
f 438/438/1347 439/439/1348 445/445/1349 
usemtl gun_m28
f 439/439/1350 441/441/1351 445/445/1352 
usemtl gun_m28
f 445/445/1353 441/441/1354 446/446/1355 
usemtl gun_m28
f 441/441/1356 443/443/1357 446/446/1358 
usemtl gun_m28
f 449/449/1359 448/448/1360 447/447/1361 
usemtl gun_m28
f 448/448/1362 450/450/1363 447/447/1364 
usemtl gun_m28
f 447/447/1365 450/450/1366 451/451/1367 
usemtl gun_m28
f 450/450/1368 452/452/1369 451/451/1370 
usemtl gun_m28
f 451/451/1371 452/452/1372 453/453/1373 
usemtl gun_m28
f 452/452/1374 454/454/1375 453/453/1376 
usemtl gun_m28
f 453/453/1377 454/454/1378 455/455/1379 
usemtl gun_m28
f 454/454/1380 456/456/1381 455/455/1382 
usemtl gun_m28
f 455/455/1383 456/456/1384 457/457/1385 
usemtl gun_m28
f 456/456/1386 458/458/1387 457/457/1388 
usemtl gun_m28
f 457/457/1389 458/458/1390 459/459/1391 
usemtl gun_m28
f 458/458/1392 460/460/1393 459/459/1394 
usemtl gun_m28
f 463/463/1395 462/462/1396 461/461/1397 
usemtl gun_m28
f 462/462/1398 464/464/1399 461/461/1400 
usemtl gun_m28
f 464/464/1401 462/462/1402 465/465/1403 
usemtl gun_m28
f 462/462/1404 466/466/1405 465/465/1406 
usemtl gun_m28
f 461/461/1407 464/464/1408 467/467/1409 
usemtl gun_m28
f 464/464/1410 468/468/1411 467/467/1412 
usemtl gun_m28
f 468/468/1413 464/464/1414 469/469/1415 
usemtl gun_m28
f 464/464/1416 465/465/1417 469/469/1418 
usemtl gun_m28
f 467/467/1419 468/468/1420 470/470/1421 
usemtl gun_m28
f 468/468/1422 471/471/1423 470/470/1424 
usemtl gun_m28
f 471/471/1425 468/468/1426 472/472/1427 
usemtl gun_m28
f 468/468/1428 469/469/1429 472/472/1430 
usemtl gun_m28
f 470/470/1431 471/471/1432 473/473/1433 
usemtl gun_m28
f 471/471/1434 474/474/1435 473/473/1436 
usemtl gun_m28
f 474/474/1437 471/471/1438 475/475/1439 
usemtl gun_m28
f 471/471/1440 472/472/1441 475/475/1442 
usemtl gun_m28
f 473/473/1443 474/474/1444 476/476/1445 
usemtl gun_m28
f 474/474/1446 477/477/1447 476/476/1448 
usemtl gun_m28
f 477/477/1449 474/474/1450 478/478/1451 
usemtl gun_m28
f 474/474/1452 475/475/1453 478/478/1454 
usemtl gun_m28
f 476/476/1455 477/477/1456 479/479/1457 
usemtl gun_m28
f 477/477/1458 480/480/1459 479/479/1460 
usemtl gun_m28
f 480/480/1461 477/477/1462 481/481/1463 
usemtl gun_m28
f 477/477/1464 478/478/1465 481/481/1466 
usemtl gun_m28
f 484/484/1467 483/483/1468 482/482/1469 
usemtl gun_m28
f 485/485/1470 484/484/1471 482/482/1472 
usemtl gun_m28
f 485/485/1473 482/482/1474 486/486/1475 
usemtl gun_m28
f 487/487/1476 485/485/1477 486/486/1478 
usemtl gun_m28
f 487/487/1479 486/486/1480 488/488/1481 
usemtl gun_m28
f 489/489/1482 487/487/1483 488/488/1484 
usemtl gun_m28
f 489/489/1485 488/488/1486 490/490/1487 
usemtl gun_m28
f 491/491/1488 489/489/1489 490/490/1490 
usemtl gun_m28
f 491/491/1491 490/490/1492 492/492/1493 
usemtl gun_m28
f 493/493/1494 491/491/1495 492/492/1496 
usemtl gun_m28
f 493/493/1497 492/492/1498 494/494/1499 
usemtl gun_m28
f 495/495/1500 493/493/1501 494/494/1502 
usemtl gun_m28
f 498/498/1503 497/497/1504 496/496/1505 
usemtl gun_m28
f 497/497/1506 499/499/1507 496/496/1508 
usemtl gun_m28
f 497/497/1509 500/500/1510 499/499/1511 
usemtl gun_m28
f 500/500/1512 501/501/1513 499/499/1514 
usemtl gun_m28
f 500/500/1515 502/502/1516 501/501/1517 
usemtl gun_m28
f 502/502/1518 503/503/1519 501/501/1520 
usemtl gun_m28
f 502/502/1521 504/504/1522 503/503/1523 
usemtl gun_m28
f 496/496/1524 499/499/1525 505/505/1526 
usemtl gun_m28
f 499/499/1527 506/506/1528 505/505/1529 
usemtl gun_m28
f 499/499/1530 501/501/1531 506/506/1532 
usemtl gun_m28
f 501/501/1533 507/507/1534 506/506/1535 
usemtl gun_m28
f 501/501/1536 503/503/1537 507/507/1538 
usemtl gun_m28
f 503/503/1539 508/508/1540 507/507/1541 
usemtl gun_m28
f 503/503/1542 509/509/1543 508/508/1544 
usemtl gun_m28
f 504/504/1545 509/509/1546 503/503/1547 
usemtl gun_m28
f 504/504/1548 510/510/1549 509/509/1550 
usemtl gun_m28
f 510/510/1551 511/511/1552 509/509/1553 
usemtl gun_m28
f 510/510/1554 512/512/1555 511/511/1556 
usemtl gun_m28
f 506/506/1557 513/513/1558 505/505/1559 
usemtl gun_m28
f 514/514/1560 513/513/1561 506/506/1562 
usemtl gun_m28
f 507/507/1563 514/514/1564 506/506/1565 
usemtl gun_m28
f 515/515/1566 514/514/1567 507/507/1568 
usemtl gun_m28
f 508/508/1569 515/515/1570 507/507/1571 
usemtl gun_m28
f 516/516/1572 515/515/1573 508/508/1574 
usemtl gun_m28
f 517/517/1575 516/516/1576 508/508/1577 
usemtl gun_m28
f 509/509/1578 517/517/1579 508/508/1580 
usemtl gun_m28
f 509/509/1581 511/511/1582 517/517/1583 
usemtl gun_m28
f 513/513/1584 518/518/1585 505/505/1586 
usemtl gun_m28
f 513/513/1587 519/519/1588 518/518/1589 
usemtl gun_m28
f 514/514/1590 519/519/1591 513/513/1592 
usemtl gun_m28
f 520/520/1593 519/519/1594 514/514/1595 
usemtl gun_m28
f 515/515/1596 520/520/1597 514/514/1598 
usemtl gun_m28
f 521/521/1599 520/520/1600 515/515/1601 
usemtl gun_m28
f 516/516/1602 521/521/1603 515/515/1604 
usemtl gun_m28
f 522/522/1605 521/521/1606 516/516/1607 
usemtl gun_m28
f 522/522/1608 516/516/1609 517/517/1610 
usemtl gun_m28
f 523/523/1611 522/522/1612 517/517/1613 
usemtl gun_m28
f 511/511/1614 523/523/1615 517/517/1616 
usemtl gun_m28
f 519/519/1617 524/524/1618 518/518/1619 
usemtl gun_m28
f 525/525/1620 524/524/1621 519/519/1622 
usemtl gun_m28
f 526/526/1623 525/525/1624 519/519/1625 
usemtl gun_m28
f 526/526/1626 519/519/1627 520/520/1628 
usemtl gun_m28
f 527/527/1629 526/526/1630 520/520/1631 
usemtl gun_m28
f 527/527/1632 520/520/1633 521/521/1634 
usemtl gun_m28
f 528/528/1635 527/527/1636 521/521/1637 
usemtl gun_m28
f 528/528/1638 521/521/1639 529/529/1640 
usemtl gun_m28
f 529/529/1641 521/521/1642 522/522/1643 
usemtl gun_m28
f 530/530/1644 529/529/1645 522/522/1646 
usemtl gun_m28
f 530/530/1647 522/522/1648 523/523/1649 
usemtl gun_m28
f 531/531/1650 525/525/1651 526/526/1652 
usemtl gun_m28
f 531/531/1653 526/526/1654 527/527/1655 
usemtl gun_m28
f 531/531/1656 527/527/1657 528/528/1658 
usemtl gun_m28
f 531/531/1659 528/528/1660 532/532/1661 
usemtl gun_m28
f 532/532/1662 528/528/1663 529/529/1664 
usemtl gun_m28
f 533/533/1665 530/530/1666 523/523/1667 
usemtl gun_m28
f 534/534/1668 533/533/1669 523/523/1670 
usemtl gun_m28
f 511/511/1671 534/534/1672 523/523/1673 
usemtl gun_m28
f 512/512/1674 534/534/1675 511/511/1676 
usemtl gun_m28
f 537/537/1677 536/536/1678 535/535/1679 
usemtl gun_m28
f 538/538/1680 537/537/1681 535/535/1682 
usemtl gun_m28
f 538/538/1683 535/535/1684 539/539/1685 
usemtl gun_m28
f 540/540/1686 538/538/1687 539/539/1688 
usemtl gun_m28
f 540/540/1689 539/539/1690 541/541/1691 
usemtl gun_m28
f 542/542/1692 540/540/1693 541/541/1694 
usemtl gun_m28
f 542/542/1695 541/541/1696 543/543/1697 
usemtl gun_m28
f 544/544/1698 542/542/1699 543/543/1700 
usemtl gun_m28
f 544/544/1701 543/543/1702 545/545/1703 
usemtl gun_m28
f 546/546/1704 544/544/1705 545/545/1706 
usemtl gun_m28
f 546/546/1707 545/545/1708 547/547/1709 
usemtl gun_m28
f 548/548/1710 546/546/1711 547/547/1712 
usemtl gun_m28
f 551/551/1713 550/550/1714 549/549/1715 
usemtl gun_m28
f 552/552/1716 551/551/1717 549/549/1718 
usemtl gun_m28
f 552/552/1719 549/549/1720 553/553/1721 
usemtl gun_m28
f 554/554/1722 552/552/1723 553/553/1724 
usemtl gun_m28
f 554/554/1725 553/553/1726 555/555/1727 
usemtl gun_m28
f 556/556/1728 554/554/1729 555/555/1730 
usemtl gun_m28
f 556/556/1731 555/555/1732 557/557/1733 
usemtl gun_m28
f 558/558/1734 556/556/1735 557/557/1736 
usemtl gun_m28
f 558/558/1737 557/557/1738 559/559/1739 
usemtl gun_m28
f 560/560/1740 558/558/1741 559/559/1742 
usemtl gun_m28
f 560/560/1743 559/559/1744 561/561/1745 
usemtl gun_m28
f 562/562/1746 560/560/1747 561/561/1748 
usemtl gun_m28
f 565/565/1749 564/564/1750 563/563/1751 
usemtl gun_m28
f 566/566/1752 565/565/1753 563/563/1754 
usemtl gun_m28
f 567/567/1755 566/566/1756 563/563/1757 
usemtl gun_m28
f 568/568/1758 567/567/1759 563/563/1760 
usemtl gun_m28
f 567/567/1761 568/568/1762 569/569/1763 
usemtl gun_m28
f 570/570/1764 567/567/1765 569/569/1766 
usemtl gun_m28
f 570/570/1767 569/569/1768 571/571/1769 
usemtl gun_m28
f 572/572/1770 565/565/1771 566/566/1772 
usemtl gun_m28
f 573/573/1773 572/572/1774 566/566/1775 
usemtl gun_m28
f 574/574/1776 573/573/1777 566/566/1778 
usemtl gun_m28
f 567/567/1779 574/574/1780 566/566/1781 
usemtl gun_m28
f 574/574/1782 567/567/1783 570/570/1784 
usemtl gun_m28
f 575/575/1785 574/574/1786 570/570/1787 
usemtl gun_m28
f 575/575/1788 570/570/1789 576/576/1790 
usemtl gun_m28
f 576/576/1791 570/570/1792 571/571/1793 
usemtl gun_m28
f 576/576/1794 571/571/1795 577/577/1796 
usemtl gun_m28
f 577/577/1797 571/571/1798 578/578/1799 
usemtl gun_m28
f 579/579/1800 572/572/1801 573/573/1802 
usemtl gun_m28
f 580/580/1803 579/579/1804 573/573/1805 
usemtl gun_m28
f 581/581/1806 580/580/1807 573/573/1808 
usemtl gun_m28
f 574/574/1809 581/581/1810 573/573/1811 
usemtl gun_m28
f 581/581/1812 574/574/1813 575/575/1814 
usemtl gun_m28
f 582/582/1815 581/581/1816 575/575/1817 
usemtl gun_m28
f 582/582/1818 575/575/1819 583/583/1820 
usemtl gun_m28
f 575/575/1821 584/584/1822 583/583/1823 
usemtl gun_m28
f 584/584/1824 575/575/1825 576/576/1826 
usemtl gun_m28
f 584/584/1827 576/576/1828 577/577/1829 
usemtl gun_m28
f 585/585/1830 584/584/1831 577/577/1832 
usemtl gun_m28
f 586/586/1833 579/579/1834 580/580/1835 
usemtl gun_m28
f 587/587/1836 586/586/1837 580/580/1838 
usemtl gun_m28
f 588/588/1839 587/587/1840 580/580/1841 
usemtl gun_m28
f 581/581/1842 588/588/1843 580/580/1844 
usemtl gun_m28
f 588/588/1845 581/581/1846 582/582/1847 
usemtl gun_m28
f 589/589/1848 588/588/1849 582/582/1850 
usemtl gun_m28
f 589/589/1851 582/582/1852 583/583/1853 
usemtl gun_m28
f 590/590/1854 589/589/1855 583/583/1856 
usemtl gun_m28
f 590/590/1857 583/583/1858 591/591/1859 
usemtl gun_m28
f 591/591/1860 583/583/1861 585/585/1862 
usemtl gun_m28
f 583/583/1863 584/584/1864 585/585/1865 
usemtl gun_m28
f 592/592/1866 586/586/1867 587/587/1868 
usemtl gun_m28
f 593/593/1869 592/592/1870 587/587/1871 
usemtl gun_m28
f 594/594/1872 593/593/1873 587/587/1874 
usemtl gun_m28
f 588/588/1875 594/594/1876 587/587/1877 
usemtl gun_m28
f 594/594/1878 588/588/1879 589/589/1880 
usemtl gun_m28
f 595/595/1881 594/594/1882 589/589/1883 
usemtl gun_m28
f 595/595/1884 589/589/1885 590/590/1886 
usemtl gun_m28
f 596/596/1887 595/595/1888 590/590/1889 
usemtl gun_m28
f 596/596/1890 590/590/1891 597/597/1892 
usemtl gun_m28
f 597/597/1893 590/590/1894 591/591/1895 
usemtl gun_m28
f 598/598/1896 592/592/1897 593/593/1898 
usemtl gun_m28
f 599/599/1899 598/598/1900 593/593/1901 
usemtl gun_m28
f 600/600/1902 599/599/1903 593/593/1904 
usemtl gun_m28
f 594/594/1905 600/600/1906 593/593/1907 
usemtl gun_m28
f 600/600/1908 594/594/1909 595/595/1910 
usemtl gun_m28
f 601/601/1911 600/600/1912 595/595/1913 
usemtl gun_m28
f 601/601/1914 595/595/1915 596/596/1916 
usemtl gun_m28
f 602/602/1917 601/601/1918 596/596/1919 
usemtl gun_m28
f 602/602/1920 596/596/1921 603/603/1922 
usemtl gun_m28
f 603/603/1923 596/596/1924 597/597/1925 
usemtl gun_m28
f 604/604/1926 602/602/1927 603/603/1928 
usemtl gun_m28
f 607/607/1929 606/606/1930 605/605/1931 
usemtl gun_m28
f 606/606/1932 608/608/1933 605/605/1934 
usemtl gun_m28
f 605/605/1935 608/608/1936 609/609/1937 
usemtl gun_m28
f 608/608/1938 610/610/1939 609/609/1940 
usemtl gun_m28
f 609/609/1941 610/610/1942 611/611/1943 
usemtl gun_m28
f 610/610/1944 612/612/1945 611/611/1946 
usemtl gun_m28
f 611/611/1947 612/612/1948 613/613/1949 
usemtl gun_m28
f 612/612/1950 614/614/1951 613/613/1952 
usemtl gun_m28
f 613/613/1953 614/614/1954 615/615/1955 
usemtl gun_m28
f 614/614/1956 616/616/1957 615/615/1958 
usemtl gun_m28
f 615/615/1959 616/616/1960 617/617/1961 
usemtl gun_m28
f 616/616/1962 618/618/1963 617/617/1964 
usemtl gun_m28
f 621/621/1965 620/620/1966 619/619/1967 
usemtl gun_m28
f 620/620/1968 622/622/1969 619/619/1970 
usemtl gun_m28
f 619/619/1971 622/622/1972 623/623/1973 
usemtl gun_m28
f 622/622/1974 624/624/1975 623/623/1976 
usemtl gun_m28
f 623/623/1977 624/624/1978 625/625/1979 
usemtl gun_m28
f 624/624/1980 626/626/1981 625/625/1982 
usemtl gun_m28
f 625/625/1983 626/626/1984 627/627/1985 
usemtl gun_m28
f 626/626/1986 628/628/1987 627/627/1988 
usemtl gun_m28
f 627/627/1989 628/628/1990 629/629/1991 
usemtl gun_m28
f 628/628/1992 630/630/1993 629/629/1994 
usemtl gun_m28
f 629/629/1995 630/630/1996 631/631/1997 
usemtl gun_m28
f 630/630/1998 632/632/1999 631/631/2000 
usemtl gun_m28
f 635/635/2001 634/634/2002 633/633/2003 
usemtl gun_m28
f 636/636/2004 635/635/2005 633/633/2006 
usemtl gun_m28
f 636/636/2007 633/633/2008 637/637/2009 
usemtl gun_m28
f 638/638/2010 636/636/2011 637/637/2012 
usemtl gun_m28
f 638/638/2013 637/637/2014 639/639/2015 
usemtl gun_m28
f 640/640/2016 638/638/2017 639/639/2018 
usemtl gun_m28
f 640/640/2019 639/639/2020 641/641/2021 
usemtl gun_m28
f 642/642/2022 640/640/2023 641/641/2024 
usemtl gun_m28
f 642/642/2025 641/641/2026 643/643/2027 
usemtl gun_m28
f 644/644/2028 642/642/2029 643/643/2030 
usemtl gun_m28
f 644/644/2031 643/643/2032 645/645/2033 
usemtl gun_m28
f 646/646/2034 644/644/2035 645/645/2036 
usemtl gun_m28
f 649/649/2037 648/648/2038 647/647/2039 
usemtl gun_m28
f 648/648/2040 650/650/2041 647/647/2042 
usemtl gun_m28
f 647/647/2043 650/650/2044 651/651/2045 
usemtl gun_m28
f 650/650/2046 652/652/2047 651/651/2048 
usemtl gun_m28
f 651/651/2049 652/652/2050 653/653/2051 
usemtl gun_m28
f 652/652/2052 654/654/2053 653/653/2054 
usemtl gun_m28
f 653/653/2055 654/654/2056 655/655/2057 
usemtl gun_m28
f 654/654/2058 656/656/2059 655/655/2060 
usemtl gun_m28
f 655/655/2061 656/656/2062 657/657/2063 
usemtl gun_m28
f 656/656/2064 658/658/2065 657/657/2066 
usemtl gun_m28
f 657/657/2067 658/658/2068 659/659/2069 
usemtl gun_m28
f 658/658/2070 660/660/2071 659/659/2072 
usemtl gun_m28
f 663/663/2073 662/662/2074 661/661/2075 
usemtl gun_m28
f 664/664/2076 663/663/2077 661/661/2078 
usemtl gun_m28
f 664/664/2079 661/661/2080 665/665/2081 
usemtl gun_m28
f 664/664/2082 665/665/2083 666/666/2084 
usemtl gun_m28
f 667/667/2085 664/664/2086 666/666/2087 
usemtl gun_m28
f 667/667/2088 666/666/2089 668/668/2090 
usemtl gun_m28
f 669/669/2091 667/667/2092 668/668/2093 
usemtl gun_m28
f 669/669/2094 668/668/2095 670/670/2096 
usemtl gun_m28
f 669/669/2097 670/670/2098 671/671/2099 
usemtl gun_m28
f 672/672/2100 669/669/2101 671/671/2102 
usemtl gun_m28
f 675/675/2103 674/674/2104 673/673/2105 
usemtl gun_m28
f 674/674/2106 676/676/2107 673/673/2108 
usemtl gun_m28
f 673/673/2109 676/676/2110 677/677/2111 
usemtl gun_m28
f 676/676/2112 678/678/2113 677/677/2114 
usemtl gun_m28
f 677/677/2115 678/678/2116 679/679/2117 
usemtl gun_m28
f 678/678/2118 680/680/2119 679/679/2120 
usemtl gun_m28
f 679/679/2121 680/680/2122 681/681/2123 
usemtl gun_m28
f 680/680/2124 682/682/2125 681/681/2126 
usemtl gun_m28
f 681/681/2127 682/682/2128 683/683/2129 
usemtl gun_m28
f 682/682/2130 684/684/2131 683/683/2132 
usemtl gun_m28
f 683/683/2133 684/684/2134 685/685/2135 
usemtl gun_m28
f 684/684/2136 686/686/2137 685/685/2138 
usemtl gun_m28
f 396/396/2139 397/397/2140 702/702/2141 
usemtl gun_m28
f 722/722/2142 723/723/2143 386/386/2144 
usemtl gun_m28
f 730/730/2145 687/687/2146 688/688/2147 
usemtl gun_m28
f 687/687/2148 729/729/2149 688/688/2150 
usemtl gun_m28
f 687/687/2151 728/728/2152 729/729/2153 
usemtl gun_m28
f 713/713/2154 698/698/2155 727/727/2156 
usemtl gun_m28
f 714/714/2157 698/698/2158 713/713/2159 
usemtl gun_m28
f 715/715/2160 714/714/2161 713/713/2162 
usemtl gun_m28
f 723/723/2163 384/384/2164 386/386/2165 
usemtl gun_m28
f 397/397/2166 701/701/2167 702/702/2168 
usemtl gun_m28
f 712/712/2169 711/711/2170 390/390/2171 
usemtl gun_m28
f 697/697/2172 712/712/2173 390/390/2174 
usemtl gun_m28
f 390/390/2175 391/391/2176 697/697/2177 
usemtl gun_m28
f 391/391/2178 696/696/2179 697/697/2180 
usemtl gun_m28
f 721/721/2181 388/388/2182 692/692/2183 
usemtl gun_m28
f 691/691/2184 721/721/2185 692/692/2186 
usemtl gun_m28
f 693/693/2187 694/694/2188 695/695/2189 
usemtl gun_m28
f 694/694/2190 692/692/2191 695/695/2192 
usemtl gun_m28
f 692/692/2193 694/694/2194 691/691/2195 
usemtl gun_m28
f 694/694/2196 690/690/2197 691/691/2198 
usemtl gun_m28
f 690/690/2199 689/689/2200 691/691/2201 
usemtl gun_m28
f 691/691/2202 689/689/2203 721/721/2204 
usemtl gun_m28
f 703/703/2205 704/704/2206 705/705/2207 
usemtl gun_m28
f 704/704/2208 706/706/2209 705/705/2210 
usemtl gun_m28
f 705/705/2211 706/706/2212 707/707/2213 
usemtl gun_m28
f 706/706/2214 708/708/2215 707/707/2216 
usemtl gun_m28
f 707/707/2217 708/708/2218 709/709/2219 
usemtl gun_m28
f 712/712/2220 710/710/2221 711/711/2222 
usemtl gun_m28
f 392/392/2223 393/393/2224 394/394/2225 
usemtl gun_m28
f 393/393/2226 395/395/2227 394/394/2228 
usemtl gun_m28
f 394/394/2229 395/395/2230 396/396/2231 
usemtl gun_m28
f 395/395/2232 397/397/2233 396/396/2234 
usemtl gun_m28
f 386/386/2235 384/384/2236 385/385/2237 
usemtl gun_m28
f 387/387/2238 386/386/2239 385/385/2240 
usemtl gun_m28
f 721/721/2241 722/722/2242 388/388/2243 
usemtl gun_m28
f 722/722/2244 386/386/2245 388/388/2246 
usemtl gun_m28
f 388/388/2247 386/386/2248 387/387/2249 
usemtl gun_m28
f 389/389/2250 388/388/2251 387/387/2252 
usemtl gun_m28
f 738/738/2253 735/735/2255 740/740/2256 
usemtl gun_m28
f 744/744/2257 738/738/2259 740/740/2260 
usemtl gun_m28
f 763/763/2261 754/754/2263 765/765/2264 
usemtl gun_m28
f 739/739/2265 746/746/2267 744/744/2268 
usemtl gun_m28
f 732/732/2269 742/742/2271 737/737/2272 
usemtl gun_m28
f 762/762/2273 765/765/2275 766/766/2276 
usemtl gun_m28
f 739/739/2277 736/736/2279 741/741/2280 
usemtl gun_m28
f 749/749/2281 766/766/2283 751/751/2284 
usemtl gun_m28
f 738/738/2285 756/756/2287 745/745/2288 
usemtl gun_m28
f 746/746/2289 761/761/2291 738/738/2292 
usemtl gun_m28
f 733/733/2293 732/732/2295 731/731/2296 
usemtl gun_m28
f 741/741/2297 764/764/2299 746/746/2300 
usemtl gun_m28
f 751/751/2301 752/752/2303 753/753/2304 
usemtl gun_m28
f 736/736/2305 754/754/2307 741/741/2308 
usemtl gun_m28
f 766/766/2309 750/750/2311 752/752/2312 
usemtl gun_m28
f 760/760/2313 764/764/2315 763/763/2316 
usemtl gun_m28
f 748/748/2317 742/742/2319 747/747/2320 
usemtl gun_m28
f 749/749/2321 737/737/2323 748/748/2324 
usemtl gun_m28
f 759/759/2325 763/763/2327 762/762/2328 
usemtl gun_m28
f 751/751/2329 732/732/2331 749/749/2332 
usemtl gun_m28
f 748/748/2333 762/762/2335 749/749/2336 
usemtl gun_m28
f 753/753/2337 731/731/2339 751/751/2340 
usemtl gun_m28
f 747/747/2341 759/759/2343 748/748/2344 
usemtl gun_m28
f 765/765/2345 743/743/2347 750/750/2348 
usemtl gun_m28
f 757/757/2349 761/761/2351 760/760/2352 
usemtl gun_m28
f 758/758/2353 760/760/2355 759/759/2356 
usemtl gun_m28
f 357/357/1076 352/352/2358 355/355/2357 
usemtl gun_m28
f 357/357/1080 355/355/2360 361/361/2359 
usemtl gun_m28
f 382/382/1084 371/371/2362 380/380/2361 
usemtl gun_m28
f 361/361/1088 363/363/2364 356/356/2363 
usemtl gun_m28
f 354/354/1092 359/359/2366 349/349/2365 
usemtl gun_m28
f 383/383/1096 382/382/2368 379/379/2367 
usemtl gun_m28
f 358/358/1100 353/353/2370 356/356/2369 
usemtl gun_m28
f 368/368/1104 383/383/2372 366/366/2371 
usemtl gun_m28
f 362/362/1108 373/373/2374 355/355/2373 
usemtl gun_m28
f 355/355/1112 378/378/2376 363/363/2375 
usemtl gun_m28
f 348/348/1116 349/349/2378 350/350/2377 
usemtl gun_m28
f 363/363/1120 381/381/2380 358/358/2379 
usemtl gun_m28
f 370/370/1124 369/369/2382 368/368/2381 
usemtl gun_m28
f 358/358/1128 371/371/2384 353/353/2383 
usemtl gun_m28
f 369/369/1132 367/367/2386 383/383/2385 
usemtl gun_m28
f 380/380/1136 381/381/2388 377/377/2387 
usemtl gun_m28
f 364/364/1140 359/359/2390 365/365/2389 
usemtl gun_m28
f 365/365/1144 354/354/2392 366/366/2391 
usemtl gun_m28
f 379/379/1148 380/380/2394 376/376/2393 
usemtl gun_m28
f 366/366/1152 349/349/2396 368/368/2395 
usemtl gun_m28
f 366/366/1156 379/379/2398 365/365/2397 
usemtl gun_m28
f 368/368/1160 348/348/2400 370/370/2399 
usemtl gun_m28
f 365/365/1164 376/376/2402 364/364/2401 
usemtl gun_m28
f 367/367/1168 360/360/2404 382/382/2403 
usemtl gun_m28
f 377/377/1172 378/378/2406 374/374/2405 
usemtl gun_m28
f 376/376/1176 377/377/2408 375/375/2407 
usemtl gun_m28
f 745/745/2254 735/735/2410 738/738/2409 
usemtl gun_m28
f 746/746/2258 738/738/2412 744/744/2411 
usemtl gun_m28
f 764/764/2262 754/754/2414 763/763/2413 
usemtl gun_m28
f 741/741/2266 746/746/2416 739/739/2415 
usemtl gun_m28
f 755/755/2270 742/742/2418 732/732/2417 
usemtl gun_m28
f 763/763/2274 765/765/2420 762/762/2419 
usemtl gun_m28
f 734/734/2278 736/736/2422 739/739/2421 
usemtl gun_m28
f 762/762/2282 766/766/2424 749/749/2423 
usemtl gun_m28
f 761/761/2286 756/756/2426 738/738/2425 
usemtl gun_m28
f 764/764/2290 761/761/2428 746/746/2427 
usemtl gun_m28
f 755/755/2294 732/732/2430 733/733/2429 
usemtl gun_m28
f 754/754/2298 764/764/2432 741/741/2431 
usemtl gun_m28
f 766/766/2302 752/752/2434 751/751/2433 
usemtl gun_m28
f 743/743/2306 754/754/2436 736/736/2435 
usemtl gun_m28
f 765/765/2310 750/750/2438 766/766/2437 
usemtl gun_m28
f 761/761/2314 764/764/2440 760/760/2439 
usemtl gun_m28
f 737/737/2318 742/742/2442 748/748/2441 
usemtl gun_m28
f 732/732/2322 737/737/2444 749/749/2443 
usemtl gun_m28
f 760/760/2326 763/763/2446 759/759/2445 
usemtl gun_m28
f 731/731/2330 732/732/2448 751/751/2447 
usemtl gun_m28
f 759/759/2334 762/762/2450 748/748/2449 
usemtl gun_m28
f 733/733/2338 731/731/2452 753/753/2451 
usemtl gun_m28
f 758/758/2342 759/759/2454 747/747/2453 
usemtl gun_m28
f 754/754/2346 743/743/2456 765/765/2455 
usemtl gun_m28
f 756/756/2350 761/761/2458 757/757/2457 
usemtl gun_m28
f 757/757/2354 760/760/2460 758/758/2459 
#end 820 faces
