Load file:texture\effect\sel1.tga
width: 128	height: 128	format: 21	mem_size:65536
[scene]: num: 0, size: 0	[65536]
[character]: num: 0, size: 0	[65536]
[item]: num: 0, size: 0	[65536]
[ui]: num: 0, size: 0	[65536]
[terrain]: num: 0, size: 0	[65536]
[effect]: num: 1, size: 65536	[65536]
[minimap]: num: 0, size: 0	[65536]
Load file:texture/terrain/subtract.bmp
width: 32	height: 32	format: 21	mem_size:4096
[scene]: num: 0, size: 0	[69632]
[character]: num: 0, size: 0	[69632]
[item]: num: 0, size: 0	[69632]
[ui]: num: 0, size: 0	[69632]
[terrain]: num: 1, size: 4096	[69632]
[effect]: num: 1, size: 65536	[69632]
[minimap]: num: 0, size: 0	[69632]
Load file:texture/terrain/brick01.bmp
width: 256	height: 256	format: 21	mem_size:262144
[scene]: num: 0, size: 0	[331776]
[character]: num: 0, size: 0	[331776]
[item]: num: 0, size: 0	[331776]
[ui]: num: 0, size: 0	[331776]
[terrain]: num: 2, size: 266240	[331776]
[effect]: num: 1, size: 65536	[331776]
[minimap]: num: 0, size: 0	[331776]
Load file:texture/terrain/brick04.bmp
width: 256	height: 256	format: 21	mem_size:262144
[scene]: num: 0, size: 0	[593920]
[character]: num: 0, size: 0	[593920]
[item]: num: 0, size: 0	[593920]
[ui]: num: 0, size: 0	[593920]
[terrain]: num: 3, size: 528384	[593920]
[effect]: num: 1, size: 65536	[593920]
[minimap]: num: 0, size: 0	[593920]
Load file:texture/terrain/brick05.bmp
width: 256	height: 256	format: 21	mem_size:262144
[scene]: num: 0, size: 0	[856064]
[character]: num: 0, size: 0	[856064]
[item]: num: 0, size: 0	[856064]
[ui]: num: 0, size: 0	[856064]
[terrain]: num: 4, size: 790528	[856064]
[effect]: num: 1, size: 65536	[856064]
[minimap]: num: 0, size: 0	[856064]
Load file:texture/terrain/grass05.bmp
width: 256	height: 256	format: 21	mem_size:262144
[scene]: num: 0, size: 0	[1118208]
[character]: num: 0, size: 0	[1118208]
[item]: num: 0, size: 0	[1118208]
[ui]: num: 0, size: 0	[1118208]
[terrain]: num: 5, size: 1052672	[1118208]
[effect]: num: 1, size: 65536	[1118208]
[minimap]: num: 0, size: 0	[1118208]
Load file:texture/terrain/grass11.bmp
width: 256	height: 256	format: 21	mem_size:262144
[scene]: num: 0, size: 0	[1380352]
[character]: num: 0, size: 0	[1380352]
[item]: num: 0, size: 0	[1380352]
[ui]: num: 0, size: 0	[1380352]
[terrain]: num: 6, size: 1314816	[1380352]
[effect]: num: 1, size: 65536	[1380352]
[minimap]: num: 0, size: 0	[1380352]
Load file:texture/terrain/grass04.bmp
width: 256	height: 256	format: 21	mem_size:262144
[scene]: num: 0, size: 0	[1642496]
[character]: num: 0, size: 0	[1642496]
[item]: num: 0, size: 0	[1642496]
[ui]: num: 0, size: 0	[1642496]
[terrain]: num: 7, size: 1576960	[1642496]
[effect]: num: 1, size: 65536	[1642496]
[minimap]: num: 0, size: 0	[1642496]
Load file:texture/terrain/grass02.bmp
width: 256	height: 256	format: 21	mem_size:262144
[scene]: num: 0, size: 0	[1904640]
[character]: num: 0, size: 0	[1904640]
[item]: num: 0, size: 0	[1904640]
[ui]: num: 0, size: 0	[1904640]
[terrain]: num: 8, size: 1839104	[1904640]
[effect]: num: 1, size: 65536	[1904640]
[minimap]: num: 0, size: 0	[1904640]
Load file:texture/terrain/grass01.bmp
width: 256	height: 256	format: 21	mem_size:262144
[scene]: num: 0, size: 0	[2166784]
[character]: num: 0, size: 0	[2166784]
[item]: num: 0, size: 0	[2166784]
[ui]: num: 0, size: 0	[2166784]
[terrain]: num: 9, size: 2101248	[2166784]
[effect]: num: 1, size: 65536	[2166784]
[minimap]: num: 0, size: 0	[2166784]
Load file:texture/terrain/grass03.bmp
width: 256	height: 256	format: 21	mem_size:262144
[scene]: num: 0, size: 0	[2428928]
[character]: num: 0, size: 0	[2428928]
[item]: num: 0, size: 0	[2428928]
[ui]: num: 0, size: 0	[2428928]
[terrain]: num: 10, size: 2363392	[2428928]
[effect]: num: 1, size: 65536	[2428928]
[minimap]: num: 0, size: 0	[2428928]
Load file:texture/terrain/snow05.bmp
width: 256	height: 256	format: 21	mem_size:262144
[scene]: num: 0, size: 0	[2691072]
[character]: num: 0, size: 0	[2691072]
[item]: num: 0, size: 0	[2691072]
[ui]: num: 0, size: 0	[2691072]
[terrain]: num: 11, size: 2625536	[2691072]
[effect]: num: 1, size: 65536	[2691072]
[minimap]: num: 0, size: 0	[2691072]
Load file:texture/terrain/grass07.bmp
width: 256	height: 256	format: 21	mem_size:262144
[scene]: num: 0, size: 0	[2953216]
[character]: num: 0, size: 0	[2953216]
[item]: num: 0, size: 0	[2953216]
[ui]: num: 0, size: 0	[2953216]
[terrain]: num: 12, size: 2887680	[2953216]
[effect]: num: 1, size: 65536	[2953216]
[minimap]: num: 0, size: 0	[2953216]
Load file:texture/terrain/brick09.bmp
width: 256	height: 256	format: 21	mem_size:262144
[scene]: num: 0, size: 0	[3215360]
[character]: num: 0, size: 0	[3215360]
[item]: num: 0, size: 0	[3215360]
[ui]: num: 0, size: 0	[3215360]
[terrain]: num: 13, size: 3149824	[3215360]
[effect]: num: 1, size: 65536	[3215360]
[minimap]: num: 0, size: 0	[3215360]
Load file:texture/terrain/sand03.bmp
width: 256	height: 256	format: 21	mem_size:262144
[scene]: num: 0, size: 0	[3477504]
[character]: num: 0, size: 0	[3477504]
[item]: num: 0, size: 0	[3477504]
[ui]: num: 0, size: 0	[3477504]
[terrain]: num: 14, size: 3411968	[3477504]
[effect]: num: 1, size: 65536	[3477504]
[minimap]: num: 0, size: 0	[3477504]
Load file:texture/terrain/sand02.bmp
width: 256	height: 256	format: 21	mem_size:262144
[scene]: num: 0, size: 0	[3739648]
[character]: num: 0, size: 0	[3739648]
[item]: num: 0, size: 0	[3739648]
[ui]: num: 0, size: 0	[3739648]
[terrain]: num: 15, size: 3674112	[3739648]
[effect]: num: 1, size: 65536	[3739648]
[minimap]: num: 0, size: 0	[3739648]
Load file:texture/terrain/sand01.bmp
width: 256	height: 256	format: 21	mem_size:262144
[scene]: num: 0, size: 0	[4001792]
[character]: num: 0, size: 0	[4001792]
[item]: num: 0, size: 0	[4001792]
[ui]: num: 0, size: 0	[4001792]
[terrain]: num: 16, size: 3936256	[4001792]
[effect]: num: 1, size: 65536	[4001792]
[minimap]: num: 0, size: 0	[4001792]
Load file:texture/terrain/dirt03.bmp
width: 256	height: 256	format: 21	mem_size:262144
[scene]: num: 0, size: 0	[4263936]
[character]: num: 0, size: 0	[4263936]
[item]: num: 0, size: 0	[4263936]
[ui]: num: 0, size: 0	[4263936]
[terrain]: num: 17, size: 4198400	[4263936]
[effect]: num: 1, size: 65536	[4263936]
[minimap]: num: 0, size: 0	[4263936]
Load file:texture/terrain/dirt04.bmp
width: 256	height: 256	format: 21	mem_size:262144
[scene]: num: 0, size: 0	[4526080]
[character]: num: 0, size: 0	[4526080]
[item]: num: 0, size: 0	[4526080]
[ui]: num: 0, size: 0	[4526080]
[terrain]: num: 18, size: 4460544	[4526080]
[effect]: num: 1, size: 65536	[4526080]
[minimap]: num: 0, size: 0	[4526080]
Load file:texture/terrain/dirt05.bmp
width: 256	height: 256	format: 21	mem_size:262144
[scene]: num: 0, size: 0	[4788224]
[character]: num: 0, size: 0	[4788224]
[item]: num: 0, size: 0	[4788224]
[ui]: num: 0, size: 0	[4788224]
[terrain]: num: 19, size: 4722688	[4788224]
[effect]: num: 1, size: 65536	[4788224]
[minimap]: num: 0, size: 0	[4788224]
Load file:texture/terrain/brick02.bmp
width: 256	height: 256	format: 21	mem_size:262144
[scene]: num: 0, size: 0	[5050368]
[character]: num: 0, size: 0	[5050368]
[item]: num: 0, size: 0	[5050368]
[ui]: num: 0, size: 0	[5050368]
[terrain]: num: 20, size: 4984832	[5050368]
[effect]: num: 1, size: 65536	[5050368]
[minimap]: num: 0, size: 0	[5050368]
Load file:texture/terrain/brick03.bmp
width: 256	height: 256	format: 21	mem_size:262144
[scene]: num: 0, size: 0	[5312512]
[character]: num: 0, size: 0	[5312512]
[item]: num: 0, size: 0	[5312512]
[ui]: num: 0, size: 0	[5312512]
[terrain]: num: 21, size: 5246976	[5312512]
[effect]: num: 1, size: 65536	[5312512]
[minimap]: num: 0, size: 0	[5312512]
Load file:texture/terrain/brick06.bmp
width: 256	height: 256	format: 21	mem_size:262144
[scene]: num: 0, size: 0	[5574656]
[character]: num: 0, size: 0	[5574656]
[item]: num: 0, size: 0	[5574656]
[ui]: num: 0, size: 0	[5574656]
[terrain]: num: 22, size: 5509120	[5574656]
[effect]: num: 1, size: 65536	[5574656]
[minimap]: num: 0, size: 0	[5574656]
Load file:texture/terrain/dirt07.bmp
width: 256	height: 256	format: 21	mem_size:262144
[scene]: num: 0, size: 0	[5836800]
[character]: num: 0, size: 0	[5836800]
[item]: num: 0, size: 0	[5836800]
[ui]: num: 0, size: 0	[5836800]
[terrain]: num: 23, size: 5771264	[5836800]
[effect]: num: 1, size: 65536	[5836800]
[minimap]: num: 0, size: 0	[5836800]
Load file:texture/terrain/rock01.bmp
width: 256	height: 256	format: 21	mem_size:262144
[scene]: num: 0, size: 0	[6098944]
[character]: num: 0, size: 0	[6098944]
[item]: num: 0, size: 0	[6098944]
[ui]: num: 0, size: 0	[6098944]
[terrain]: num: 24, size: 6033408	[6098944]
[effect]: num: 1, size: 65536	[6098944]
[minimap]: num: 0, size: 0	[6098944]
Load file:texture/terrain/rock02.bmp
width: 256	height: 256	format: 21	mem_size:262144
[scene]: num: 0, size: 0	[6361088]
[character]: num: 0, size: 0	[6361088]
[item]: num: 0, size: 0	[6361088]
[ui]: num: 0, size: 0	[6361088]
[terrain]: num: 25, size: 6295552	[6361088]
[effect]: num: 1, size: 65536	[6361088]
[minimap]: num: 0, size: 0	[6361088]
Load file:texture/terrain/snow01.bmp
width: 256	height: 256	format: 21	mem_size:262144
[scene]: num: 0, size: 0	[6623232]
[character]: num: 0, size: 0	[6623232]
[item]: num: 0, size: 0	[6623232]
[ui]: num: 0, size: 0	[6623232]
[terrain]: num: 26, size: 6557696	[6623232]
[effect]: num: 1, size: 65536	[6623232]
[minimap]: num: 0, size: 0	[6623232]
Load file:texture/terrain/snow02.bmp
width: 256	height: 256	format: 21	mem_size:262144
[scene]: num: 0, size: 0	[6885376]
[character]: num: 0, size: 0	[6885376]
[item]: num: 0, size: 0	[6885376]
[ui]: num: 0, size: 0	[6885376]
[terrain]: num: 27, size: 6819840	[6885376]
[effect]: num: 1, size: 65536	[6885376]
[minimap]: num: 0, size: 0	[6885376]
Load file:texture/terrain/snow03.bmp
width: 256	height: 256	format: 21	mem_size:262144
[scene]: num: 0, size: 0	[7147520]
[character]: num: 0, size: 0	[7147520]
[item]: num: 0, size: 0	[7147520]
[ui]: num: 0, size: 0	[7147520]
[terrain]: num: 28, size: 7081984	[7147520]
[effect]: num: 1, size: 65536	[7147520]
[minimap]: num: 0, size: 0	[7147520]
Load file:texture/terrain/snow04.bmp
width: 256	height: 256	format: 21	mem_size:262144
[scene]: num: 0, size: 0	[7409664]
[character]: num: 0, size: 0	[7409664]
[item]: num: 0, size: 0	[7409664]
[ui]: num: 0, size: 0	[7409664]
[terrain]: num: 29, size: 7344128	[7409664]
[effect]: num: 1, size: 65536	[7409664]
[minimap]: num: 0, size: 0	[7409664]
Load file:texture/terrain/grass10.bmp
width: 256	height: 256	format: 21	mem_size:262144
[scene]: num: 0, size: 0	[7671808]
[character]: num: 0, size: 0	[7671808]
[item]: num: 0, size: 0	[7671808]
[ui]: num: 0, size: 0	[7671808]
[terrain]: num: 30, size: 7606272	[7671808]
[effect]: num: 1, size: 65536	[7671808]
[minimap]: num: 0, size: 0	[7671808]
Load file:texture/terrain/dirt06.bmp
width: 256	height: 256	format: 21	mem_size:262144
[scene]: num: 0, size: 0	[7933952]
[character]: num: 0, size: 0	[7933952]
[item]: num: 0, size: 0	[7933952]
[ui]: num: 0, size: 0	[7933952]
[terrain]: num: 31, size: 7868416	[7933952]
[effect]: num: 1, size: 65536	[7933952]
[minimap]: num: 0, size: 0	[7933952]
Load file:texture/terrain/snow06.bmp
width: 256	height: 256	format: 21	mem_size:262144
[scene]: num: 0, size: 0	[8196096]
[character]: num: 0, size: 0	[8196096]
[item]: num: 0, size: 0	[8196096]
[ui]: num: 0, size: 0	[8196096]
[terrain]: num: 32, size: 8130560	[8196096]
[effect]: num: 1, size: 65536	[8196096]
[minimap]: num: 0, size: 0	[8196096]
Load file:texture/terrain/grass09.bmp
width: 256	height: 256	format: 21	mem_size:262144
[scene]: num: 0, size: 0	[8458240]
[character]: num: 0, size: 0	[8458240]
[item]: num: 0, size: 0	[8458240]
[ui]: num: 0, size: 0	[8458240]
[terrain]: num: 33, size: 8392704	[8458240]
[effect]: num: 1, size: 65536	[8458240]
[minimap]: num: 0, size: 0	[8458240]
Load file:texture/terrain/sand05.bmp
width: 256	height: 256	format: 21	mem_size:262144
[scene]: num: 0, size: 0	[8720384]
[character]: num: 0, size: 0	[8720384]
[item]: num: 0, size: 0	[8720384]
[ui]: num: 0, size: 0	[8720384]
[terrain]: num: 34, size: 8654848	[8720384]
[effect]: num: 1, size: 65536	[8720384]
[minimap]: num: 0, size: 0	[8720384]
Load file:texture/terrain/sand06.bmp
width: 256	height: 256	format: 21	mem_size:262144
[scene]: num: 0, size: 0	[8982528]
[character]: num: 0, size: 0	[8982528]
[item]: num: 0, size: 0	[8982528]
[ui]: num: 0, size: 0	[8982528]
[terrain]: num: 35, size: 8916992	[8982528]
[effect]: num: 1, size: 65536	[8982528]
[minimap]: num: 0, size: 0	[8982528]
Load file:texture/terrain/sand07.bmp
width: 256	height: 256	format: 21	mem_size:262144
[scene]: num: 0, size: 0	[9244672]
[character]: num: 0, size: 0	[9244672]
[item]: num: 0, size: 0	[9244672]
[ui]: num: 0, size: 0	[9244672]
[terrain]: num: 36, size: 9179136	[9244672]
[effect]: num: 1, size: 65536	[9244672]
[minimap]: num: 0, size: 0	[9244672]
Load file:texture/terrain/brick08.bmp
width: 256	height: 256	format: 21	mem_size:262144
[scene]: num: 0, size: 0	[9506816]
[character]: num: 0, size: 0	[9506816]
[item]: num: 0, size: 0	[9506816]
[ui]: num: 0, size: 0	[9506816]
[terrain]: num: 37, size: 9441280	[9506816]
[effect]: num: 1, size: 65536	[9506816]
[minimap]: num: 0, size: 0	[9506816]
Load file:texture/terrain/snow07.bmp
width: 256	height: 256	format: 21	mem_size:262144
[scene]: num: 0, size: 0	[9768960]
[character]: num: 0, size: 0	[9768960]
[item]: num: 0, size: 0	[9768960]
[ui]: num: 0, size: 0	[9768960]
[terrain]: num: 38, size: 9703424	[9768960]
[effect]: num: 1, size: 65536	[9768960]
[minimap]: num: 0, size: 0	[9768960]
Load file:texture/terrain/drit08.bmp
width: 256	height: 256	format: 21	mem_size:262144
[scene]: num: 0, size: 0	[10031104]
[character]: num: 0, size: 0	[10031104]
[item]: num: 0, size: 0	[10031104]
[ui]: num: 0, size: 0	[10031104]
[terrain]: num: 39, size: 9965568	[10031104]
[effect]: num: 1, size: 65536	[10031104]
[minimap]: num: 0, size: 0	[10031104]
Load file:texture/terrain/drit09.bmp
width: 256	height: 256	format: 21	mem_size:262144
[scene]: num: 0, size: 0	[10293248]
[character]: num: 0, size: 0	[10293248]
[item]: num: 0, size: 0	[10293248]
[ui]: num: 0, size: 0	[10293248]
[terrain]: num: 40, size: 10227712	[10293248]
[effect]: num: 1, size: 65536	[10293248]
[minimap]: num: 0, size: 0	[10293248]
Load file:texture/terrain/snow08.bmp
width: 256	height: 256	format: 21	mem_size:262144
[scene]: num: 0, size: 0	[10555392]
[character]: num: 0, size: 0	[10555392]
[item]: num: 0, size: 0	[10555392]
[ui]: num: 0, size: 0	[10555392]
[terrain]: num: 41, size: 10489856	[10555392]
[effect]: num: 1, size: 65536	[10555392]
[minimap]: num: 0, size: 0	[10555392]
Load file:texture/terrain/dirt02.bmp
width: 256	height: 256	format: 21	mem_size:262144
[scene]: num: 0, size: 0	[10817536]
[character]: num: 0, size: 0	[10817536]
[item]: num: 0, size: 0	[10817536]
[ui]: num: 0, size: 0	[10817536]
[terrain]: num: 42, size: 10752000	[10817536]
[effect]: num: 1, size: 65536	[10817536]
[minimap]: num: 0, size: 0	[10817536]
Load file:texture/terrain/dirt01.bmp
width: 256	height: 256	format: 21	mem_size:262144
[scene]: num: 0, size: 0	[11079680]
[character]: num: 0, size: 0	[11079680]
[item]: num: 0, size: 0	[11079680]
[ui]: num: 0, size: 0	[11079680]
[terrain]: num: 43, size: 11014144	[11079680]
[effect]: num: 1, size: 65536	[11079680]
[minimap]: num: 0, size: 0	[11079680]
Load file:texture/terrain/sand08.bmp
width: 256	height: 256	format: 21	mem_size:262144
[scene]: num: 0, size: 0	[11341824]
[character]: num: 0, size: 0	[11341824]
[item]: num: 0, size: 0	[11341824]
[ui]: num: 0, size: 0	[11341824]
[terrain]: num: 44, size: 11276288	[11341824]
[effect]: num: 1, size: 65536	[11341824]
[minimap]: num: 0, size: 0	[11341824]
Load file:texture/terrain/sand09.bmp
width: 256	height: 256	format: 21	mem_size:262144
[scene]: num: 0, size: 0	[11603968]
[character]: num: 0, size: 0	[11603968]
[item]: num: 0, size: 0	[11603968]
[ui]: num: 0, size: 0	[11603968]
[terrain]: num: 45, size: 11538432	[11603968]
[effect]: num: 1, size: 65536	[11603968]
[minimap]: num: 0, size: 0	[11603968]
Load file:texture/terrain/drit10.bmp
width: 256	height: 256	format: 21	mem_size:262144
[scene]: num: 0, size: 0	[11866112]
[character]: num: 0, size: 0	[11866112]
[item]: num: 0, size: 0	[11866112]
[ui]: num: 0, size: 0	[11866112]
[terrain]: num: 46, size: 11800576	[11866112]
[effect]: num: 1, size: 65536	[11866112]
[minimap]: num: 0, size: 0	[11866112]
Load file:texture/terrain/brick10.bmp
width: 256	height: 256	format: 21	mem_size:262144
[scene]: num: 0, size: 0	[12128256]
[character]: num: 0, size: 0	[12128256]
[item]: num: 0, size: 0	[12128256]
[ui]: num: 0, size: 0	[12128256]
[terrain]: num: 47, size: 12062720	[12128256]
[effect]: num: 1, size: 65536	[12128256]
[minimap]: num: 0, size: 0	[12128256]
Load file:texture/terrain/brick109.bmp
width: 256	height: 256	format: 21	mem_size:262144
[scene]: num: 0, size: 0	[12390400]
[character]: num: 0, size: 0	[12390400]
[item]: num: 0, size: 0	[12390400]
[ui]: num: 0, size: 0	[12390400]
[terrain]: num: 48, size: 12324864	[12390400]
[effect]: num: 1, size: 65536	[12390400]
[minimap]: num: 0, size: 0	[12390400]
Load file:texture/terrain/brick110.bmp
width: 256	height: 256	format: 21	mem_size:262144
[scene]: num: 0, size: 0	[12652544]
[character]: num: 0, size: 0	[12652544]
[item]: num: 0, size: 0	[12652544]
[ui]: num: 0, size: 0	[12652544]
[terrain]: num: 49, size: 12587008	[12652544]
[effect]: num: 1, size: 65536	[12652544]
[minimap]: num: 0, size: 0	[12652544]
Load file:.\texture\scene\login31.dds
width: 512	height: 512	format: 21	mem_size:131072
[scene]: num: 1, size: 131072	[12783616]
[character]: num: 0, size: 0	[12783616]
[item]: num: 0, size: 0	[12783616]
[ui]: num: 0, size: 0	[12783616]
[terrain]: num: 49, size: 12587008	[12783616]
[effect]: num: 1, size: 65536	[12783616]
[minimap]: num: 0, size: 0	[12783616]
Load file:.\texture\scene\login32.dds
width: 128	height: 128	format: 21	mem_size:8192
[scene]: num: 2, size: 139264	[12791808]
[character]: num: 0, size: 0	[12791808]
[item]: num: 0, size: 0	[12791808]
[ui]: num: 0, size: 0	[12791808]
[terrain]: num: 49, size: 12587008	[12791808]
[effect]: num: 1, size: 65536	[12791808]
[minimap]: num: 0, size: 0	[12791808]
Load file:.\texture\scene\login32.dds
width: 128	height: 128	format: 21	mem_size:8192
[scene]: num: 3, size: 147456	[12800000]
[character]: num: 0, size: 0	[12800000]
[item]: num: 0, size: 0	[12800000]
[ui]: num: 0, size: 0	[12800000]
[terrain]: num: 49, size: 12587008	[12800000]
[effect]: num: 1, size: 65536	[12800000]
[minimap]: num: 0, size: 0	[12800000]
Load file:.\texture\scene\login32.dds
width: 128	height: 128	format: 21	mem_size:8192
[scene]: num: 4, size: 155648	[12808192]
[character]: num: 0, size: 0	[12808192]
[item]: num: 0, size: 0	[12808192]
[ui]: num: 0, size: 0	[12808192]
[terrain]: num: 49, size: 12587008	[12808192]
[effect]: num: 1, size: 65536	[12808192]
[minimap]: num: 0, size: 0	[12808192]
Load file:.\texture\scene\login32.dds
width: 128	height: 128	format: 21	mem_size:8192
[scene]: num: 5, size: 163840	[12816384]
[character]: num: 0, size: 0	[12816384]
[item]: num: 0, size: 0	[12816384]
[ui]: num: 0, size: 0	[12816384]
[terrain]: num: 49, size: 12587008	[12816384]
[effect]: num: 1, size: 65536	[12816384]
[minimap]: num: 0, size: 0	[12816384]
Load file:.\texture\scene\map.dds
width: 128	height: 128	format: 21	mem_size:8192
[scene]: num: 6, size: 172032	[12824576]
[character]: num: 0, size: 0	[12824576]
[item]: num: 0, size: 0	[12824576]
[ui]: num: 0, size: 0	[12824576]
[terrain]: num: 49, size: 12587008	[12824576]
[effect]: num: 1, size: 65536	[12824576]
[minimap]: num: 0, size: 0	[12824576]
Load file:.\texture\scene\map.dds
width: 128	height: 128	format: 21	mem_size:8192
[scene]: num: 7, size: 180224	[12832768]
[character]: num: 0, size: 0	[12832768]
[item]: num: 0, size: 0	[12832768]
[ui]: num: 0, size: 0	[12832768]
[terrain]: num: 49, size: 12587008	[12832768]
[effect]: num: 1, size: 65536	[12832768]
[minimap]: num: 0, size: 0	[12832768]
Load file:.\texture\scene\map.dds
width: 128	height: 128	format: 21	mem_size:8192
[scene]: num: 8, size: 188416	[12840960]
[character]: num: 0, size: 0	[12840960]
[item]: num: 0, size: 0	[12840960]
[ui]: num: 0, size: 0	[12840960]
[terrain]: num: 49, size: 12587008	[12840960]
[effect]: num: 1, size: 65536	[12840960]
[minimap]: num: 0, size: 0	[12840960]
Load file:.\texture\scene\map.dds
width: 128	height: 128	format: 21	mem_size:8192
[scene]: num: 9, size: 196608	[12849152]
[character]: num: 0, size: 0	[12849152]
[item]: num: 0, size: 0	[12849152]
[ui]: num: 0, size: 0	[12849152]
[terrain]: num: 49, size: 12587008	[12849152]
[effect]: num: 1, size: 65536	[12849152]
[minimap]: num: 0, size: 0	[12849152]
Load file:.\texture\scene\map.dds
width: 128	height: 128	format: 21	mem_size:8192
[scene]: num: 10, size: 204800	[12857344]
[character]: num: 0, size: 0	[12857344]
[item]: num: 0, size: 0	[12857344]
[ui]: num: 0, size: 0	[12857344]
[terrain]: num: 49, size: 12587008	[12857344]
[effect]: num: 1, size: 65536	[12857344]
[minimap]: num: 0, size: 0	[12857344]
Load file:.\texture\scene\map.dds
width: 128	height: 128	format: 21	mem_size:8192
[scene]: num: 11, size: 212992	[12865536]
[character]: num: 0, size: 0	[12865536]
[item]: num: 0, size: 0	[12865536]
[ui]: num: 0, size: 0	[12865536]
[terrain]: num: 49, size: 12587008	[12865536]
[effect]: num: 1, size: 65536	[12865536]
[minimap]: num: 0, size: 0	[12865536]
Load file:.\texture\scene\map.dds
width: 128	height: 128	format: 21	mem_size:8192
[scene]: num: 12, size: 221184	[12873728]
[character]: num: 0, size: 0	[12873728]
[item]: num: 0, size: 0	[12873728]
[ui]: num: 0, size: 0	[12873728]
[terrain]: num: 49, size: 12587008	[12873728]
[effect]: num: 1, size: 65536	[12873728]
[minimap]: num: 0, size: 0	[12873728]
Load file:.\texture\scene\login13.dds
width: 128	height: 128	format: 21	mem_size:8192
[scene]: num: 13, size: 229376	[12881920]
[character]: num: 0, size: 0	[12881920]
[item]: num: 0, size: 0	[12881920]
[ui]: num: 0, size: 0	[12881920]
[terrain]: num: 49, size: 12587008	[12881920]
[effect]: num: 1, size: 65536	[12881920]
[minimap]: num: 0, size: 0	[12881920]
Load file:.\texture\scene\login12.dds
width: 256	height: 128	format: 21	mem_size:16384
[scene]: num: 14, size: 245760	[12898304]
[character]: num: 0, size: 0	[12898304]
[item]: num: 0, size: 0	[12898304]
[ui]: num: 0, size: 0	[12898304]
[terrain]: num: 49, size: 12587008	[12898304]
[effect]: num: 1, size: 65536	[12898304]
[minimap]: num: 0, size: 0	[12898304]
Load file:.\texture\scene\login22.dds
width: 128	height: 128	format: 21	mem_size:8192
[scene]: num: 15, size: 253952	[12906496]
[character]: num: 0, size: 0	[12906496]
[item]: num: 0, size: 0	[12906496]
[ui]: num: 0, size: 0	[12906496]
[terrain]: num: 49, size: 12587008	[12906496]
[effect]: num: 1, size: 65536	[12906496]
[minimap]: num: 0, size: 0	[12906496]
Load file:.\texture\scene\login24.dds
width: 512	height: 512	format: 21	mem_size:131072
[scene]: num: 16, size: 385024	[13037568]
[character]: num: 0, size: 0	[13037568]
[item]: num: 0, size: 0	[13037568]
[ui]: num: 0, size: 0	[13037568]
[terrain]: num: 49, size: 12587008	[13037568]
[effect]: num: 1, size: 65536	[13037568]
[minimap]: num: 0, size: 0	[13037568]
Load file:.\texture\scene\login23.dds
width: 128	height: 128	format: 21	mem_size:8192
[scene]: num: 17, size: 393216	[13045760]
[character]: num: 0, size: 0	[13045760]
[item]: num: 0, size: 0	[13045760]
[ui]: num: 0, size: 0	[13045760]
[terrain]: num: 49, size: 12587008	[13045760]
[effect]: num: 1, size: 65536	[13045760]
[minimap]: num: 0, size: 0	[13045760]
Load file:.\texture\scene\login11.dds
width: 128	height: 128	format: 21	mem_size:8192
[scene]: num: 18, size: 401408	[13053952]
[character]: num: 0, size: 0	[13053952]
[item]: num: 0, size: 0	[13053952]
[ui]: num: 0, size: 0	[13053952]
[terrain]: num: 49, size: 12587008	[13053952]
[effect]: num: 1, size: 65536	[13053952]
[minimap]: num: 0, size: 0	[13053952]
Load file:.\texture\scene\login23.dds
width: 128	height: 128	format: 21	mem_size:8192
[scene]: num: 19, size: 409600	[13062144]
[character]: num: 0, size: 0	[13062144]
[item]: num: 0, size: 0	[13062144]
[ui]: num: 0, size: 0	[13062144]
[terrain]: num: 49, size: 12587008	[13062144]
[effect]: num: 1, size: 65536	[13062144]
[minimap]: num: 0, size: 0	[13062144]
Load file:.\texture\scene\login15.dds
width: 128	height: 128	format: 21	mem_size:8192
[scene]: num: 20, size: 417792	[13070336]
[character]: num: 0, size: 0	[13070336]
[item]: num: 0, size: 0	[13070336]
[ui]: num: 0, size: 0	[13070336]
[terrain]: num: 49, size: 12587008	[13070336]
[effect]: num: 1, size: 65536	[13070336]
[minimap]: num: 0, size: 0	[13070336]
Load file:.\texture\scene\login17.dds
width: 128	height: 128	format: 21	mem_size:8192
[scene]: num: 21, size: 425984	[13078528]
[character]: num: 0, size: 0	[13078528]
[item]: num: 0, size: 0	[13078528]
[ui]: num: 0, size: 0	[13078528]
[terrain]: num: 49, size: 12587008	[13078528]
[effect]: num: 1, size: 65536	[13078528]
[minimap]: num: 0, size: 0	[13078528]
Load file:.\texture\scene\login21.dds
width: 128	height: 128	format: 21	mem_size:8192
[scene]: num: 22, size: 434176	[13086720]
[character]: num: 0, size: 0	[13086720]
[item]: num: 0, size: 0	[13086720]
[ui]: num: 0, size: 0	[13086720]
[terrain]: num: 49, size: 12587008	[13086720]
[effect]: num: 1, size: 65536	[13086720]
[minimap]: num: 0, size: 0	[13086720]
Load file:.\texture\scene\login30.dds
width: 256	height: 256	format: 21	mem_size:32768
[scene]: num: 23, size: 466944	[13119488]
[character]: num: 0, size: 0	[13119488]
[item]: num: 0, size: 0	[13119488]
[ui]: num: 0, size: 0	[13119488]
[terrain]: num: 49, size: 12587008	[13119488]
[effect]: num: 1, size: 65536	[13119488]
[minimap]: num: 0, size: 0	[13119488]
Load file:.\texture\scene\login23.dds
width: 128	height: 128	format: 21	mem_size:8192
[scene]: num: 24, size: 475136	[13127680]
[character]: num: 0, size: 0	[13127680]
[item]: num: 0, size: 0	[13127680]
[ui]: num: 0, size: 0	[13127680]
[terrain]: num: 49, size: 12587008	[13127680]
[effect]: num: 1, size: 65536	[13127680]
[minimap]: num: 0, size: 0	[13127680]
Load file:.\texture\scene\login23.dds
width: 128	height: 128	format: 21	mem_size:8192
[scene]: num: 25, size: 483328	[13135872]
[character]: num: 0, size: 0	[13135872]
[item]: num: 0, size: 0	[13135872]
[ui]: num: 0, size: 0	[13135872]
[terrain]: num: 49, size: 12587008	[13135872]
[effect]: num: 1, size: 65536	[13135872]
[minimap]: num: 0, size: 0	[13135872]
Load file:.\texture\scene\login03.dds
width: 64	height: 64	format: 21	mem_size:2048
[scene]: num: 26, size: 485376	[13137920]
[character]: num: 0, size: 0	[13137920]
[item]: num: 0, size: 0	[13137920]
[ui]: num: 0, size: 0	[13137920]
[terrain]: num: 49, size: 12587008	[13137920]
[effect]: num: 1, size: 65536	[13137920]
[minimap]: num: 0, size: 0	[13137920]
Load file:.\texture\scene\login23.dds
width: 128	height: 128	format: 21	mem_size:8192
[scene]: num: 27, size: 493568	[13146112]
[character]: num: 0, size: 0	[13146112]
[item]: num: 0, size: 0	[13146112]
[ui]: num: 0, size: 0	[13146112]
[terrain]: num: 49, size: 12587008	[13146112]
[effect]: num: 1, size: 65536	[13146112]
[minimap]: num: 0, size: 0	[13146112]
Load file:.\texture\scene\login04.dds
width: 128	height: 128	format: 21	mem_size:8192
[scene]: num: 28, size: 501760	[13154304]
[character]: num: 0, size: 0	[13154304]
[item]: num: 0, size: 0	[13154304]
[ui]: num: 0, size: 0	[13154304]
[terrain]: num: 49, size: 12587008	[13154304]
[effect]: num: 1, size: 65536	[13154304]
[minimap]: num: 0, size: 0	[13154304]
Load file:.\texture\scene\login06.dds
width: 128	height: 128	format: 21	mem_size:8192
[scene]: num: 29, size: 509952	[13162496]
[character]: num: 0, size: 0	[13162496]
[item]: num: 0, size: 0	[13162496]
[ui]: num: 0, size: 0	[13162496]
[terrain]: num: 49, size: 12587008	[13162496]
[effect]: num: 1, size: 65536	[13162496]
[minimap]: num: 0, size: 0	[13162496]
Load file:.\texture\scene\login08.dds
width: 128	height: 128	format: 21	mem_size:8192
[scene]: num: 30, size: 518144	[13170688]
[character]: num: 0, size: 0	[13170688]
[item]: num: 0, size: 0	[13170688]
[ui]: num: 0, size: 0	[13170688]
[terrain]: num: 49, size: 12587008	[13170688]
[effect]: num: 1, size: 65536	[13170688]
[minimap]: num: 0, size: 0	[13170688]
Load file:.\texture\scene\login27.dds
width: 128	height: 128	format: 21	mem_size:16384
[scene]: num: 31, size: 534528	[13187072]
[character]: num: 0, size: 0	[13187072]
[item]: num: 0, size: 0	[13187072]
[ui]: num: 0, size: 0	[13187072]
[terrain]: num: 49, size: 12587008	[13187072]
[effect]: num: 1, size: 65536	[13187072]
[minimap]: num: 0, size: 0	[13187072]
Load file:.\texture\scene\login10.dds
width: 128	height: 128	format: 21	mem_size:8192
[scene]: num: 32, size: 542720	[13195264]
[character]: num: 0, size: 0	[13195264]
[item]: num: 0, size: 0	[13195264]
[ui]: num: 0, size: 0	[13195264]
[terrain]: num: 49, size: 12587008	[13195264]
[effect]: num: 1, size: 65536	[13195264]
[minimap]: num: 0, size: 0	[13195264]
Load file:.\texture\scene\login11.dds
width: 128	height: 128	format: 21	mem_size:8192
[scene]: num: 33, size: 550912	[13203456]
[character]: num: 0, size: 0	[13203456]
[item]: num: 0, size: 0	[13203456]
[ui]: num: 0, size: 0	[13203456]
[terrain]: num: 49, size: 12587008	[13203456]
[effect]: num: 1, size: 65536	[13203456]
[minimap]: num: 0, size: 0	[13203456]
Load file:.\texture\scene\login25.dds
width: 256	height: 256	format: 21	mem_size:65536
[scene]: num: 34, size: 616448	[13268992]
[character]: num: 0, size: 0	[13268992]
[item]: num: 0, size: 0	[13268992]
[ui]: num: 0, size: 0	[13268992]
[terrain]: num: 49, size: 12587008	[13268992]
[effect]: num: 1, size: 65536	[13268992]
[minimap]: num: 0, size: 0	[13268992]
Load file:.\texture\scene\ocean_h.01.dds
width: 256	height: 256	format: 21	mem_size:32768
[scene]: num: 35, size: 649216	[13301760]
[character]: num: 0, size: 0	[13301760]
[item]: num: 0, size: 0	[13301760]
[ui]: num: 0, size: 0	[13301760]
[terrain]: num: 49, size: 12587008	[13301760]
[effect]: num: 1, size: 65536	[13301760]
[minimap]: num: 0, size: 0	[13301760]
Load file:.\texture\scene\login03.dds
width: 64	height: 64	format: 21	mem_size:2048
[scene]: num: 36, size: 651264	[13303808]
[character]: num: 0, size: 0	[13303808]
[item]: num: 0, size: 0	[13303808]
[ui]: num: 0, size: 0	[13303808]
[terrain]: num: 49, size: 12587008	[13303808]
[effect]: num: 1, size: 65536	[13303808]
[minimap]: num: 0, size: 0	[13303808]
Load file:.\texture\scene\login23.dds
width: 128	height: 128	format: 21	mem_size:8192
[scene]: num: 37, size: 659456	[13312000]
[character]: num: 0, size: 0	[13312000]
[item]: num: 0, size: 0	[13312000]
[ui]: num: 0, size: 0	[13312000]
[terrain]: num: 49, size: 12587008	[13312000]
[effect]: num: 1, size: 65536	[13312000]
[minimap]: num: 0, size: 0	[13312000]
Load file:.\texture\scene\login11.dds
width: 128	height: 128	format: 21	mem_size:8192
[scene]: num: 38, size: 667648	[13320192]
[character]: num: 0, size: 0	[13320192]
[item]: num: 0, size: 0	[13320192]
[ui]: num: 0, size: 0	[13320192]
[terrain]: num: 49, size: 12587008	[13320192]
[effect]: num: 1, size: 65536	[13320192]
[minimap]: num: 0, size: 0	[13320192]
Load file:.\texture\scene\login26.dds
width: 128	height: 128	format: 21	mem_size:16384
[scene]: num: 39, size: 684032	[13336576]
[character]: num: 0, size: 0	[13336576]
[item]: num: 0, size: 0	[13336576]
[ui]: num: 0, size: 0	[13336576]
[terrain]: num: 49, size: 12587008	[13336576]
[effect]: num: 1, size: 65536	[13336576]
[minimap]: num: 0, size: 0	[13336576]
Load file:.\texture\scene\login26.dds
width: 128	height: 128	format: 21	mem_size:16384
[scene]: num: 40, size: 700416	[13352960]
[character]: num: 0, size: 0	[13352960]
[item]: num: 0, size: 0	[13352960]
[ui]: num: 0, size: 0	[13352960]
[terrain]: num: 49, size: 12587008	[13352960]
[effect]: num: 1, size: 65536	[13352960]
[minimap]: num: 0, size: 0	[13352960]
Load file:.\texture\scene\login28.dds
width: 512	height: 256	format: 21	mem_size:131072
[scene]: num: 41, size: 831488	[13484032]
[character]: num: 0, size: 0	[13484032]
[item]: num: 0, size: 0	[13484032]
[ui]: num: 0, size: 0	[13484032]
[terrain]: num: 49, size: 12587008	[13484032]
[effect]: num: 1, size: 65536	[13484032]
[minimap]: num: 0, size: 0	[13484032]
Load file:.\texture\scene\login21.dds
width: 128	height: 128	format: 21	mem_size:8192
[scene]: num: 42, size: 839680	[13492224]
[character]: num: 0, size: 0	[13492224]
[item]: num: 0, size: 0	[13492224]
[ui]: num: 0, size: 0	[13492224]
[terrain]: num: 49, size: 12587008	[13492224]
[effect]: num: 1, size: 65536	[13492224]
[minimap]: num: 0, size: 0	[13492224]
Load file:.\texture\scene\login21.dds
width: 128	height: 128	format: 21	mem_size:8192
[scene]: num: 43, size: 847872	[13500416]
[character]: num: 0, size: 0	[13500416]
[item]: num: 0, size: 0	[13500416]
[ui]: num: 0, size: 0	[13500416]
[terrain]: num: 49, size: 12587008	[13500416]
[effect]: num: 1, size: 65536	[13500416]
[minimap]: num: 0, size: 0	[13500416]
Load file:.\texture\scene\login17.dds
width: 128	height: 128	format: 21	mem_size:8192
[scene]: num: 44, size: 856064	[13508608]
[character]: num: 0, size: 0	[13508608]
[item]: num: 0, size: 0	[13508608]
[ui]: num: 0, size: 0	[13508608]
[terrain]: num: 49, size: 12587008	[13508608]
[effect]: num: 1, size: 65536	[13508608]
[minimap]: num: 0, size: 0	[13508608]
Load file:texture/ui/ui2/server.png
width: 512	height: 512	format: 21	mem_size:1048576
[scene]: num: 44, size: 856064	[14557184]
[character]: num: 0, size: 0	[14557184]
[item]: num: 0, size: 0	[14557184]
[ui]: num: 1, size: 1048576	[14557184]
[terrain]: num: 49, size: 12587008	[14557184]
[effect]: num: 1, size: 65536	[14557184]
[minimap]: num: 0, size: 0	[14557184]
Load file:texture/ui/loading/l1.tga
width: 300	height: 256	format: 21	mem_size:307200
[scene]: num: 44, size: 856064	[14864384]
[character]: num: 0, size: 0	[14864384]
[item]: num: 0, size: 0	[14864384]
[ui]: num: 2, size: 1355776	[14864384]
[terrain]: num: 49, size: 12587008	[14864384]
[effect]: num: 1, size: 65536	[14864384]
[minimap]: num: 0, size: 0	[14864384]
Load file:texture/ui/loading/l2.tga
width: 299	height: 256	format: 21	mem_size:306176
[scene]: num: 44, size: 856064	[15170560]
[character]: num: 0, size: 0	[15170560]
[item]: num: 0, size: 0	[15170560]
[ui]: num: 3, size: 1661952	[15170560]
[terrain]: num: 49, size: 12587008	[15170560]
[effect]: num: 1, size: 65536	[15170560]
[minimap]: num: 0, size: 0	[15170560]
Load file:texture/ui/loading/l3.tga
width: 300	height: 256	format: 21	mem_size:307200
[scene]: num: 44, size: 856064	[15477760]
[character]: num: 0, size: 0	[15477760]
[item]: num: 0, size: 0	[15477760]
[ui]: num: 4, size: 1969152	[15477760]
[terrain]: num: 49, size: 12587008	[15477760]
[effect]: num: 1, size: 65536	[15477760]
[minimap]: num: 0, size: 0	[15477760]
Load file:texture/ui/loading/l4.tga
width: 299	height: 256	format: 21	mem_size:306176
[scene]: num: 44, size: 856064	[15783936]
[character]: num: 0, size: 0	[15783936]
[item]: num: 0, size: 0	[15783936]
[ui]: num: 5, size: 2275328	[15783936]
[terrain]: num: 49, size: 12587008	[15783936]
[effect]: num: 1, size: 65536	[15783936]
[minimap]: num: 0, size: 0	[15783936]
Load file:texture/ui/loading/l5.tga
width: 300	height: 256	format: 21	mem_size:307200
[scene]: num: 44, size: 856064	[16091136]
[character]: num: 0, size: 0	[16091136]
[item]: num: 0, size: 0	[16091136]
[ui]: num: 6, size: 2582528	[16091136]
[terrain]: num: 49, size: 12587008	[16091136]
[effect]: num: 1, size: 65536	[16091136]
[minimap]: num: 0, size: 0	[16091136]
Load file:texture/ui/loading/l6.tga
width: 299	height: 256	format: 21	mem_size:306176
[scene]: num: 44, size: 856064	[16397312]
[character]: num: 0, size: 0	[16397312]
[item]: num: 0, size: 0	[16397312]
[ui]: num: 7, size: 2888704	[16397312]
[terrain]: num: 49, size: 12587008	[16397312]
[effect]: num: 1, size: 65536	[16397312]
[minimap]: num: 0, size: 0	[16397312]
Load file:texture/ui/loading/l7.tga
width: 300	height: 256	format: 21	mem_size:307200
[scene]: num: 44, size: 856064	[16704512]
[character]: num: 0, size: 0	[16704512]
[item]: num: 0, size: 0	[16704512]
[ui]: num: 8, size: 3195904	[16704512]
[terrain]: num: 49, size: 12587008	[16704512]
[effect]: num: 1, size: 65536	[16704512]
[minimap]: num: 0, size: 0	[16704512]
Load file:texture/ui/loading/l8.tga
width: 299	height: 256	format: 21	mem_size:306176
[scene]: num: 44, size: 856064	[17010688]
[character]: num: 0, size: 0	[17010688]
[item]: num: 0, size: 0	[17010688]
[ui]: num: 9, size: 3502080	[17010688]
[terrain]: num: 49, size: 12587008	[17010688]
[effect]: num: 1, size: 65536	[17010688]
[minimap]: num: 0, size: 0	[17010688]
Load file:texture/ui/loading/l9.tga
width: 300	height: 256	format: 21	mem_size:307200
[scene]: num: 44, size: 856064	[17317888]
[character]: num: 0, size: 0	[17317888]
[item]: num: 0, size: 0	[17317888]
[ui]: num: 10, size: 3809280	[17317888]
[terrain]: num: 49, size: 12587008	[17317888]
[effect]: num: 1, size: 65536	[17317888]
[minimap]: num: 0, size: 0	[17317888]
Load file:texture/ui/loading/l10.tga
width: 299	height: 256	format: 21	mem_size:306176
[scene]: num: 44, size: 856064	[17624064]
[character]: num: 0, size: 0	[17624064]
[item]: num: 0, size: 0	[17624064]
[ui]: num: 11, size: 4115456	[17624064]
[terrain]: num: 49, size: 12587008	[17624064]
[effect]: num: 1, size: 65536	[17624064]
[minimap]: num: 0, size: 0	[17624064]
Load file:texture/ui/loading/l11.tga
width: 300	height: 256	format: 21	mem_size:307200
[scene]: num: 44, size: 856064	[17931264]
[character]: num: 0, size: 0	[17931264]
[item]: num: 0, size: 0	[17931264]
[ui]: num: 12, size: 4422656	[17931264]
[terrain]: num: 49, size: 12587008	[17931264]
[effect]: num: 1, size: 65536	[17931264]
[minimap]: num: 0, size: 0	[17931264]
Load file:texture/ui/loading/l12.tga
width: 299	height: 256	format: 21	mem_size:306176
[scene]: num: 44, size: 856064	[18237440]
[character]: num: 0, size: 0	[18237440]
[item]: num: 0, size: 0	[18237440]
[ui]: num: 13, size: 4728832	[18237440]
[terrain]: num: 49, size: 12587008	[18237440]
[effect]: num: 1, size: 65536	[18237440]
[minimap]: num: 0, size: 0	[18237440]
Load file:texture/ui/loadprogress.tga
width: 256	height: 256	format: 21	mem_size:262144
[scene]: num: 44, size: 856064	[18499584]
[character]: num: 0, size: 0	[18499584]
[item]: num: 0, size: 0	[18499584]
[ui]: num: 14, size: 4990976	[18499584]
[terrain]: num: 49, size: 12587008	[18499584]
[effect]: num: 1, size: 65536	[18499584]
[minimap]: num: 0, size: 0	[18499584]
Load file:.\texture\scene\ocean_h.02.dds
width: 256	height: 256	format: 21	mem_size:32768
[scene]: num: 45, size: 888832	[18532352]
[character]: num: 0, size: 0	[18532352]
[item]: num: 0, size: 0	[18532352]
[ui]: num: 14, size: 4990976	[18532352]
[terrain]: num: 49, size: 12587008	[18532352]
[effect]: num: 1, size: 65536	[18532352]
[minimap]: num: 0, size: 0	[18532352]
Load file:.\texture\scene\ocean_h.03.dds
width: 256	height: 256	format: 21	mem_size:32768
[scene]: num: 46, size: 921600	[18565120]
[character]: num: 0, size: 0	[18565120]
[item]: num: 0, size: 0	[18565120]
[ui]: num: 14, size: 4990976	[18565120]
[terrain]: num: 49, size: 12587008	[18565120]
[effect]: num: 1, size: 65536	[18565120]
[minimap]: num: 0, size: 0	[18565120]
Load file:.\texture\scene\ocean_h.04.dds
width: 256	height: 256	format: 21	mem_size:32768
[scene]: num: 47, size: 954368	[18597888]
[character]: num: 0, size: 0	[18597888]
[item]: num: 0, size: 0	[18597888]
[ui]: num: 14, size: 4990976	[18597888]
[terrain]: num: 49, size: 12587008	[18597888]
[effect]: num: 1, size: 65536	[18597888]
[minimap]: num: 0, size: 0	[18597888]
Load file:.\texture\scene\ocean_h.05.dds
width: 256	height: 256	format: 21	mem_size:32768
[scene]: num: 48, size: 987136	[18630656]
[character]: num: 0, size: 0	[18630656]
[item]: num: 0, size: 0	[18630656]
[ui]: num: 14, size: 4990976	[18630656]
[terrain]: num: 49, size: 12587008	[18630656]
[effect]: num: 1, size: 65536	[18630656]
[minimap]: num: 0, size: 0	[18630656]
Load file:.\texture\scene\ocean_h.06.dds
width: 256	height: 256	format: 21	mem_size:32768
[scene]: num: 49, size: 1019904	[18663424]
[character]: num: 0, size: 0	[18663424]
[item]: num: 0, size: 0	[18663424]
[ui]: num: 14, size: 4990976	[18663424]
[terrain]: num: 49, size: 12587008	[18663424]
[effect]: num: 1, size: 65536	[18663424]
[minimap]: num: 0, size: 0	[18663424]
Load file:.\texture\scene\ocean_h.07.dds
width: 256	height: 256	format: 21	mem_size:32768
[scene]: num: 50, size: 1052672	[18696192]
[character]: num: 0, size: 0	[18696192]
[item]: num: 0, size: 0	[18696192]
[ui]: num: 14, size: 4990976	[18696192]
[terrain]: num: 49, size: 12587008	[18696192]
[effect]: num: 1, size: 65536	[18696192]
[minimap]: num: 0, size: 0	[18696192]
Load file:texture/ui/ui2/login.png
width: 800	height: 512	format: 21	mem_size:1638400
[scene]: num: 50, size: 1052672	[20334592]
[character]: num: 0, size: 0	[20334592]
[item]: num: 0, size: 0	[20334592]
[ui]: num: 15, size: 6629376	[20334592]
[terrain]: num: 49, size: 12587008	[20334592]
[effect]: num: 1, size: 65536	[20334592]
[minimap]: num: 0, size: 0	[20334592]
Load file:texture/ui/frame.tga
width: 4	height: 4	format: 21	mem_size:64
[scene]: num: 50, size: 1052672	[20334656]
[character]: num: 0, size: 0	[20334656]
[item]: num: 0, size: 0	[20334656]
[ui]: num: 16, size: 6629440	[20334656]
[terrain]: num: 49, size: 12587008	[20334656]
[effect]: num: 1, size: 65536	[20334656]
[minimap]: num: 0, size: 0	[20334656]
Load file:texture/ui/ui2/loading.png
width: 600	height: 98	format: 21	mem_size:235200
[scene]: num: 50, size: 1052672	[20569856]
[character]: num: 0, size: 0	[20569856]
[item]: num: 0, size: 0	[20569856]
[ui]: num: 17, size: 6864640	[20569856]
[terrain]: num: 49, size: 12587008	[20569856]
[effect]: num: 1, size: 65536	[20569856]
[minimap]: num: 0, size: 0	[20569856]
Release file:.\texture\scene\login31.bmp
width: 512	height: 512	format: 21	mem_size:131072
[scene]: num: 49, size: 921600	[20438784]
[character]: num: 0, size: 0	[20438784]
[item]: num: 0, size: 0	[20438784]
[ui]: num: 17, size: 6864640	[20438784]
[terrain]: num: 49, size: 12587008	[20438784]
[effect]: num: 1, size: 65536	[20438784]
[minimap]: num: 0, size: 0	[20438784]
Release file:.\texture\scene\login32.bmp
width: 128	height: 128	format: 21	mem_size:8192
[scene]: num: 48, size: 913408	[20430592]
[character]: num: 0, size: 0	[20430592]
[item]: num: 0, size: 0	[20430592]
[ui]: num: 17, size: 6864640	[20430592]
[terrain]: num: 49, size: 12587008	[20430592]
[effect]: num: 1, size: 65536	[20430592]
[minimap]: num: 0, size: 0	[20430592]
Release file:.\texture\scene\login32.bmp
width: 128	height: 128	format: 21	mem_size:8192
[scene]: num: 47, size: 905216	[20422400]
[character]: num: 0, size: 0	[20422400]
[item]: num: 0, size: 0	[20422400]
[ui]: num: 17, size: 6864640	[20422400]
[terrain]: num: 49, size: 12587008	[20422400]
[effect]: num: 1, size: 65536	[20422400]
[minimap]: num: 0, size: 0	[20422400]
Release file:.\texture\scene\login32.bmp
width: 128	height: 128	format: 21	mem_size:8192
[scene]: num: 46, size: 897024	[20414208]
[character]: num: 0, size: 0	[20414208]
[item]: num: 0, size: 0	[20414208]
[ui]: num: 17, size: 6864640	[20414208]
[terrain]: num: 49, size: 12587008	[20414208]
[effect]: num: 1, size: 65536	[20414208]
[minimap]: num: 0, size: 0	[20414208]
Release file:.\texture\scene\login32.bmp
width: 128	height: 128	format: 21	mem_size:8192
[scene]: num: 45, size: 888832	[20406016]
[character]: num: 0, size: 0	[20406016]
[item]: num: 0, size: 0	[20406016]
[ui]: num: 17, size: 6864640	[20406016]
[terrain]: num: 49, size: 12587008	[20406016]
[effect]: num: 1, size: 65536	[20406016]
[minimap]: num: 0, size: 0	[20406016]
Release file:.\texture\scene\map.bmp
width: 128	height: 128	format: 21	mem_size:8192
[scene]: num: 44, size: 880640	[20397824]
[character]: num: 0, size: 0	[20397824]
[item]: num: 0, size: 0	[20397824]
[ui]: num: 17, size: 6864640	[20397824]
[terrain]: num: 49, size: 12587008	[20397824]
[effect]: num: 1, size: 65536	[20397824]
[minimap]: num: 0, size: 0	[20397824]
Release file:.\texture\scene\map.bmp
width: 128	height: 128	format: 21	mem_size:8192
[scene]: num: 43, size: 872448	[20389632]
[character]: num: 0, size: 0	[20389632]
[item]: num: 0, size: 0	[20389632]
[ui]: num: 17, size: 6864640	[20389632]
[terrain]: num: 49, size: 12587008	[20389632]
[effect]: num: 1, size: 65536	[20389632]
[minimap]: num: 0, size: 0	[20389632]
Release file:.\texture\scene\map.BMP
width: 128	height: 128	format: 21	mem_size:8192
[scene]: num: 42, size: 864256	[20381440]
[character]: num: 0, size: 0	[20381440]
[item]: num: 0, size: 0	[20381440]
[ui]: num: 17, size: 6864640	[20381440]
[terrain]: num: 49, size: 12587008	[20381440]
[effect]: num: 1, size: 65536	[20381440]
[minimap]: num: 0, size: 0	[20381440]
Release file:.\texture\scene\map.BMP
width: 128	height: 128	format: 21	mem_size:8192
[scene]: num: 41, size: 856064	[20373248]
[character]: num: 0, size: 0	[20373248]
[item]: num: 0, size: 0	[20373248]
[ui]: num: 17, size: 6864640	[20373248]
[terrain]: num: 49, size: 12587008	[20373248]
[effect]: num: 1, size: 65536	[20373248]
[minimap]: num: 0, size: 0	[20373248]
Release file:.\texture\scene\map.bmp
width: 128	height: 128	format: 21	mem_size:8192
[scene]: num: 40, size: 847872	[20365056]
[character]: num: 0, size: 0	[20365056]
[item]: num: 0, size: 0	[20365056]
[ui]: num: 17, size: 6864640	[20365056]
[terrain]: num: 49, size: 12587008	[20365056]
[effect]: num: 1, size: 65536	[20365056]
[minimap]: num: 0, size: 0	[20365056]
Release file:.\texture\scene\map.bmp
width: 128	height: 128	format: 21	mem_size:8192
[scene]: num: 39, size: 839680	[20356864]
[character]: num: 0, size: 0	[20356864]
[item]: num: 0, size: 0	[20356864]
[ui]: num: 17, size: 6864640	[20356864]
[terrain]: num: 49, size: 12587008	[20356864]
[effect]: num: 1, size: 65536	[20356864]
[minimap]: num: 0, size: 0	[20356864]
Release file:.\texture\scene\map.bmp
width: 128	height: 128	format: 21	mem_size:8192
[scene]: num: 38, size: 831488	[20348672]
[character]: num: 0, size: 0	[20348672]
[item]: num: 0, size: 0	[20348672]
[ui]: num: 17, size: 6864640	[20348672]
[terrain]: num: 49, size: 12587008	[20348672]
[effect]: num: 1, size: 65536	[20348672]
[minimap]: num: 0, size: 0	[20348672]
Release file:.\texture\scene\login13.bmp
width: 128	height: 128	format: 21	mem_size:8192
[scene]: num: 37, size: 823296	[20340480]
[character]: num: 0, size: 0	[20340480]
[item]: num: 0, size: 0	[20340480]
[ui]: num: 17, size: 6864640	[20340480]
[terrain]: num: 49, size: 12587008	[20340480]
[effect]: num: 1, size: 65536	[20340480]
[minimap]: num: 0, size: 0	[20340480]
Release file:.\texture\scene\login12.bmp
width: 256	height: 128	format: 21	mem_size:16384
[scene]: num: 36, size: 806912	[20324096]
[character]: num: 0, size: 0	[20324096]
[item]: num: 0, size: 0	[20324096]
[ui]: num: 17, size: 6864640	[20324096]
[terrain]: num: 49, size: 12587008	[20324096]
[effect]: num: 1, size: 65536	[20324096]
[minimap]: num: 0, size: 0	[20324096]
Release file:.\texture\scene\login22.bmp
width: 128	height: 128	format: 21	mem_size:8192
[scene]: num: 35, size: 798720	[20315904]
[character]: num: 0, size: 0	[20315904]
[item]: num: 0, size: 0	[20315904]
[ui]: num: 17, size: 6864640	[20315904]
[terrain]: num: 49, size: 12587008	[20315904]
[effect]: num: 1, size: 65536	[20315904]
[minimap]: num: 0, size: 0	[20315904]
Release file:.\texture\scene\login24.bmp
width: 512	height: 512	format: 21	mem_size:131072
[scene]: num: 34, size: 667648	[20184832]
[character]: num: 0, size: 0	[20184832]
[item]: num: 0, size: 0	[20184832]
[ui]: num: 17, size: 6864640	[20184832]
[terrain]: num: 49, size: 12587008	[20184832]
[effect]: num: 1, size: 65536	[20184832]
[minimap]: num: 0, size: 0	[20184832]
Release file:.\texture\scene\login23.bmp
width: 128	height: 128	format: 21	mem_size:8192
[scene]: num: 33, size: 659456	[20176640]
[character]: num: 0, size: 0	[20176640]
[item]: num: 0, size: 0	[20176640]
[ui]: num: 17, size: 6864640	[20176640]
[terrain]: num: 49, size: 12587008	[20176640]
[effect]: num: 1, size: 65536	[20176640]
[minimap]: num: 0, size: 0	[20176640]
Release file:.\texture\scene\login11.bmp
width: 128	height: 128	format: 21	mem_size:8192
[scene]: num: 32, size: 651264	[20168448]
[character]: num: 0, size: 0	[20168448]
[item]: num: 0, size: 0	[20168448]
[ui]: num: 17, size: 6864640	[20168448]
[terrain]: num: 49, size: 12587008	[20168448]
[effect]: num: 1, size: 65536	[20168448]
[minimap]: num: 0, size: 0	[20168448]
Release file:.\texture\scene\login23.bmp
width: 128	height: 128	format: 21	mem_size:8192
[scene]: num: 31, size: 643072	[20160256]
[character]: num: 0, size: 0	[20160256]
[item]: num: 0, size: 0	[20160256]
[ui]: num: 17, size: 6864640	[20160256]
[terrain]: num: 49, size: 12587008	[20160256]
[effect]: num: 1, size: 65536	[20160256]
[minimap]: num: 0, size: 0	[20160256]
Release file:.\texture\scene\login15.BMP
width: 128	height: 128	format: 21	mem_size:8192
[scene]: num: 30, size: 634880	[20152064]
[character]: num: 0, size: 0	[20152064]
[item]: num: 0, size: 0	[20152064]
[ui]: num: 17, size: 6864640	[20152064]
[terrain]: num: 49, size: 12587008	[20152064]
[effect]: num: 1, size: 65536	[20152064]
[minimap]: num: 0, size: 0	[20152064]
Release file:.\texture\scene\login17.bmp
width: 128	height: 128	format: 21	mem_size:8192
[scene]: num: 29, size: 626688	[20143872]
[character]: num: 0, size: 0	[20143872]
[item]: num: 0, size: 0	[20143872]
[ui]: num: 17, size: 6864640	[20143872]
[terrain]: num: 49, size: 12587008	[20143872]
[effect]: num: 1, size: 65536	[20143872]
[minimap]: num: 0, size: 0	[20143872]
Release file:.\texture\scene\login21.bmp
width: 128	height: 128	format: 21	mem_size:8192
[scene]: num: 28, size: 618496	[20135680]
[character]: num: 0, size: 0	[20135680]
[item]: num: 0, size: 0	[20135680]
[ui]: num: 17, size: 6864640	[20135680]
[terrain]: num: 49, size: 12587008	[20135680]
[effect]: num: 1, size: 65536	[20135680]
[minimap]: num: 0, size: 0	[20135680]
Release file:.\texture\scene\login30.BMP
width: 256	height: 256	format: 21	mem_size:32768
[scene]: num: 27, size: 585728	[20102912]
[character]: num: 0, size: 0	[20102912]
[item]: num: 0, size: 0	[20102912]
[ui]: num: 17, size: 6864640	[20102912]
[terrain]: num: 49, size: 12587008	[20102912]
[effect]: num: 1, size: 65536	[20102912]
[minimap]: num: 0, size: 0	[20102912]
Release file:.\texture\scene\login23.bmp
width: 128	height: 128	format: 21	mem_size:8192
[scene]: num: 26, size: 577536	[20094720]
[character]: num: 0, size: 0	[20094720]
[item]: num: 0, size: 0	[20094720]
[ui]: num: 17, size: 6864640	[20094720]
[terrain]: num: 49, size: 12587008	[20094720]
[effect]: num: 1, size: 65536	[20094720]
[minimap]: num: 0, size: 0	[20094720]
Release file:.\texture\scene\login23.bmp
width: 128	height: 128	format: 21	mem_size:8192
[scene]: num: 25, size: 569344	[20086528]
[character]: num: 0, size: 0	[20086528]
[item]: num: 0, size: 0	[20086528]
[ui]: num: 17, size: 6864640	[20086528]
[terrain]: num: 49, size: 12587008	[20086528]
[effect]: num: 1, size: 65536	[20086528]
[minimap]: num: 0, size: 0	[20086528]
Release file:.\texture\scene\login03.bmp
width: 64	height: 64	format: 21	mem_size:2048
[scene]: num: 24, size: 567296	[20084480]
[character]: num: 0, size: 0	[20084480]
[item]: num: 0, size: 0	[20084480]
[ui]: num: 17, size: 6864640	[20084480]
[terrain]: num: 49, size: 12587008	[20084480]
[effect]: num: 1, size: 65536	[20084480]
[minimap]: num: 0, size: 0	[20084480]
Release file:.\texture\scene\login23.bmp
width: 128	height: 128	format: 21	mem_size:8192
[scene]: num: 23, size: 559104	[20076288]
[character]: num: 0, size: 0	[20076288]
[item]: num: 0, size: 0	[20076288]
[ui]: num: 17, size: 6864640	[20076288]
[terrain]: num: 49, size: 12587008	[20076288]
[effect]: num: 1, size: 65536	[20076288]
[minimap]: num: 0, size: 0	[20076288]
Release file:.\texture\scene\login04.bmp
width: 128	height: 128	format: 21	mem_size:8192
[scene]: num: 22, size: 550912	[20068096]
[character]: num: 0, size: 0	[20068096]
[item]: num: 0, size: 0	[20068096]
[ui]: num: 17, size: 6864640	[20068096]
[terrain]: num: 49, size: 12587008	[20068096]
[effect]: num: 1, size: 65536	[20068096]
[minimap]: num: 0, size: 0	[20068096]
Release file:.\texture\scene\login06.bmp
width: 128	height: 128	format: 21	mem_size:8192
[scene]: num: 21, size: 542720	[20059904]
[character]: num: 0, size: 0	[20059904]
[item]: num: 0, size: 0	[20059904]
[ui]: num: 17, size: 6864640	[20059904]
[terrain]: num: 49, size: 12587008	[20059904]
[effect]: num: 1, size: 65536	[20059904]
[minimap]: num: 0, size: 0	[20059904]
Release file:.\texture\scene\login08.bmp
width: 128	height: 128	format: 21	mem_size:8192
[scene]: num: 20, size: 534528	[20051712]
[character]: num: 0, size: 0	[20051712]
[item]: num: 0, size: 0	[20051712]
[ui]: num: 17, size: 6864640	[20051712]
[terrain]: num: 49, size: 12587008	[20051712]
[effect]: num: 1, size: 65536	[20051712]
[minimap]: num: 0, size: 0	[20051712]
Release file:.\texture\scene\login27.tga
width: 128	height: 128	format: 21	mem_size:16384
[scene]: num: 19, size: 518144	[20035328]
[character]: num: 0, size: 0	[20035328]
[item]: num: 0, size: 0	[20035328]
[ui]: num: 17, size: 6864640	[20035328]
[terrain]: num: 49, size: 12587008	[20035328]
[effect]: num: 1, size: 65536	[20035328]
[minimap]: num: 0, size: 0	[20035328]
Release file:.\texture\scene\login10.bmp
width: 128	height: 128	format: 21	mem_size:8192
[scene]: num: 18, size: 509952	[20027136]
[character]: num: 0, size: 0	[20027136]
[item]: num: 0, size: 0	[20027136]
[ui]: num: 17, size: 6864640	[20027136]
[terrain]: num: 49, size: 12587008	[20027136]
[effect]: num: 1, size: 65536	[20027136]
[minimap]: num: 0, size: 0	[20027136]
Release file:.\texture\scene\login11.bmp
width: 128	height: 128	format: 21	mem_size:8192
[scene]: num: 17, size: 501760	[20018944]
[character]: num: 0, size: 0	[20018944]
[item]: num: 0, size: 0	[20018944]
[ui]: num: 17, size: 6864640	[20018944]
[terrain]: num: 49, size: 12587008	[20018944]
[effect]: num: 1, size: 65536	[20018944]
[minimap]: num: 0, size: 0	[20018944]
Release file:.\texture\scene\login25.tga
width: 256	height: 256	format: 21	mem_size:65536
[scene]: num: 16, size: 436224	[19953408]
[character]: num: 0, size: 0	[19953408]
[item]: num: 0, size: 0	[19953408]
[ui]: num: 17, size: 6864640	[19953408]
[terrain]: num: 49, size: 12587008	[19953408]
[effect]: num: 1, size: 65536	[19953408]
[minimap]: num: 0, size: 0	[19953408]
Release file:.\texture\scene\ocean_h.01.bmp
width: 0	height: 0	format: 25	mem_size:0
[scene]: num: 15, size: 436224	[19953408]
[character]: num: 0, size: 0	[19953408]
[item]: num: 0, size: 0	[19953408]
[ui]: num: 17, size: 6864640	[19953408]
[terrain]: num: 49, size: 12587008	[19953408]
[effect]: num: 1, size: 65536	[19953408]
[minimap]: num: 0, size: 0	[19953408]
Release file:.\texture\scene\ocean_h.01.bmp
width: 256	height: 256	format: 21	mem_size:32768
[scene]: num: 14, size: 403456	[19920640]
[character]: num: 0, size: 0	[19920640]
[item]: num: 0, size: 0	[19920640]
[ui]: num: 17, size: 6864640	[19920640]
[terrain]: num: 49, size: 12587008	[19920640]
[effect]: num: 1, size: 65536	[19920640]
[minimap]: num: 0, size: 0	[19920640]
Release file:.\texture\scene\ocean_h.02.bmp
width: 256	height: 256	format: 21	mem_size:32768
[scene]: num: 13, size: 370688	[19887872]
[character]: num: 0, size: 0	[19887872]
[item]: num: 0, size: 0	[19887872]
[ui]: num: 17, size: 6864640	[19887872]
[terrain]: num: 49, size: 12587008	[19887872]
[effect]: num: 1, size: 65536	[19887872]
[minimap]: num: 0, size: 0	[19887872]
Release file:.\texture\scene\ocean_h.03.bmp
width: 256	height: 256	format: 21	mem_size:32768
[scene]: num: 12, size: 337920	[19855104]
[character]: num: 0, size: 0	[19855104]
[item]: num: 0, size: 0	[19855104]
[ui]: num: 17, size: 6864640	[19855104]
[terrain]: num: 49, size: 12587008	[19855104]
[effect]: num: 1, size: 65536	[19855104]
[minimap]: num: 0, size: 0	[19855104]
Release file:.\texture\scene\ocean_h.04.bmp
width: 256	height: 256	format: 21	mem_size:32768
[scene]: num: 11, size: 305152	[19822336]
[character]: num: 0, size: 0	[19822336]
[item]: num: 0, size: 0	[19822336]
[ui]: num: 17, size: 6864640	[19822336]
[terrain]: num: 49, size: 12587008	[19822336]
[effect]: num: 1, size: 65536	[19822336]
[minimap]: num: 0, size: 0	[19822336]
Release file:.\texture\scene\ocean_h.05.bmp
width: 256	height: 256	format: 21	mem_size:32768
[scene]: num: 10, size: 272384	[19789568]
[character]: num: 0, size: 0	[19789568]
[item]: num: 0, size: 0	[19789568]
[ui]: num: 17, size: 6864640	[19789568]
[terrain]: num: 49, size: 12587008	[19789568]
[effect]: num: 1, size: 65536	[19789568]
[minimap]: num: 0, size: 0	[19789568]
Release file:.\texture\scene\ocean_h.06.bmp
width: 256	height: 256	format: 21	mem_size:32768
[scene]: num: 9, size: 239616	[19756800]
[character]: num: 0, size: 0	[19756800]
[item]: num: 0, size: 0	[19756800]
[ui]: num: 17, size: 6864640	[19756800]
[terrain]: num: 49, size: 12587008	[19756800]
[effect]: num: 1, size: 65536	[19756800]
[minimap]: num: 0, size: 0	[19756800]
Release file:.\texture\scene\ocean_h.07.bmp
width: 256	height: 256	format: 21	mem_size:32768
[scene]: num: 8, size: 206848	[19724032]
[character]: num: 0, size: 0	[19724032]
[item]: num: 0, size: 0	[19724032]
[ui]: num: 17, size: 6864640	[19724032]
[terrain]: num: 49, size: 12587008	[19724032]
[effect]: num: 1, size: 65536	[19724032]
[minimap]: num: 0, size: 0	[19724032]
Release file:.\texture\scene\login03.bmp
width: 64	height: 64	format: 21	mem_size:2048
[scene]: num: 7, size: 204800	[19721984]
[character]: num: 0, size: 0	[19721984]
[item]: num: 0, size: 0	[19721984]
[ui]: num: 17, size: 6864640	[19721984]
[terrain]: num: 49, size: 12587008	[19721984]
[effect]: num: 1, size: 65536	[19721984]
[minimap]: num: 0, size: 0	[19721984]
Release file:.\texture\scene\login23.bmp
width: 128	height: 128	format: 21	mem_size:8192
[scene]: num: 6, size: 196608	[19713792]
[character]: num: 0, size: 0	[19713792]
[item]: num: 0, size: 0	[19713792]
[ui]: num: 17, size: 6864640	[19713792]
[terrain]: num: 49, size: 12587008	[19713792]
[effect]: num: 1, size: 65536	[19713792]
[minimap]: num: 0, size: 0	[19713792]
Release file:.\texture\scene\login11.bmp
width: 128	height: 128	format: 21	mem_size:8192
[scene]: num: 5, size: 188416	[19705600]
[character]: num: 0, size: 0	[19705600]
[item]: num: 0, size: 0	[19705600]
[ui]: num: 17, size: 6864640	[19705600]
[terrain]: num: 49, size: 12587008	[19705600]
[effect]: num: 1, size: 65536	[19705600]
[minimap]: num: 0, size: 0	[19705600]
Release file:.\texture\scene\login26.TGA
width: 128	height: 128	format: 21	mem_size:16384
[scene]: num: 4, size: 172032	[19689216]
[character]: num: 0, size: 0	[19689216]
[item]: num: 0, size: 0	[19689216]
[ui]: num: 17, size: 6864640	[19689216]
[terrain]: num: 49, size: 12587008	[19689216]
[effect]: num: 1, size: 65536	[19689216]
[minimap]: num: 0, size: 0	[19689216]
Release file:.\texture\scene\login26.TGA
width: 128	height: 128	format: 21	mem_size:16384
[scene]: num: 3, size: 155648	[19672832]
[character]: num: 0, size: 0	[19672832]
[item]: num: 0, size: 0	[19672832]
[ui]: num: 17, size: 6864640	[19672832]
[terrain]: num: 49, size: 12587008	[19672832]
[effect]: num: 1, size: 65536	[19672832]
[minimap]: num: 0, size: 0	[19672832]
Release file:.\texture\scene\login28.TGA
width: 512	height: 256	format: 21	mem_size:131072
[scene]: num: 2, size: 24576	[19541760]
[character]: num: 0, size: 0	[19541760]
[item]: num: 0, size: 0	[19541760]
[ui]: num: 17, size: 6864640	[19541760]
[terrain]: num: 49, size: 12587008	[19541760]
[effect]: num: 1, size: 65536	[19541760]
[minimap]: num: 0, size: 0	[19541760]
Release file:.\texture\scene\login21.bmp
width: 128	height: 128	format: 21	mem_size:8192
[scene]: num: 1, size: 16384	[19533568]
[character]: num: 0, size: 0	[19533568]
[item]: num: 0, size: 0	[19533568]
[ui]: num: 17, size: 6864640	[19533568]
[terrain]: num: 49, size: 12587008	[19533568]
[effect]: num: 1, size: 65536	[19533568]
[minimap]: num: 0, size: 0	[19533568]
Release file:.\texture\scene\login21.bmp
width: 128	height: 128	format: 21	mem_size:8192
[scene]: num: 0, size: 8192	[19525376]
[character]: num: 0, size: 0	[19525376]
[item]: num: 0, size: 0	[19525376]
[ui]: num: 17, size: 6864640	[19525376]
[terrain]: num: 49, size: 12587008	[19525376]
[effect]: num: 1, size: 65536	[19525376]
[minimap]: num: 0, size: 0	[19525376]
Release file:.\texture\scene\login17.bmp
width: 128	height: 128	format: 21	mem_size:8192
[scene]: num: -1, size: 0	[19517184]
[character]: num: 0, size: 0	[19517184]
[item]: num: 0, size: 0	[19517184]
[ui]: num: 17, size: 6864640	[19517184]
[terrain]: num: 49, size: 12587008	[19517184]
[effect]: num: 1, size: 65536	[19517184]
[minimap]: num: 0, size: 0	[19517184]
Load file:texture\effect\1.tga
width: 32	height: 32	format: 21	mem_size:4096
[scene]: num: -1, size: 0	[19521280]
[character]: num: 0, size: 0	[19521280]
[item]: num: 0, size: 0	[19521280]
[ui]: num: 17, size: 6864640	[19521280]
[terrain]: num: 49, size: 12587008	[19521280]
[effect]: num: 2, size: 69632	[19521280]
[minimap]: num: 0, size: 0	[19521280]
Release file:.\texture\character\0000000001.BMP
width: 0	height: 0	format: 25	mem_size:0
[scene]: num: -1, size: 0	[19521280]
[character]: num: -1, size: 0	[19521280]
[item]: num: 0, size: 0	[19521280]
[ui]: num: 17, size: 6864640	[19521280]
[terrain]: num: 49, size: 12587008	[19521280]
[effect]: num: 2, size: 69632	[19521280]
[minimap]: num: 0, size: 0	[19521280]
Release file:.\texture\character\0000000000.bmp
width: 0	height: 0	format: 25	mem_size:0
[scene]: num: -1, size: 0	[19521280]
[character]: num: -2, size: 0	[19521280]
[item]: num: 0, size: 0	[19521280]
[ui]: num: 17, size: 6864640	[19521280]
[terrain]: num: 49, size: 12587008	[19521280]
[effect]: num: 2, size: 69632	[19521280]
[minimap]: num: 0, size: 0	[19521280]
Release file:.\texture\character\0000610002.bmp
width: 0	height: 0	format: 25	mem_size:0
[scene]: num: -1, size: 0	[19521280]
[character]: num: -3, size: 0	[19521280]
[item]: num: 0, size: 0	[19521280]
[ui]: num: 17, size: 6864640	[19521280]
[terrain]: num: 49, size: 12587008	[19521280]
[effect]: num: 2, size: 69632	[19521280]
[minimap]: num: 0, size: 0	[19521280]
Release file:.\texture\character\0000610003.bmp
width: 0	height: 0	format: 25	mem_size:0
[scene]: num: -1, size: 0	[19521280]
[character]: num: -4, size: 0	[19521280]
[item]: num: 0, size: 0	[19521280]
[ui]: num: 17, size: 6864640	[19521280]
[terrain]: num: 49, size: 12587008	[19521280]
[effect]: num: 2, size: 69632	[19521280]
[minimap]: num: 0, size: 0	[19521280]
Release file:.\texture\character\0000610004.bmp
width: 0	height: 0	format: 25	mem_size:0
[scene]: num: -1, size: 0	[19521280]
[character]: num: -5, size: 0	[19521280]
[item]: num: 0, size: 0	[19521280]
[ui]: num: 17, size: 6864640	[19521280]
[terrain]: num: 49, size: 12587008	[19521280]
[effect]: num: 2, size: 69632	[19521280]
[minimap]: num: 0, size: 0	[19521280]
Release file:.\texture\character\0003610001.bmp
width: 0	height: 0	format: 25	mem_size:0
[scene]: num: -1, size: 0	[19521280]
[character]: num: -6, size: 0	[19521280]
[item]: num: 0, size: 0	[19521280]
[ui]: num: 17, size: 6864640	[19521280]
[terrain]: num: 49, size: 12587008	[19521280]
[effect]: num: 2, size: 69632	[19521280]
[minimap]: num: 0, size: 0	[19521280]
Release file:.\texture\character\0003000000.BMP
width: 0	height: 0	format: 25	mem_size:0
[scene]: num: -1, size: 0	[19521280]
[character]: num: -7, size: 0	[19521280]
[item]: num: 0, size: 0	[19521280]
[ui]: num: 17, size: 6864640	[19521280]
[terrain]: num: 49, size: 12587008	[19521280]
[effect]: num: 2, size: 69632	[19521280]
[minimap]: num: 0, size: 0	[19521280]
Release file:.\texture\character\0002000000.BMP
width: 0	height: 0	format: 25	mem_size:0
[scene]: num: -1, size: 0	[19521280]
[character]: num: -8, size: 0	[19521280]
[item]: num: 0, size: 0	[19521280]
[ui]: num: 17, size: 6864640	[19521280]
[terrain]: num: 49, size: 12587008	[19521280]
[effect]: num: 2, size: 69632	[19521280]
[minimap]: num: 0, size: 0	[19521280]
Release file:.\texture\character\0002610002.BMP
width: 0	height: 0	format: 25	mem_size:0
[scene]: num: -1, size: 0	[19521280]
[character]: num: -9, size: 0	[19521280]
[item]: num: 0, size: 0	[19521280]
[ui]: num: 17, size: 6864640	[19521280]
[terrain]: num: 49, size: 12587008	[19521280]
[effect]: num: 2, size: 69632	[19521280]
[minimap]: num: 0, size: 0	[19521280]
Release file:.\texture\character\0002610003.BMP
width: 0	height: 0	format: 25	mem_size:0
[scene]: num: -1, size: 0	[19521280]
[character]: num: -10, size: 0	[19521280]
[item]: num: 0, size: 0	[19521280]
[ui]: num: 17, size: 6864640	[19521280]
[terrain]: num: 49, size: 12587008	[19521280]
[effect]: num: 2, size: 69632	[19521280]
[minimap]: num: 0, size: 0	[19521280]
Release file:.\texture\character\0002610004.bmp
width: 0	height: 0	format: 25	mem_size:0
[scene]: num: -1, size: 0	[19521280]
[character]: num: -11, size: 0	[19521280]
[item]: num: 0, size: 0	[19521280]
[ui]: num: 17, size: 6864640	[19521280]
[terrain]: num: 49, size: 12587008	[19521280]
[effect]: num: 2, size: 69632	[19521280]
[minimap]: num: 0, size: 0	[19521280]
Load file:.\texture\character\grim920001.bmp
width: 256	height: 256	format: 21	mem_size:262144
[scene]: num: -1, size: 0	[19783424]
[character]: num: -10, size: 262144	[19783424]
[item]: num: 0, size: 0	[19783424]
[ui]: num: 17, size: 6864640	[19783424]
[terrain]: num: 49, size: 12587008	[19783424]
[effect]: num: 2, size: 69632	[19783424]
[minimap]: num: 0, size: 0	[19783424]
Load file:.\texture\character\0000000000.bmp
width: 64	height: 64	format: 21	mem_size:16384
[scene]: num: -1, size: 0	[19799808]
[character]: num: -9, size: 278528	[19799808]
[item]: num: 0, size: 0	[19799808]
[ui]: num: 17, size: 6864640	[19799808]
[terrain]: num: 49, size: 12587008	[19799808]
[effect]: num: 2, size: 69632	[19799808]
[minimap]: num: 0, size: 0	[19799808]
Load file:.\texture\character\grim610002.bmp
width: 256	height: 256	format: 21	mem_size:262144
[scene]: num: -1, size: 0	[20061952]
[character]: num: -8, size: 540672	[20061952]
[item]: num: 0, size: 0	[20061952]
[ui]: num: 17, size: 6864640	[20061952]
[terrain]: num: 49, size: 12587008	[20061952]
[effect]: num: 2, size: 69632	[20061952]
[minimap]: num: 0, size: 0	[20061952]
Load file:.\texture\character\grim610003.bmp
width: 128	height: 128	format: 21	mem_size:65536
[scene]: num: -1, size: 0	[20127488]
[character]: num: -7, size: 606208	[20127488]
[item]: num: 0, size: 0	[20127488]
[ui]: num: 17, size: 6864640	[20127488]
[terrain]: num: 49, size: 12587008	[20127488]
[effect]: num: 2, size: 69632	[20127488]
[minimap]: num: 0, size: 0	[20127488]
Load file:.\texture\character\grim610004.bmp
width: 64	height: 64	format: 21	mem_size:16384
[scene]: num: -1, size: 0	[20143872]
[character]: num: -6, size: 622592	[20143872]
[item]: num: 0, size: 0	[20143872]
[ui]: num: 17, size: 6864640	[20143872]
[terrain]: num: 49, size: 12587008	[20143872]
[effect]: num: 2, size: 69632	[20143872]
[minimap]: num: 0, size: 0	[20143872]
Load file:.\texture\character\0003620001.bmp
width: 128	height: 64	format: 21	mem_size:32768
[scene]: num: -1, size: 0	[20176640]
[character]: num: -5, size: 655360	[20176640]
[item]: num: 0, size: 0	[20176640]
[ui]: num: 17, size: 6864640	[20176640]
[terrain]: num: 49, size: 12587008	[20176640]
[effect]: num: 2, size: 69632	[20176640]
[minimap]: num: 0, size: 0	[20176640]
Load file:.\texture\character\0003000000.BMP
width: 64	height: 64	format: 21	mem_size:16384
[scene]: num: -1, size: 0	[20193024]
[character]: num: -4, size: 671744	[20193024]
[item]: num: 0, size: 0	[20193024]
[ui]: num: 17, size: 6864640	[20193024]
[terrain]: num: 49, size: 12587008	[20193024]
[effect]: num: 2, size: 69632	[20193024]
[minimap]: num: 0, size: 0	[20193024]
Load file:.\texture\character\0003610002.BMP
width: 128	height: 128	format: 21	mem_size:65536
[scene]: num: -1, size: 0	[20258560]
[character]: num: -3, size: 737280	[20258560]
[item]: num: 0, size: 0	[20258560]
[ui]: num: 17, size: 6864640	[20258560]
[terrain]: num: 49, size: 12587008	[20258560]
[effect]: num: 2, size: 69632	[20258560]
[minimap]: num: 0, size: 0	[20258560]
Load file:.\texture\character\0003610003.BMP
width: 64	height: 64	format: 21	mem_size:16384
[scene]: num: -1, size: 0	[20274944]
[character]: num: -2, size: 753664	[20274944]
[item]: num: 0, size: 0	[20274944]
[ui]: num: 17, size: 6864640	[20274944]
[terrain]: num: 49, size: 12587008	[20274944]
[effect]: num: 2, size: 69632	[20274944]
[minimap]: num: 0, size: 0	[20274944]
Load file:.\texture\character\0003610004.BMP
width: 64	height: 64	format: 21	mem_size:16384
[scene]: num: -1, size: 0	[20291328]
[character]: num: -1, size: 770048	[20291328]
[item]: num: 0, size: 0	[20291328]
[ui]: num: 17, size: 6864640	[20291328]
[terrain]: num: 49, size: 12587008	[20291328]
[effect]: num: 2, size: 69632	[20291328]
[minimap]: num: 0, size: 0	[20291328]
Load file:.\texture\character\0002000001.bmp
width: 128	height: 128	format: 21	mem_size:65536
[scene]: num: -1, size: 0	[20356864]
[character]: num: 0, size: 835584	[20356864]
[item]: num: 0, size: 0	[20356864]
[ui]: num: 17, size: 6864640	[20356864]
[terrain]: num: 49, size: 12587008	[20356864]
[effect]: num: 2, size: 69632	[20356864]
[minimap]: num: 0, size: 0	[20356864]
Load file:.\texture\character\0002000000.BMP
width: 64	height: 64	format: 21	mem_size:16384
[scene]: num: -1, size: 0	[20373248]
[character]: num: 1, size: 851968	[20373248]
[item]: num: 0, size: 0	[20373248]
[ui]: num: 17, size: 6864640	[20373248]
[terrain]: num: 49, size: 12587008	[20373248]
[effect]: num: 2, size: 69632	[20373248]
[minimap]: num: 0, size: 0	[20373248]
Load file:.\texture\character\0002670002.bmp
width: 256	height: 256	format: 21	mem_size:262144
[scene]: num: -1, size: 0	[20635392]
[character]: num: 2, size: 1114112	[20635392]
[item]: num: 0, size: 0	[20635392]
[ui]: num: 17, size: 6864640	[20635392]
[terrain]: num: 49, size: 12587008	[20635392]
[effect]: num: 2, size: 69632	[20635392]
[minimap]: num: 0, size: 0	[20635392]
Load file:.\texture\character\0002670003.bmp
width: 64	height: 64	format: 21	mem_size:16384
[scene]: num: -1, size: 0	[20651776]
[character]: num: 3, size: 1130496	[20651776]
[item]: num: 0, size: 0	[20651776]
[ui]: num: 17, size: 6864640	[20651776]
[terrain]: num: 49, size: 12587008	[20651776]
[effect]: num: 2, size: 69632	[20651776]
[minimap]: num: 0, size: 0	[20651776]
Load file:.\texture\character\0002670004.bmp
width: 64	height: 64	format: 21	mem_size:16384
[scene]: num: -1, size: 0	[20668160]
[character]: num: 4, size: 1146880	[20668160]
[item]: num: 0, size: 0	[20668160]
[ui]: num: 17, size: 6864640	[20668160]
[terrain]: num: 49, size: 12587008	[20668160]
[effect]: num: 2, size: 69632	[20668160]
[minimap]: num: 0, size: 0	[20668160]
Load file:.\texture\scene\hl012.dds
width: 1024	height: 1024	format: 21	mem_size:4194304
[scene]: num: 0, size: 4194304	[24862464]
[character]: num: 4, size: 1146880	[24862464]
[item]: num: 0, size: 0	[24862464]
[ui]: num: 17, size: 6864640	[24862464]
[terrain]: num: 49, size: 12587008	[24862464]
[effect]: num: 2, size: 69632	[24862464]
[minimap]: num: 0, size: 0	[24862464]
Load file:.\texture\scene\hl013.dds
width: 1024	height: 1024	format: 21	mem_size:4194304
[scene]: num: 1, size: 8388608	[29056768]
[character]: num: 4, size: 1146880	[29056768]
[item]: num: 0, size: 0	[29056768]
[ui]: num: 17, size: 6864640	[29056768]
[terrain]: num: 49, size: 12587008	[29056768]
[effect]: num: 2, size: 69632	[29056768]
[minimap]: num: 0, size: 0	[29056768]
Load file:.\texture\scene\hl010.dds
width: 1024	height: 1024	format: 21	mem_size:1048576
[scene]: num: 2, size: 9437184	[30105344]
[character]: num: 4, size: 1146880	[30105344]
[item]: num: 0, size: 0	[30105344]
[ui]: num: 17, size: 6864640	[30105344]
[terrain]: num: 49, size: 12587008	[30105344]
[effect]: num: 2, size: 69632	[30105344]
[minimap]: num: 0, size: 0	[30105344]
Load file:.\texture\scene\hl011.dds
width: 2048	height: 1024	format: 21	mem_size:8388608
[scene]: num: 3, size: 17825792	[38493952]
[character]: num: 4, size: 1146880	[38493952]
[item]: num: 0, size: 0	[38493952]
[ui]: num: 17, size: 6864640	[38493952]
[terrain]: num: 49, size: 12587008	[38493952]
[effect]: num: 2, size: 69632	[38493952]
[minimap]: num: 0, size: 0	[38493952]
Load file:.\texture\scene\hl014.dds
width: 1024	height: 1024	format: 21	mem_size:4194304
[scene]: num: 4, size: 22020096	[42688256]
[character]: num: 4, size: 1146880	[42688256]
[item]: num: 0, size: 0	[42688256]
[ui]: num: 17, size: 6864640	[42688256]
[terrain]: num: 49, size: 12587008	[42688256]
[effect]: num: 2, size: 69632	[42688256]
[minimap]: num: 0, size: 0	[42688256]
Load file:.\texture\scene\hl015.tga
width: 256	height: 256	format: 21	mem_size:262144
[scene]: num: 5, size: 22282240	[42950400]
[character]: num: 4, size: 1146880	[42950400]
[item]: num: 0, size: 0	[42950400]
[ui]: num: 17, size: 6864640	[42950400]
[terrain]: num: 49, size: 12587008	[42950400]
[effect]: num: 2, size: 69632	[42950400]
[minimap]: num: 0, size: 0	[42950400]
Load file:.\texture\scene\hl016.tga
width: 256	height: 256	format: 21	mem_size:262144
[scene]: num: 6, size: 22544384	[43212544]
[character]: num: 4, size: 1146880	[43212544]
[item]: num: 0, size: 0	[43212544]
[ui]: num: 17, size: 6864640	[43212544]
[terrain]: num: 49, size: 12587008	[43212544]
[effect]: num: 2, size: 69632	[43212544]
[minimap]: num: 0, size: 0	[43212544]
Load file:.\texture\scene\hl017.tga
width: 1024	height: 1024	format: 21	mem_size:4194304
[scene]: num: 7, size: 26738688	[47406848]
[character]: num: 4, size: 1146880	[47406848]
[item]: num: 0, size: 0	[47406848]
[ui]: num: 17, size: 6864640	[47406848]
[terrain]: num: 49, size: 12587008	[47406848]
[effect]: num: 2, size: 69632	[47406848]
[minimap]: num: 0, size: 0	[47406848]
Load file:.\texture\scene\hl018.dds
width: 256	height: 256	format: 21	mem_size:262144
[scene]: num: 8, size: 27000832	[47668992]
[character]: num: 4, size: 1146880	[47668992]
[item]: num: 0, size: 0	[47668992]
[ui]: num: 17, size: 6864640	[47668992]
[terrain]: num: 49, size: 12587008	[47668992]
[effect]: num: 2, size: 69632	[47668992]
[minimap]: num: 0, size: 0	[47668992]
Load file:.\texture\scene\hl019.tga
width: 256	height: 256	format: 21	mem_size:262144
[scene]: num: 9, size: 27262976	[47931136]
[character]: num: 4, size: 1146880	[47931136]
[item]: num: 0, size: 0	[47931136]
[ui]: num: 17, size: 6864640	[47931136]
[terrain]: num: 49, size: 12587008	[47931136]
[effect]: num: 2, size: 69632	[47931136]
[minimap]: num: 0, size: 0	[47931136]
Load file:.\texture\scene\hl020.tga
width: 256	height: 256	format: 21	mem_size:262144
[scene]: num: 10, size: 27525120	[48193280]
[character]: num: 4, size: 1146880	[48193280]
[item]: num: 0, size: 0	[48193280]
[ui]: num: 17, size: 6864640	[48193280]
[terrain]: num: 49, size: 12587008	[48193280]
[effect]: num: 2, size: 69632	[48193280]
[minimap]: num: 0, size: 0	[48193280]
Load file:.\texture\scene\hl020.tga
width: 256	height: 256	format: 21	mem_size:262144
[scene]: num: 11, size: 27787264	[48455424]
[character]: num: 4, size: 1146880	[48455424]
[item]: num: 0, size: 0	[48455424]
[ui]: num: 17, size: 6864640	[48455424]
[terrain]: num: 49, size: 12587008	[48455424]
[effect]: num: 2, size: 69632	[48455424]
[minimap]: num: 0, size: 0	[48455424]
Load file:.\texture\scene\hl020.tga
width: 256	height: 256	format: 21	mem_size:262144
[scene]: num: 12, size: 28049408	[48717568]
[character]: num: 4, size: 1146880	[48717568]
[item]: num: 0, size: 0	[48717568]
[ui]: num: 17, size: 6864640	[48717568]
[terrain]: num: 49, size: 12587008	[48717568]
[effect]: num: 2, size: 69632	[48717568]
[minimap]: num: 0, size: 0	[48717568]
Load file:.\texture\scene\hl021.tga
width: 512	height: 512	format: 21	mem_size:1048576
[scene]: num: 13, size: 29097984	[49766144]
[character]: num: 4, size: 1146880	[49766144]
[item]: num: 0, size: 0	[49766144]
[ui]: num: 17, size: 6864640	[49766144]
[terrain]: num: 49, size: 12587008	[49766144]
[effect]: num: 2, size: 69632	[49766144]
[minimap]: num: 0, size: 0	[49766144]
Load file:.\texture\scene\hl021.tga
width: 512	height: 512	format: 21	mem_size:1048576
[scene]: num: 14, size: 30146560	[50814720]
[character]: num: 4, size: 1146880	[50814720]
[item]: num: 0, size: 0	[50814720]
[ui]: num: 17, size: 6864640	[50814720]
[terrain]: num: 49, size: 12587008	[50814720]
[effect]: num: 2, size: 69632	[50814720]
[minimap]: num: 0, size: 0	[50814720]
Load file:.\texture\scene\hl021.tga
width: 512	height: 512	format: 21	mem_size:1048576
[scene]: num: 15, size: 31195136	[51863296]
[character]: num: 4, size: 1146880	[51863296]
[item]: num: 0, size: 0	[51863296]
[ui]: num: 17, size: 6864640	[51863296]
[terrain]: num: 49, size: 12587008	[51863296]
[effect]: num: 2, size: 69632	[51863296]
[minimap]: num: 0, size: 0	[51863296]
Load file:texture/ui/ui2/select.png
width: 550	height: 350	format: 21	mem_size:770000
[scene]: num: 15, size: 31195136	[52633296]
[character]: num: 4, size: 1146880	[52633296]
[item]: num: 0, size: 0	[52633296]
[ui]: num: 18, size: 7634640	[52633296]
[terrain]: num: 49, size: 12587008	[52633296]
[effect]: num: 2, size: 69632	[52633296]
[minimap]: num: 0, size: 0	[52633296]
Release file:.\texture\character\grim920001.bmp
width: 256	height: 256	format: 21	mem_size:262144
[scene]: num: 15, size: 31195136	[52371152]
[character]: num: 3, size: 884736	[52371152]
[item]: num: 0, size: 0	[52371152]
[ui]: num: 18, size: 7634640	[52371152]
[terrain]: num: 49, size: 12587008	[52371152]
[effect]: num: 2, size: 69632	[52371152]
[minimap]: num: 0, size: 0	[52371152]
Release file:.\texture\character\0000000000.bmp
width: 64	height: 64	format: 21	mem_size:16384
[scene]: num: 15, size: 31195136	[52354768]
[character]: num: 2, size: 868352	[52354768]
[item]: num: 0, size: 0	[52354768]
[ui]: num: 18, size: 7634640	[52354768]
[terrain]: num: 49, size: 12587008	[52354768]
[effect]: num: 2, size: 69632	[52354768]
[minimap]: num: 0, size: 0	[52354768]
Release file:.\texture\character\grim610002.bmp
width: 256	height: 256	format: 21	mem_size:262144
[scene]: num: 15, size: 31195136	[52092624]
[character]: num: 1, size: 606208	[52092624]
[item]: num: 0, size: 0	[52092624]
[ui]: num: 18, size: 7634640	[52092624]
[terrain]: num: 49, size: 12587008	[52092624]
[effect]: num: 2, size: 69632	[52092624]
[minimap]: num: 0, size: 0	[52092624]
Release file:.\texture\character\grim610003.bmp
width: 128	height: 128	format: 21	mem_size:65536
[scene]: num: 15, size: 31195136	[52027088]
[character]: num: 0, size: 540672	[52027088]
[item]: num: 0, size: 0	[52027088]
[ui]: num: 18, size: 7634640	[52027088]
[terrain]: num: 49, size: 12587008	[52027088]
[effect]: num: 2, size: 69632	[52027088]
[minimap]: num: 0, size: 0	[52027088]
Release file:.\texture\character\grim610004.bmp
width: 64	height: 64	format: 21	mem_size:16384
[scene]: num: 15, size: 31195136	[52010704]
[character]: num: -1, size: 524288	[52010704]
[item]: num: 0, size: 0	[52010704]
[ui]: num: 18, size: 7634640	[52010704]
[terrain]: num: 49, size: 12587008	[52010704]
[effect]: num: 2, size: 69632	[52010704]
[minimap]: num: 0, size: 0	[52010704]
Release file:.\texture\character\0003620001.bmp
width: 128	height: 64	format: 21	mem_size:32768
[scene]: num: 15, size: 31195136	[51977936]
[character]: num: -2, size: 491520	[51977936]
[item]: num: 0, size: 0	[51977936]
[ui]: num: 18, size: 7634640	[51977936]
[terrain]: num: 49, size: 12587008	[51977936]
[effect]: num: 2, size: 69632	[51977936]
[minimap]: num: 0, size: 0	[51977936]
Release file:.\texture\character\0003000000.BMP
width: 64	height: 64	format: 21	mem_size:16384
[scene]: num: 15, size: 31195136	[51961552]
[character]: num: -3, size: 475136	[51961552]
[item]: num: 0, size: 0	[51961552]
[ui]: num: 18, size: 7634640	[51961552]
[terrain]: num: 49, size: 12587008	[51961552]
[effect]: num: 2, size: 69632	[51961552]
[minimap]: num: 0, size: 0	[51961552]
Release file:.\texture\character\0003610002.BMP
width: 128	height: 128	format: 21	mem_size:65536
[scene]: num: 15, size: 31195136	[51896016]
[character]: num: -4, size: 409600	[51896016]
[item]: num: 0, size: 0	[51896016]
[ui]: num: 18, size: 7634640	[51896016]
[terrain]: num: 49, size: 12587008	[51896016]
[effect]: num: 2, size: 69632	[51896016]
[minimap]: num: 0, size: 0	[51896016]
Release file:.\texture\character\0003610003.BMP
width: 64	height: 64	format: 21	mem_size:16384
[scene]: num: 15, size: 31195136	[51879632]
[character]: num: -5, size: 393216	[51879632]
[item]: num: 0, size: 0	[51879632]
[ui]: num: 18, size: 7634640	[51879632]
[terrain]: num: 49, size: 12587008	[51879632]
[effect]: num: 2, size: 69632	[51879632]
[minimap]: num: 0, size: 0	[51879632]
Release file:.\texture\character\0003610004.BMP
width: 64	height: 64	format: 21	mem_size:16384
[scene]: num: 15, size: 31195136	[51863248]
[character]: num: -6, size: 376832	[51863248]
[item]: num: 0, size: 0	[51863248]
[ui]: num: 18, size: 7634640	[51863248]
[terrain]: num: 49, size: 12587008	[51863248]
[effect]: num: 2, size: 69632	[51863248]
[minimap]: num: 0, size: 0	[51863248]
Release file:.\texture\character\0002000001.bmp
width: 128	height: 128	format: 21	mem_size:65536
[scene]: num: 15, size: 31195136	[51797712]
[character]: num: -7, size: 311296	[51797712]
[item]: num: 0, size: 0	[51797712]
[ui]: num: 18, size: 7634640	[51797712]
[terrain]: num: 49, size: 12587008	[51797712]
[effect]: num: 2, size: 69632	[51797712]
[minimap]: num: 0, size: 0	[51797712]
Release file:.\texture\character\0002000000.BMP
width: 64	height: 64	format: 21	mem_size:16384
[scene]: num: 15, size: 31195136	[51781328]
[character]: num: -8, size: 294912	[51781328]
[item]: num: 0, size: 0	[51781328]
[ui]: num: 18, size: 7634640	[51781328]
[terrain]: num: 49, size: 12587008	[51781328]
[effect]: num: 2, size: 69632	[51781328]
[minimap]: num: 0, size: 0	[51781328]
Release file:.\texture\character\0002670002.bmp
width: 256	height: 256	format: 21	mem_size:262144
[scene]: num: 15, size: 31195136	[51519184]
[character]: num: -9, size: 32768	[51519184]
[item]: num: 0, size: 0	[51519184]
[ui]: num: 18, size: 7634640	[51519184]
[terrain]: num: 49, size: 12587008	[51519184]
[effect]: num: 2, size: 69632	[51519184]
[minimap]: num: 0, size: 0	[51519184]
Release file:.\texture\character\0002670003.bmp
width: 64	height: 64	format: 21	mem_size:16384
[scene]: num: 15, size: 31195136	[51502800]
[character]: num: -10, size: 16384	[51502800]
[item]: num: 0, size: 0	[51502800]
[ui]: num: 18, size: 7634640	[51502800]
[terrain]: num: 49, size: 12587008	[51502800]
[effect]: num: 2, size: 69632	[51502800]
[minimap]: num: 0, size: 0	[51502800]
Release file:.\texture\character\0002670004.bmp
width: 64	height: 64	format: 21	mem_size:16384
[scene]: num: 15, size: 31195136	[51486416]
[character]: num: -11, size: 0	[51486416]
[item]: num: 0, size: 0	[51486416]
[ui]: num: 18, size: 7634640	[51486416]
[terrain]: num: 49, size: 12587008	[51486416]
[effect]: num: 2, size: 69632	[51486416]
[minimap]: num: 0, size: 0	[51486416]
Release file:.\texture\scene\hl012.dds
width: 1024	height: 1024	format: 21	mem_size:4194304
[scene]: num: 14, size: 27000832	[47292112]
[character]: num: -11, size: 0	[47292112]
[item]: num: 0, size: 0	[47292112]
[ui]: num: 18, size: 7634640	[47292112]
[terrain]: num: 49, size: 12587008	[47292112]
[effect]: num: 2, size: 69632	[47292112]
[minimap]: num: 0, size: 0	[47292112]
Release file:.\texture\scene\hl013.dds
width: 1024	height: 1024	format: 21	mem_size:4194304
[scene]: num: 13, size: 22806528	[43097808]
[character]: num: -11, size: 0	[43097808]
[item]: num: 0, size: 0	[43097808]
[ui]: num: 18, size: 7634640	[43097808]
[terrain]: num: 49, size: 12587008	[43097808]
[effect]: num: 2, size: 69632	[43097808]
[minimap]: num: 0, size: 0	[43097808]
Release file:.\texture\scene\hl010.dds
width: 1024	height: 1024	format: 21	mem_size:1048576
[scene]: num: 12, size: 21757952	[42049232]
[character]: num: -11, size: 0	[42049232]
[item]: num: 0, size: 0	[42049232]
[ui]: num: 18, size: 7634640	[42049232]
[terrain]: num: 49, size: 12587008	[42049232]
[effect]: num: 2, size: 69632	[42049232]
[minimap]: num: 0, size: 0	[42049232]
Release file:.\texture\scene\hl011.dds
width: 2048	height: 1024	format: 21	mem_size:8388608
[scene]: num: 11, size: 13369344	[33660624]
[character]: num: -11, size: 0	[33660624]
[item]: num: 0, size: 0	[33660624]
[ui]: num: 18, size: 7634640	[33660624]
[terrain]: num: 49, size: 12587008	[33660624]
[effect]: num: 2, size: 69632	[33660624]
[minimap]: num: 0, size: 0	[33660624]
Release file:.\texture\scene\hl014.dds
width: 1024	height: 1024	format: 21	mem_size:4194304
[scene]: num: 10, size: 9175040	[29466320]
[character]: num: -11, size: 0	[29466320]
[item]: num: 0, size: 0	[29466320]
[ui]: num: 18, size: 7634640	[29466320]
[terrain]: num: 49, size: 12587008	[29466320]
[effect]: num: 2, size: 69632	[29466320]
[minimap]: num: 0, size: 0	[29466320]
Release file:.\texture\scene\hl015.tga
width: 256	height: 256	format: 21	mem_size:262144
[scene]: num: 9, size: 8912896	[29204176]
[character]: num: -11, size: 0	[29204176]
[item]: num: 0, size: 0	[29204176]
[ui]: num: 18, size: 7634640	[29204176]
[terrain]: num: 49, size: 12587008	[29204176]
[effect]: num: 2, size: 69632	[29204176]
[minimap]: num: 0, size: 0	[29204176]
Release file:.\texture\scene\hl016.tga
width: 256	height: 256	format: 21	mem_size:262144
[scene]: num: 8, size: 8650752	[28942032]
[character]: num: -11, size: 0	[28942032]
[item]: num: 0, size: 0	[28942032]
[ui]: num: 18, size: 7634640	[28942032]
[terrain]: num: 49, size: 12587008	[28942032]
[effect]: num: 2, size: 69632	[28942032]
[minimap]: num: 0, size: 0	[28942032]
Release file:.\texture\scene\hl017.tga
width: 1024	height: 1024	format: 21	mem_size:4194304
[scene]: num: 7, size: 4456448	[24747728]
[character]: num: -11, size: 0	[24747728]
[item]: num: 0, size: 0	[24747728]
[ui]: num: 18, size: 7634640	[24747728]
[terrain]: num: 49, size: 12587008	[24747728]
[effect]: num: 2, size: 69632	[24747728]
[minimap]: num: 0, size: 0	[24747728]
Release file:.\texture\scene\hl018.dds
width: 256	height: 256	format: 21	mem_size:262144
[scene]: num: 6, size: 4194304	[24485584]
[character]: num: -11, size: 0	[24485584]
[item]: num: 0, size: 0	[24485584]
[ui]: num: 18, size: 7634640	[24485584]
[terrain]: num: 49, size: 12587008	[24485584]
[effect]: num: 2, size: 69632	[24485584]
[minimap]: num: 0, size: 0	[24485584]
Release file:.\texture\scene\hl019.tga
width: 256	height: 256	format: 21	mem_size:262144
[scene]: num: 5, size: 3932160	[24223440]
[character]: num: -11, size: 0	[24223440]
[item]: num: 0, size: 0	[24223440]
[ui]: num: 18, size: 7634640	[24223440]
[terrain]: num: 49, size: 12587008	[24223440]
[effect]: num: 2, size: 69632	[24223440]
[minimap]: num: 0, size: 0	[24223440]
Release file:.\texture\scene\hl020.tga
width: 256	height: 256	format: 21	mem_size:262144
[scene]: num: 4, size: 3670016	[23961296]
[character]: num: -11, size: 0	[23961296]
[item]: num: 0, size: 0	[23961296]
[ui]: num: 18, size: 7634640	[23961296]
[terrain]: num: 49, size: 12587008	[23961296]
[effect]: num: 2, size: 69632	[23961296]
[minimap]: num: 0, size: 0	[23961296]
Release file:.\texture\scene\hl020.tga
width: 256	height: 256	format: 21	mem_size:262144
[scene]: num: 3, size: 3407872	[23699152]
[character]: num: -11, size: 0	[23699152]
[item]: num: 0, size: 0	[23699152]
[ui]: num: 18, size: 7634640	[23699152]
[terrain]: num: 49, size: 12587008	[23699152]
[effect]: num: 2, size: 69632	[23699152]
[minimap]: num: 0, size: 0	[23699152]
Release file:.\texture\scene\hl020.tga
width: 256	height: 256	format: 21	mem_size:262144
[scene]: num: 2, size: 3145728	[23437008]
[character]: num: -11, size: 0	[23437008]
[item]: num: 0, size: 0	[23437008]
[ui]: num: 18, size: 7634640	[23437008]
[terrain]: num: 49, size: 12587008	[23437008]
[effect]: num: 2, size: 69632	[23437008]
[minimap]: num: 0, size: 0	[23437008]
Release file:.\texture\scene\hl021.tga
width: 512	height: 512	format: 21	mem_size:1048576
[scene]: num: 1, size: 2097152	[22388432]
[character]: num: -11, size: 0	[22388432]
[item]: num: 0, size: 0	[22388432]
[ui]: num: 18, size: 7634640	[22388432]
[terrain]: num: 49, size: 12587008	[22388432]
[effect]: num: 2, size: 69632	[22388432]
[minimap]: num: 0, size: 0	[22388432]
Release file:.\texture\scene\hl021.tga
width: 512	height: 512	format: 21	mem_size:1048576
[scene]: num: 0, size: 1048576	[21339856]
[character]: num: -11, size: 0	[21339856]
[item]: num: 0, size: 0	[21339856]
[ui]: num: 18, size: 7634640	[21339856]
[terrain]: num: 49, size: 12587008	[21339856]
[effect]: num: 2, size: 69632	[21339856]
[minimap]: num: 0, size: 0	[21339856]
Release file:.\texture\scene\hl021.tga
width: 512	height: 512	format: 21	mem_size:1048576
[scene]: num: -1, size: 0	[20291280]
[character]: num: -11, size: 0	[20291280]
[item]: num: 0, size: 0	[20291280]
[ui]: num: 18, size: 7634640	[20291280]
[terrain]: num: 49, size: 12587008	[20291280]
[effect]: num: 2, size: 69632	[20291280]
[minimap]: num: 0, size: 0	[20291280]
Release file:.\texture\item\grim0027.bmp
width: 0	height: 0	format: 25	mem_size:0
[scene]: num: -1, size: 0	[20291280]
[character]: num: -11, size: 0	[20291280]
[item]: num: -1, size: 0	[20291280]
[ui]: num: 18, size: 7634640	[20291280]
[terrain]: num: 49, size: 12587008	[20291280]
[effect]: num: 2, size: 69632	[20291280]
[minimap]: num: 0, size: 0	[20291280]
Release file:.\texture\item\1.BMP
width: 0	height: 0	format: 25	mem_size:0
[scene]: num: -1, size: 0	[20291280]
[character]: num: -11, size: 0	[20291280]
[item]: num: -2, size: 0	[20291280]
[ui]: num: 18, size: 7634640	[20291280]
[terrain]: num: 49, size: 12587008	[20291280]
[effect]: num: 2, size: 69632	[20291280]
[minimap]: num: 0, size: 0	[20291280]
Release file:.\texture\item\grim0027.bmp
width: 0	height: 0	format: 25	mem_size:0
[scene]: num: -1, size: 0	[20291280]
[character]: num: -11, size: 0	[20291280]
[item]: num: -3, size: 0	[20291280]
[ui]: num: 18, size: 7634640	[20291280]
[terrain]: num: 49, size: 12587008	[20291280]
[effect]: num: 2, size: 69632	[20291280]
[minimap]: num: 0, size: 0	[20291280]
Release file:.\texture\item\1.BMP
width: 0	height: 0	format: 25	mem_size:0
[scene]: num: -1, size: 0	[20291280]
[character]: num: -11, size: 0	[20291280]
[item]: num: -4, size: 0	[20291280]
[ui]: num: 18, size: 7634640	[20291280]
[terrain]: num: 49, size: 12587008	[20291280]
[effect]: num: 2, size: 69632	[20291280]
[minimap]: num: 0, size: 0	[20291280]
Release file:.\texture\item\01040004.bmp
width: 0	height: 0	format: 25	mem_size:0
[scene]: num: -1, size: 0	[20291280]
[character]: num: -11, size: 0	[20291280]
[item]: num: -5, size: 0	[20291280]
[ui]: num: 18, size: 7634640	[20291280]
[terrain]: num: 49, size: 12587008	[20291280]
[effect]: num: 2, size: 69632	[20291280]
[minimap]: num: 0, size: 0	[20291280]
Release file:.\texture\item\1.BMP
width: 0	height: 0	format: 25	mem_size:0
[scene]: num: -1, size: 0	[20291280]
[character]: num: -11, size: 0	[20291280]
[item]: num: -6, size: 0	[20291280]
[ui]: num: 18, size: 7634640	[20291280]
[terrain]: num: 49, size: 12587008	[20291280]
[effect]: num: 2, size: 69632	[20291280]
[minimap]: num: 0, size: 0	[20291280]
Load file:texture\effect\range.tga
width: 128	height: 128	format: 21	mem_size:65536
[scene]: num: -1, size: 0	[20356816]
[character]: num: -11, size: 0	[20356816]
[item]: num: -6, size: 0	[20356816]
[ui]: num: 18, size: 7634640	[20356816]
[terrain]: num: 49, size: 12587008	[20356816]
[effect]: num: 3, size: 135168	[20356816]
[minimap]: num: 0, size: 0	[20356816]
Release file:.\texture\character\0000000001.BMP
width: 0	height: 0	format: 25	mem_size:0
[scene]: num: -1, size: 0	[20356816]
[character]: num: -12, size: 0	[20356816]
[item]: num: -6, size: 0	[20356816]
[ui]: num: 18, size: 7634640	[20356816]
[terrain]: num: 49, size: 12587008	[20356816]
[effect]: num: 3, size: 135168	[20356816]
[minimap]: num: 0, size: 0	[20356816]
Release file:.\texture\character\0000000000.bmp
width: 0	height: 0	format: 25	mem_size:0
[scene]: num: -1, size: 0	[20356816]
[character]: num: -13, size: 0	[20356816]
[item]: num: -6, size: 0	[20356816]
[ui]: num: 18, size: 7634640	[20356816]
[terrain]: num: 49, size: 12587008	[20356816]
[effect]: num: 3, size: 135168	[20356816]
[minimap]: num: 0, size: 0	[20356816]
Release file:.\texture\character\0000610002.bmp
width: 0	height: 0	format: 25	mem_size:0
[scene]: num: -1, size: 0	[20356816]
[character]: num: -14, size: 0	[20356816]
[item]: num: -6, size: 0	[20356816]
[ui]: num: 18, size: 7634640	[20356816]
[terrain]: num: 49, size: 12587008	[20356816]
[effect]: num: 3, size: 135168	[20356816]
[minimap]: num: 0, size: 0	[20356816]
Release file:.\texture\character\0000610003.bmp
width: 0	height: 0	format: 25	mem_size:0
[scene]: num: -1, size: 0	[20356816]
[character]: num: -15, size: 0	[20356816]
[item]: num: -6, size: 0	[20356816]
[ui]: num: 18, size: 7634640	[20356816]
[terrain]: num: 49, size: 12587008	[20356816]
[effect]: num: 3, size: 135168	[20356816]
[minimap]: num: 0, size: 0	[20356816]
Release file:.\texture\character\0000610004.bmp
width: 0	height: 0	format: 25	mem_size:0
[scene]: num: -1, size: 0	[20356816]
[character]: num: -16, size: 0	[20356816]
[item]: num: -6, size: 0	[20356816]
[ui]: num: 18, size: 7634640	[20356816]
[terrain]: num: 49, size: 12587008	[20356816]
[effect]: num: 3, size: 135168	[20356816]
[minimap]: num: 0, size: 0	[20356816]
Load file:texture\effect\tysonngjy3.tga
width: 256	height: 256	format: 21	mem_size:262144
[scene]: num: -1, size: 0	[20618960]
[character]: num: -16, size: 0	[20618960]
[item]: num: -6, size: 0	[20618960]
[ui]: num: 18, size: 7634640	[20618960]
[terrain]: num: 49, size: 12587008	[20618960]
[effect]: num: 4, size: 397312	[20618960]
[minimap]: num: 0, size: 0	[20618960]
Load file:texture\effect\tysohx.tga
width: 128	height: 128	format: 21	mem_size:65536
[scene]: num: -1, size: 0	[20684496]
[character]: num: -16, size: 0	[20684496]
[item]: num: -6, size: 0	[20684496]
[ui]: num: 18, size: 7634640	[20684496]
[terrain]: num: 49, size: 12587008	[20684496]
[effect]: num: 5, size: 462848	[20684496]
[minimap]: num: 0, size: 0	[20684496]
Load file:texture\effect\tysohx2.tga
width: 128	height: 128	format: 21	mem_size:65536
[scene]: num: -1, size: 0	[20750032]
[character]: num: -16, size: 0	[20750032]
[item]: num: -6, size: 0	[20750032]
[ui]: num: 18, size: 7634640	[20750032]
[terrain]: num: 49, size: 12587008	[20750032]
[effect]: num: 6, size: 528384	[20750032]
[minimap]: num: 0, size: 0	[20750032]
Load file:texture\effect\cape.tga
width: 256	height: 512	format: 21	mem_size:524288
[scene]: num: -1, size: 0	[21274320]
[character]: num: -16, size: 0	[21274320]
[item]: num: -6, size: 0	[21274320]
[ui]: num: 18, size: 7634640	[21274320]
[terrain]: num: 49, size: 12587008	[21274320]
[effect]: num: 7, size: 1052672	[21274320]
[minimap]: num: 0, size: 0	[21274320]
Load file:texture\effect\fjlxiao1.tga
width: 256	height: 256	format: 21	mem_size:262144
[scene]: num: -1, size: 0	[21536464]
[character]: num: -16, size: 0	[21536464]
[item]: num: -6, size: 0	[21536464]
[ui]: num: 18, size: 7634640	[21536464]
[terrain]: num: 49, size: 12587008	[21536464]
[effect]: num: 8, size: 1314816	[21536464]
[minimap]: num: 0, size: 0	[21536464]
Load file:texture\effect\eff0078.tga
width: 256	height: 256	format: 21	mem_size:262144
[scene]: num: -1, size: 0	[21798608]
[character]: num: -16, size: 0	[21798608]
[item]: num: -6, size: 0	[21798608]
[ui]: num: 18, size: 7634640	[21798608]
[terrain]: num: 49, size: 12587008	[21798608]
[effect]: num: 9, size: 1576960	[21798608]
[minimap]: num: 0, size: 0	[21798608]
Load file:texture\effect\jyffz4.tga
width: 64	height: 64	format: 21	mem_size:16384
[scene]: num: -1, size: 0	[21814992]
[character]: num: -16, size: 0	[21814992]
[item]: num: -6, size: 0	[21814992]
[ui]: num: 18, size: 7634640	[21814992]
[terrain]: num: 49, size: 12587008	[21814992]
[effect]: num: 10, size: 1593344	[21814992]
[minimap]: num: 0, size: 0	[21814992]
Load file:texture\effect\eidolon3.tga
width: 128	height: 128	format: 21	mem_size:65536
[scene]: num: -1, size: 0	[21880528]
[character]: num: -16, size: 0	[21880528]
[item]: num: -6, size: 0	[21880528]
[ui]: num: 18, size: 7634640	[21880528]
[terrain]: num: 49, size: 12587008	[21880528]
[effect]: num: 11, size: 1658880	[21880528]
[minimap]: num: 0, size: 0	[21880528]
Load file:texture\effect\hh1.tga
width: 128	height: 128	format: 21	mem_size:65536
[scene]: num: -1, size: 0	[21946064]
[character]: num: -16, size: 0	[21946064]
[item]: num: -6, size: 0	[21946064]
[ui]: num: 18, size: 7634640	[21946064]
[terrain]: num: 49, size: 12587008	[21946064]
[effect]: num: 12, size: 1724416	[21946064]
[minimap]: num: 0, size: 0	[21946064]
Release file:.\texture\character\0000000001.BMP
width: 0	height: 0	format: 25	mem_size:0
[scene]: num: -1, size: 0	[21946064]
[character]: num: -17, size: 0	[21946064]
[item]: num: -6, size: 0	[21946064]
[ui]: num: 18, size: 7634640	[21946064]
[terrain]: num: 49, size: 12587008	[21946064]
[effect]: num: 12, size: 1724416	[21946064]
[minimap]: num: 0, size: 0	[21946064]
Release file:.\texture\character\0000561001.bmp
width: 0	height: 0	format: 25	mem_size:0
[scene]: num: -1, size: 0	[21946064]
[character]: num: -18, size: 0	[21946064]
[item]: num: -6, size: 0	[21946064]
[ui]: num: 18, size: 7634640	[21946064]
[terrain]: num: 49, size: 12587008	[21946064]
[effect]: num: 12, size: 1724416	[21946064]
[minimap]: num: 0, size: 0	[21946064]
Release file:.\texture\character\0000610002.bmp
width: 0	height: 0	format: 25	mem_size:0
[scene]: num: -1, size: 0	[21946064]
[character]: num: -19, size: 0	[21946064]
[item]: num: -6, size: 0	[21946064]
[ui]: num: 18, size: 7634640	[21946064]
[terrain]: num: 49, size: 12587008	[21946064]
[effect]: num: 12, size: 1724416	[21946064]
[minimap]: num: 0, size: 0	[21946064]
Release file:.\texture\character\0000610003.bmp
width: 0	height: 0	format: 25	mem_size:0
[scene]: num: -1, size: 0	[21946064]
[character]: num: -20, size: 0	[21946064]
[item]: num: -6, size: 0	[21946064]
[ui]: num: 18, size: 7634640	[21946064]
[terrain]: num: 49, size: 12587008	[21946064]
[effect]: num: 12, size: 1724416	[21946064]
[minimap]: num: 0, size: 0	[21946064]
Release file:.\texture\character\0000610004.bmp
width: 0	height: 0	format: 25	mem_size:0
[scene]: num: -1, size: 0	[21946064]
[character]: num: -21, size: 0	[21946064]
[item]: num: -6, size: 0	[21946064]
[ui]: num: 18, size: 7634640	[21946064]
[terrain]: num: 49, size: 12587008	[21946064]
[effect]: num: 12, size: 1724416	[21946064]
[minimap]: num: 0, size: 0	[21946064]
Load file:texture\ui\minimap\mapsea.bmp
width: 64	height: 64	format: 21	mem_size:16384
[scene]: num: -1, size: 0	[21962448]
[character]: num: -21, size: 0	[21962448]
[item]: num: -6, size: 0	[21962448]
[ui]: num: 19, size: 7651024	[21962448]
[terrain]: num: 49, size: 12587008	[21962448]
[effect]: num: 12, size: 1724416	[21962448]
[minimap]: num: 1, size: 16384	[21962448]
Load file:texture\ui\minimap\0.tga
width: 16	height: 16	format: 21	mem_size:1024
[scene]: num: -1, size: 0	[21963472]
[character]: num: -21, size: 0	[21963472]
[item]: num: -6, size: 0	[21963472]
[ui]: num: 20, size: 7652048	[21963472]
[terrain]: num: 49, size: 12587008	[21963472]
[effect]: num: 12, size: 1724416	[21963472]
[minimap]: num: 2, size: 17408	[21963472]
Load file:texture\ui\minimap\1.tga
width: 12	height: 12	format: 21	mem_size:576
[scene]: num: -1, size: 0	[21964048]
[character]: num: -21, size: 0	[21964048]
[item]: num: -6, size: 0	[21964048]
[ui]: num: 21, size: 7652624	[21964048]
[terrain]: num: 49, size: 12587008	[21964048]
[effect]: num: 12, size: 1724416	[21964048]
[minimap]: num: 3, size: 17984	[21964048]
Load file:texture\ui\minimap\2.tga
width: 12	height: 12	format: 21	mem_size:576
[scene]: num: -1, size: 0	[21964624]
[character]: num: -21, size: 0	[21964624]
[item]: num: -6, size: 0	[21964624]
[ui]: num: 22, size: 7653200	[21964624]
[terrain]: num: 49, size: 12587008	[21964624]
[effect]: num: 12, size: 1724416	[21964624]
[minimap]: num: 4, size: 18560	[21964624]
Load file:texture\ui\minimap\3.tga
width: 12	height: 12	format: 21	mem_size:576
[scene]: num: -1, size: 0	[21965200]
[character]: num: -21, size: 0	[21965200]
[item]: num: -6, size: 0	[21965200]
[ui]: num: 23, size: 7653776	[21965200]
[terrain]: num: 49, size: 12587008	[21965200]
[effect]: num: 12, size: 1724416	[21965200]
[minimap]: num: 5, size: 19136	[21965200]
Load file:texture\ui\minimap\4.tga
width: 12	height: 12	format: 21	mem_size:576
[scene]: num: -1, size: 0	[21965776]
[character]: num: -21, size: 0	[21965776]
[item]: num: -6, size: 0	[21965776]
[ui]: num: 24, size: 7654352	[21965776]
[terrain]: num: 49, size: 12587008	[21965776]
[effect]: num: 12, size: 1724416	[21965776]
[minimap]: num: 6, size: 19712	[21965776]
Load file:texture\ui\minimap\5.tga
width: 12	height: 12	format: 21	mem_size:576
[scene]: num: -1, size: 0	[21966352]
[character]: num: -21, size: 0	[21966352]
[item]: num: -6, size: 0	[21966352]
[ui]: num: 25, size: 7654928	[21966352]
[terrain]: num: 49, size: 12587008	[21966352]
[effect]: num: 12, size: 1724416	[21966352]
[minimap]: num: 7, size: 20288	[21966352]
Load file:texture\ui\minimap\6.tga
width: 12	height: 12	format: 21	mem_size:576
[scene]: num: -1, size: 0	[21966928]
[character]: num: -21, size: 0	[21966928]
[item]: num: -6, size: 0	[21966928]
[ui]: num: 26, size: 7655504	[21966928]
[terrain]: num: 49, size: 12587008	[21966928]
[effect]: num: 12, size: 1724416	[21966928]
[minimap]: num: 8, size: 20864	[21966928]
Load file:texture\ui\minimap\7.tga
width: 12	height: 12	format: 21	mem_size:576
[scene]: num: -1, size: 0	[21967504]
[character]: num: -21, size: 0	[21967504]
[item]: num: -6, size: 0	[21967504]
[ui]: num: 27, size: 7656080	[21967504]
[terrain]: num: 49, size: 12587008	[21967504]
[effect]: num: 12, size: 1724416	[21967504]
[minimap]: num: 9, size: 21440	[21967504]
Load file:texture\ui\minimap\8.tga
width: 12	height: 12	format: 21	mem_size:576
[scene]: num: -1, size: 0	[21968080]
[character]: num: -21, size: 0	[21968080]
[item]: num: -6, size: 0	[21968080]
[ui]: num: 28, size: 7656656	[21968080]
[terrain]: num: 49, size: 12587008	[21968080]
[effect]: num: 12, size: 1724416	[21968080]
[minimap]: num: 10, size: 22016	[21968080]
Load file:texture\ui\minimap\9.tga
width: 12	height: 12	format: 21	mem_size:576
[scene]: num: -1, size: 0	[21968656]
[character]: num: -21, size: 0	[21968656]
[item]: num: -6, size: 0	[21968656]
[ui]: num: 29, size: 7657232	[21968656]
[terrain]: num: 49, size: 12587008	[21968656]
[effect]: num: 12, size: 1724416	[21968656]
[minimap]: num: 11, size: 22592	[21968656]
Load file:texture\ui\minimap\10.tga
width: 12	height: 12	format: 21	mem_size:576
[scene]: num: -1, size: 0	[21969232]
[character]: num: -21, size: 0	[21969232]
[item]: num: -6, size: 0	[21969232]
[ui]: num: 30, size: 7657808	[21969232]
[terrain]: num: 49, size: 12587008	[21969232]
[effect]: num: 12, size: 1724416	[21969232]
[minimap]: num: 12, size: 23168	[21969232]
Load file:texture\ui\minimap\11.tga
width: 12	height: 12	format: 21	mem_size:576
[scene]: num: -1, size: 0	[21969808]
[character]: num: -21, size: 0	[21969808]
[item]: num: -6, size: 0	[21969808]
[ui]: num: 31, size: 7658384	[21969808]
[terrain]: num: 49, size: 12587008	[21969808]
[effect]: num: 12, size: 1724416	[21969808]
[minimap]: num: 13, size: 23744	[21969808]
Load file:texture\ui\minimap\12.tga
width: 12	height: 12	format: 21	mem_size:576
[scene]: num: -1, size: 0	[21970384]
[character]: num: -21, size: 0	[21970384]
[item]: num: -6, size: 0	[21970384]
[ui]: num: 32, size: 7658960	[21970384]
[terrain]: num: 49, size: 12587008	[21970384]
[effect]: num: 12, size: 1724416	[21970384]
[minimap]: num: 14, size: 24320	[21970384]
Load file:texture\ui\minimap\13.tga
width: 12	height: 12	format: 21	mem_size:576
[scene]: num: -1, size: 0	[21970960]
[character]: num: -21, size: 0	[21970960]
[item]: num: -6, size: 0	[21970960]
[ui]: num: 33, size: 7659536	[21970960]
[terrain]: num: 49, size: 12587008	[21970960]
[effect]: num: 12, size: 1724416	[21970960]
[minimap]: num: 15, size: 24896	[21970960]
Load file:texture\ui\minimap\14.tga
width: 12	height: 12	format: 21	mem_size:576
[scene]: num: -1, size: 0	[21971536]
[character]: num: -21, size: 0	[21971536]
[item]: num: -6, size: 0	[21971536]
[ui]: num: 34, size: 7660112	[21971536]
[terrain]: num: 49, size: 12587008	[21971536]
[effect]: num: 12, size: 1724416	[21971536]
[minimap]: num: 16, size: 25472	[21971536]
Load file:texture\ui\minimap\15.tga
width: 12	height: 12	format: 21	mem_size:576
[scene]: num: -1, size: 0	[21972112]
[character]: num: -21, size: 0	[21972112]
[item]: num: -6, size: 0	[21972112]
[ui]: num: 35, size: 7660688	[21972112]
[terrain]: num: 49, size: 12587008	[21972112]
[effect]: num: 12, size: 1724416	[21972112]
[minimap]: num: 17, size: 26048	[21972112]
Load file:texture\ui\minimap\arraw.tga
width: 16	height: 16	format: 21	mem_size:1024
[scene]: num: -1, size: 0	[21973136]
[character]: num: -21, size: 0	[21973136]
[item]: num: -6, size: 0	[21973136]
[ui]: num: 36, size: 7661712	[21973136]
[terrain]: num: 49, size: 12587008	[21973136]
[effect]: num: 12, size: 1724416	[21973136]
[minimap]: num: 18, size: 27072	[21973136]
Load file:texture\ui\minimap\shop.tga
width: 16	height: 16	format: 21	mem_size:1024
[scene]: num: -1, size: 0	[21974160]
[character]: num: -21, size: 0	[21974160]
[item]: num: -6, size: 0	[21974160]
[ui]: num: 37, size: 7662736	[21974160]
[terrain]: num: 49, size: 12587008	[21974160]
[effect]: num: 12, size: 1724416	[21974160]
[minimap]: num: 19, size: 28096	[21974160]
Load file:texture\ui\minimap\mapsea.bmp
width: 64	height: 64	format: 21	mem_size:16384
[scene]: num: -1, size: 0	[21990544]
[character]: num: -21, size: 0	[21990544]
[item]: num: -6, size: 0	[21990544]
[ui]: num: 38, size: 7679120	[21990544]
[terrain]: num: 49, size: 12587008	[21990544]
[effect]: num: 12, size: 1724416	[21990544]
[minimap]: num: 20, size: 44480	[21990544]
Load file:texture\ui\minimap\0.tga
width: 16	height: 16	format: 21	mem_size:1024
[scene]: num: -1, size: 0	[21991568]
[character]: num: -21, size: 0	[21991568]
[item]: num: -6, size: 0	[21991568]
[ui]: num: 39, size: 7680144	[21991568]
[terrain]: num: 49, size: 12587008	[21991568]
[effect]: num: 12, size: 1724416	[21991568]
[minimap]: num: 21, size: 45504	[21991568]
Load file:texture\ui\minimap\1.tga
width: 12	height: 12	format: 21	mem_size:576
[scene]: num: -1, size: 0	[21992144]
[character]: num: -21, size: 0	[21992144]
[item]: num: -6, size: 0	[21992144]
[ui]: num: 40, size: 7680720	[21992144]
[terrain]: num: 49, size: 12587008	[21992144]
[effect]: num: 12, size: 1724416	[21992144]
[minimap]: num: 22, size: 46080	[21992144]
Load file:texture\ui\minimap\2.tga
width: 12	height: 12	format: 21	mem_size:576
[scene]: num: -1, size: 0	[21992720]
[character]: num: -21, size: 0	[21992720]
[item]: num: -6, size: 0	[21992720]
[ui]: num: 41, size: 7681296	[21992720]
[terrain]: num: 49, size: 12587008	[21992720]
[effect]: num: 12, size: 1724416	[21992720]
[minimap]: num: 23, size: 46656	[21992720]
Load file:texture\ui\minimap\3.tga
width: 12	height: 12	format: 21	mem_size:576
[scene]: num: -1, size: 0	[21993296]
[character]: num: -21, size: 0	[21993296]
[item]: num: -6, size: 0	[21993296]
[ui]: num: 42, size: 7681872	[21993296]
[terrain]: num: 49, size: 12587008	[21993296]
[effect]: num: 12, size: 1724416	[21993296]
[minimap]: num: 24, size: 47232	[21993296]
Load file:texture\ui\minimap\4.tga
width: 12	height: 12	format: 21	mem_size:576
[scene]: num: -1, size: 0	[21993872]
[character]: num: -21, size: 0	[21993872]
[item]: num: -6, size: 0	[21993872]
[ui]: num: 43, size: 7682448	[21993872]
[terrain]: num: 49, size: 12587008	[21993872]
[effect]: num: 12, size: 1724416	[21993872]
[minimap]: num: 25, size: 47808	[21993872]
Load file:texture\ui\minimap\5.tga
width: 12	height: 12	format: 21	mem_size:576
[scene]: num: -1, size: 0	[21994448]
[character]: num: -21, size: 0	[21994448]
[item]: num: -6, size: 0	[21994448]
[ui]: num: 44, size: 7683024	[21994448]
[terrain]: num: 49, size: 12587008	[21994448]
[effect]: num: 12, size: 1724416	[21994448]
[minimap]: num: 26, size: 48384	[21994448]
Load file:texture\ui\minimap\6.tga
width: 12	height: 12	format: 21	mem_size:576
[scene]: num: -1, size: 0	[21995024]
[character]: num: -21, size: 0	[21995024]
[item]: num: -6, size: 0	[21995024]
[ui]: num: 45, size: 7683600	[21995024]
[terrain]: num: 49, size: 12587008	[21995024]
[effect]: num: 12, size: 1724416	[21995024]
[minimap]: num: 27, size: 48960	[21995024]
Load file:texture\ui\minimap\7.tga
width: 12	height: 12	format: 21	mem_size:576
[scene]: num: -1, size: 0	[21995600]
[character]: num: -21, size: 0	[21995600]
[item]: num: -6, size: 0	[21995600]
[ui]: num: 46, size: 7684176	[21995600]
[terrain]: num: 49, size: 12587008	[21995600]
[effect]: num: 12, size: 1724416	[21995600]
[minimap]: num: 28, size: 49536	[21995600]
Load file:texture\ui\minimap\8.tga
width: 12	height: 12	format: 21	mem_size:576
[scene]: num: -1, size: 0	[21996176]
[character]: num: -21, size: 0	[21996176]
[item]: num: -6, size: 0	[21996176]
[ui]: num: 47, size: 7684752	[21996176]
[terrain]: num: 49, size: 12587008	[21996176]
[effect]: num: 12, size: 1724416	[21996176]
[minimap]: num: 29, size: 50112	[21996176]
Load file:texture\ui\minimap\9.tga
width: 12	height: 12	format: 21	mem_size:576
[scene]: num: -1, size: 0	[21996752]
[character]: num: -21, size: 0	[21996752]
[item]: num: -6, size: 0	[21996752]
[ui]: num: 48, size: 7685328	[21996752]
[terrain]: num: 49, size: 12587008	[21996752]
[effect]: num: 12, size: 1724416	[21996752]
[minimap]: num: 30, size: 50688	[21996752]
Load file:texture\ui\minimap\10.tga
width: 12	height: 12	format: 21	mem_size:576
[scene]: num: -1, size: 0	[21997328]
[character]: num: -21, size: 0	[21997328]
[item]: num: -6, size: 0	[21997328]
[ui]: num: 49, size: 7685904	[21997328]
[terrain]: num: 49, size: 12587008	[21997328]
[effect]: num: 12, size: 1724416	[21997328]
[minimap]: num: 31, size: 51264	[21997328]
Load file:texture\ui\minimap\11.tga
width: 12	height: 12	format: 21	mem_size:576
[scene]: num: -1, size: 0	[21997904]
[character]: num: -21, size: 0	[21997904]
[item]: num: -6, size: 0	[21997904]
[ui]: num: 50, size: 7686480	[21997904]
[terrain]: num: 49, size: 12587008	[21997904]
[effect]: num: 12, size: 1724416	[21997904]
[minimap]: num: 32, size: 51840	[21997904]
Load file:texture\ui\minimap\12.tga
width: 12	height: 12	format: 21	mem_size:576
[scene]: num: -1, size: 0	[21998480]
[character]: num: -21, size: 0	[21998480]
[item]: num: -6, size: 0	[21998480]
[ui]: num: 51, size: 7687056	[21998480]
[terrain]: num: 49, size: 12587008	[21998480]
[effect]: num: 12, size: 1724416	[21998480]
[minimap]: num: 33, size: 52416	[21998480]
Load file:texture\ui\minimap\13.tga
width: 12	height: 12	format: 21	mem_size:576
[scene]: num: -1, size: 0	[21999056]
[character]: num: -21, size: 0	[21999056]
[item]: num: -6, size: 0	[21999056]
[ui]: num: 52, size: 7687632	[21999056]
[terrain]: num: 49, size: 12587008	[21999056]
[effect]: num: 12, size: 1724416	[21999056]
[minimap]: num: 34, size: 52992	[21999056]
Load file:texture\ui\minimap\14.tga
width: 12	height: 12	format: 21	mem_size:576
[scene]: num: -1, size: 0	[21999632]
[character]: num: -21, size: 0	[21999632]
[item]: num: -6, size: 0	[21999632]
[ui]: num: 53, size: 7688208	[21999632]
[terrain]: num: 49, size: 12587008	[21999632]
[effect]: num: 12, size: 1724416	[21999632]
[minimap]: num: 35, size: 53568	[21999632]
Load file:texture\ui\minimap\15.tga
width: 12	height: 12	format: 21	mem_size:576
[scene]: num: -1, size: 0	[22000208]
[character]: num: -21, size: 0	[22000208]
[item]: num: -6, size: 0	[22000208]
[ui]: num: 54, size: 7688784	[22000208]
[terrain]: num: 49, size: 12587008	[22000208]
[effect]: num: 12, size: 1724416	[22000208]
[minimap]: num: 36, size: 54144	[22000208]
Load file:texture\ui\minimap\arraw.tga
width: 16	height: 16	format: 21	mem_size:1024
[scene]: num: -1, size: 0	[22001232]
[character]: num: -21, size: 0	[22001232]
[item]: num: -6, size: 0	[22001232]
[ui]: num: 55, size: 7689808	[22001232]
[terrain]: num: 49, size: 12587008	[22001232]
[effect]: num: 12, size: 1724416	[22001232]
[minimap]: num: 37, size: 55168	[22001232]
Load file:texture\ui\minimap\shop.tga
width: 16	height: 16	format: 21	mem_size:1024
[scene]: num: -1, size: 0	[22002256]
[character]: num: -21, size: 0	[22002256]
[item]: num: -6, size: 0	[22002256]
[ui]: num: 56, size: 7690832	[22002256]
[terrain]: num: 49, size: 12587008	[22002256]
[effect]: num: 12, size: 1724416	[22002256]
[minimap]: num: 38, size: 56192	[22002256]
Load file:texture\effect\eff0031.tga
width: 64	height: 64	format: 21	mem_size:16384
[scene]: num: -1, size: 0	[22018640]
[character]: num: -21, size: 0	[22018640]
[item]: num: -6, size: 0	[22018640]
[ui]: num: 56, size: 7690832	[22018640]
[terrain]: num: 49, size: 12587008	[22018640]
[effect]: num: 13, size: 1740800	[22018640]
[minimap]: num: 38, size: 56192	[22018640]
Load file:texture\effect\eff0125.tga
width: 64	height: 64	format: 21	mem_size:16384
[scene]: num: -1, size: 0	[22035024]
[character]: num: -21, size: 0	[22035024]
[item]: num: -6, size: 0	[22035024]
[ui]: num: 56, size: 7690832	[22035024]
[terrain]: num: 49, size: 12587008	[22035024]
[effect]: num: 14, size: 1757184	[22035024]
[minimap]: num: 38, size: 56192	[22035024]
Load file:texture\effect\smoke1.tga
width: 32	height: 32	format: 21	mem_size:4096
[scene]: num: -1, size: 0	[22039120]
[character]: num: -21, size: 0	[22039120]
[item]: num: -6, size: 0	[22039120]
[ui]: num: 56, size: 7690832	[22039120]
[terrain]: num: 49, size: 12587008	[22039120]
[effect]: num: 15, size: 1761280	[22039120]
[minimap]: num: 38, size: 56192	[22039120]
Load file:texture\effect\eff0050.tga
width: 64	height: 64	format: 21	mem_size:16384
[scene]: num: -1, size: 0	[22055504]
[character]: num: -21, size: 0	[22055504]
[item]: num: -6, size: 0	[22055504]
[ui]: num: 56, size: 7690832	[22055504]
[terrain]: num: 49, size: 12587008	[22055504]
[effect]: num: 16, size: 1777664	[22055504]
[minimap]: num: 38, size: 56192	[22055504]
Load file:texture/terrain/alpha/total.tga
width: 256	height: 256	format: 21	mem_size:262144
[scene]: num: -1, size: 0	[22317648]
[character]: num: -21, size: 0	[22317648]
[item]: num: -6, size: 0	[22317648]
[ui]: num: 56, size: 7690832	[22317648]
[terrain]: num: 50, size: 12849152	[22317648]
[effect]: num: 16, size: 1777664	[22317648]
[minimap]: num: 38, size: 56192	[22317648]
Load file:.\texture\scene\020125.dds
width: 256	height: 256	format: 21	mem_size:32768
[scene]: num: 0, size: 32768	[22350416]
[character]: num: -21, size: 0	[22350416]
[item]: num: -6, size: 0	[22350416]
[ui]: num: 56, size: 7690832	[22350416]
[terrain]: num: 50, size: 12849152	[22350416]
[effect]: num: 16, size: 1777664	[22350416]
[minimap]: num: 38, size: 56192	[22350416]
Load file:texture/ui/system/life.tga
width: 128	height: 128	format: 21	mem_size:65536
[scene]: num: 0, size: 32768	[22415952]
[character]: num: -21, size: 0	[22415952]
[item]: num: -6, size: 0	[22415952]
[ui]: num: 57, size: 7756368	[22415952]
[terrain]: num: 50, size: 12849152	[22415952]
[effect]: num: 16, size: 1777664	[22415952]
[minimap]: num: 38, size: 56192	[22415952]
Load file:.\texture\scene\020252.dds
width: 256	height: 256	format: 21	mem_size:65536
[scene]: num: 1, size: 98304	[22481488]
[character]: num: -21, size: 0	[22481488]
[item]: num: -6, size: 0	[22481488]
[ui]: num: 57, size: 7756368	[22481488]
[terrain]: num: 50, size: 12849152	[22481488]
[effect]: num: 16, size: 1777664	[22481488]
[minimap]: num: 38, size: 56192	[22481488]
Load file:texture/ui/guildflag.tga
width: 16	height: 16	format: 21	mem_size:1024
[scene]: num: 1, size: 98304	[22482512]
[character]: num: -21, size: 0	[22482512]
[item]: num: -6, size: 0	[22482512]
[ui]: num: 58, size: 7757392	[22482512]
[terrain]: num: 50, size: 12849152	[22482512]
[effect]: num: 16, size: 1777664	[22482512]
[minimap]: num: 38, size: 56192	[22482512]
Load file:User tex
width: 64	height: 64	format: 21	mem_size:16384
[scene]: num: 1, size: 98304	[22498896]
[character]: num: -21, size: 0	[22498896]
[item]: num: -6, size: 0	[22498896]
[ui]: num: 58, size: 7757392	[22498896]
[terrain]: num: 50, size: 12849152	[22498896]
[effect]: num: 16, size: 1777664	[22498896]
[minimap]: num: 38, size: 56192	[22498896]
Load file:User tex
width: 64	height: 64	format: 21	mem_size:16384
[scene]: num: 1, size: 98304	[22515280]
[character]: num: -21, size: 0	[22515280]
[item]: num: -6, size: 0	[22515280]
[ui]: num: 58, size: 7757392	[22515280]
[terrain]: num: 50, size: 12849152	[22515280]
[effect]: num: 16, size: 1777664	[22515280]
[minimap]: num: 38, size: 56192	[22515280]
Load file:User tex
width: 64	height: 64	format: 21	mem_size:16384
[scene]: num: 1, size: 98304	[22531664]
[character]: num: -21, size: 0	[22531664]
[item]: num: -6, size: 0	[22531664]
[ui]: num: 58, size: 7757392	[22531664]
[terrain]: num: 50, size: 12849152	[22531664]
[effect]: num: 16, size: 1777664	[22531664]
[minimap]: num: 38, size: 56192	[22531664]
Load file:User tex
width: 64	height: 64	format: 21	mem_size:16384
[scene]: num: 1, size: 98304	[22548048]
[character]: num: -21, size: 0	[22548048]
[item]: num: -6, size: 0	[22548048]
[ui]: num: 58, size: 7757392	[22548048]
[terrain]: num: 50, size: 12849152	[22548048]
[effect]: num: 16, size: 1777664	[22548048]
[minimap]: num: 38, size: 56192	[22548048]
Load file:User tex
width: 64	height: 64	format: 21	mem_size:16384
[scene]: num: 1, size: 98304	[22564432]
[character]: num: -21, size: 0	[22564432]
[item]: num: -6, size: 0	[22564432]
[ui]: num: 58, size: 7757392	[22564432]
[terrain]: num: 50, size: 12849152	[22564432]
[effect]: num: 16, size: 1777664	[22564432]
[minimap]: num: 38, size: 56192	[22564432]
Load file:User tex
width: 64	height: 64	format: 21	mem_size:16384
[scene]: num: 1, size: 98304	[22580816]
[character]: num: -21, size: 0	[22580816]
[item]: num: -6, size: 0	[22580816]
[ui]: num: 58, size: 7757392	[22580816]
[terrain]: num: 50, size: 12849152	[22580816]
[effect]: num: 16, size: 1777664	[22580816]
[minimap]: num: 38, size: 56192	[22580816]
Load file:User tex
width: 64	height: 64	format: 21	mem_size:16384
[scene]: num: 1, size: 98304	[22597200]
[character]: num: -21, size: 0	[22597200]
[item]: num: -6, size: 0	[22597200]
[ui]: num: 58, size: 7757392	[22597200]
[terrain]: num: 50, size: 12849152	[22597200]
[effect]: num: 16, size: 1777664	[22597200]
[minimap]: num: 38, size: 56192	[22597200]
Load file:User tex
width: 64	height: 64	format: 21	mem_size:16384
[scene]: num: 1, size: 98304	[22613584]
[character]: num: -21, size: 0	[22613584]
[item]: num: -6, size: 0	[22613584]
[ui]: num: 58, size: 7757392	[22613584]
[terrain]: num: 50, size: 12849152	[22613584]
[effect]: num: 16, size: 1777664	[22613584]
[minimap]: num: 38, size: 56192	[22613584]
Load file:User tex
width: 64	height: 64	format: 21	mem_size:16384
[scene]: num: 1, size: 98304	[22629968]
[character]: num: -21, size: 0	[22629968]
[item]: num: -6, size: 0	[22629968]
[ui]: num: 58, size: 7757392	[22629968]
[terrain]: num: 50, size: 12849152	[22629968]
[effect]: num: 16, size: 1777664	[22629968]
[minimap]: num: 38, size: 56192	[22629968]
Load file:texture/ui/ui2/city.png
width: 256	height: 256	format: 21	mem_size:262144
[scene]: num: 1, size: 98304	[22892112]
[character]: num: -21, size: 0	[22892112]
[item]: num: -6, size: 0	[22892112]
[ui]: num: 59, size: 8019536	[22892112]
[terrain]: num: 50, size: 12849152	[22892112]
[effect]: num: 16, size: 1777664	[22892112]
[minimap]: num: 38, size: 56192	[22892112]
Load file:texture/ui/ui2/chat.png
width: 512	height: 600	format: 21	mem_size:1228800
[scene]: num: 1, size: 98304	[24120912]
[character]: num: -21, size: 0	[24120912]
[item]: num: -6, size: 0	[24120912]
[ui]: num: 60, size: 9248336	[24120912]
[terrain]: num: 50, size: 12849152	[24120912]
[effect]: num: 16, size: 1777664	[24120912]
[minimap]: num: 38, size: 56192	[24120912]
Load file:texture/ui/ui2/buttons.png
width: 600	height: 938	format: 21	mem_size:2251200
[scene]: num: 1, size: 98304	[26372112]
[character]: num: -21, size: 0	[26372112]
[item]: num: -6, size: 0	[26372112]
[ui]: num: 61, size: 11499536	[26372112]
[terrain]: num: 50, size: 12849152	[26372112]
[effect]: num: 16, size: 1777664	[26372112]
[minimap]: num: 38, size: 56192	[26372112]
Load file:texture/ui/custom/npcbackdrop/1.tga
width: 55	height: 44	format: 21	mem_size:9680
[scene]: num: 1, size: 98304	[26381792]
[character]: num: -21, size: 0	[26381792]
[item]: num: -6, size: 0	[26381792]
[ui]: num: 62, size: 11509216	[26381792]
[terrain]: num: 50, size: 12849152	[26381792]
[effect]: num: 16, size: 1777664	[26381792]
[minimap]: num: 38, size: 56192	[26381792]
Load file:texture/ui/ui2/target.png
width: 500	height: 350	format: 21	mem_size:700000
[scene]: num: 1, size: 98304	[27081792]
[character]: num: -21, size: 0	[27081792]
[item]: num: -6, size: 0	[27081792]
[ui]: num: 63, size: 12209216	[27081792]
[terrain]: num: 50, size: 12849152	[27081792]
[effect]: num: 16, size: 1777664	[27081792]
[minimap]: num: 38, size: 56192	[27081792]
Load file:texture/ui/ui2/frmfast.png
width: 475	height: 110	format: 21	mem_size:209000
[scene]: num: 1, size: 98304	[27290792]
[character]: num: -21, size: 0	[27290792]
[item]: num: -6, size: 0	[27290792]
[ui]: num: 64, size: 12418216	[27290792]
[terrain]: num: 50, size: 12849152	[27290792]
[effect]: num: 16, size: 1777664	[27290792]
[minimap]: num: 38, size: 56192	[27290792]
Load file:texture/icon/s0081.png 
width: 32	height: 32	format: 21	mem_size:4096
[scene]: num: 1, size: 98304	[27294888]
[character]: num: -21, size: 0	[27294888]
[item]: num: -6, size: 0	[27294888]
[ui]: num: 64, size: 12418216	[27294888]
[terrain]: num: 50, size: 12849152	[27294888]
[effect]: num: 16, size: 1777664	[27294888]
[minimap]: num: 38, size: 56192	[27294888]
Load file:texture/icon/s0086.png 
width: 32	height: 32	format: 21	mem_size:4096
[scene]: num: 1, size: 98304	[27298984]
[character]: num: -21, size: 0	[27298984]
[item]: num: -6, size: 0	[27298984]
[ui]: num: 64, size: 12418216	[27298984]
[terrain]: num: 50, size: 12849152	[27298984]
[effect]: num: 16, size: 1777664	[27298984]
[minimap]: num: 38, size: 56192	[27298984]
Load file:texture/icon/s0123.png 
width: 32	height: 32	format: 21	mem_size:4096
[scene]: num: 1, size: 98304	[27303080]
[character]: num: -21, size: 0	[27303080]
[item]: num: -6, size: 0	[27303080]
[ui]: num: 64, size: 12418216	[27303080]
[terrain]: num: 50, size: 12849152	[27303080]
[effect]: num: 16, size: 1777664	[27303080]
[minimap]: num: 38, size: 56192	[27303080]
Load file:texture/icon/s0234.png 
width: 32	height: 32	format: 21	mem_size:4096
[scene]: num: 1, size: 98304	[27307176]
[character]: num: -21, size: 0	[27307176]
[item]: num: -6, size: 0	[27307176]
[ui]: num: 64, size: 12418216	[27307176]
[terrain]: num: 50, size: 12849152	[27307176]
[effect]: num: 16, size: 1777664	[27307176]
[minimap]: num: 38, size: 56192	[27307176]
Load file:texture/icon/s0084.png 
width: 32	height: 32	format: 21	mem_size:4096
[scene]: num: 1, size: 98304	[27311272]
[character]: num: -21, size: 0	[27311272]
[item]: num: -6, size: 0	[27311272]
[ui]: num: 64, size: 12418216	[27311272]
[terrain]: num: 50, size: 12849152	[27311272]
[effect]: num: 16, size: 1777664	[27311272]
[minimap]: num: 38, size: 56192	[27311272]
Load file:texture/icon/s0453.png 
width: 32	height: 32	format: 21	mem_size:4096
[scene]: num: 1, size: 98304	[27315368]
[character]: num: -21, size: 0	[27315368]
[item]: num: -6, size: 0	[27315368]
[ui]: num: 64, size: 12418216	[27315368]
[terrain]: num: 50, size: 12849152	[27315368]
[effect]: num: 16, size: 1777664	[27315368]
[minimap]: num: 38, size: 56192	[27315368]
Load file:texture/icon/n0347.png
width: 32	height: 32	format: 21	mem_size:4096
[scene]: num: 1, size: 98304	[27319464]
[character]: num: -21, size: 0	[27319464]
[item]: num: -6, size: 0	[27319464]
[ui]: num: 64, size: 12418216	[27319464]
[terrain]: num: 50, size: 12849152	[27319464]
[effect]: num: 16, size: 1777664	[27319464]
[minimap]: num: 38, size: 56192	[27319464]
Load file:texture/icon/s0231.png
width: 32	height: 32	format: 21	mem_size:4096
[scene]: num: 1, size: 98304	[27323560]
[character]: num: -21, size: 0	[27323560]
[item]: num: -6, size: 0	[27323560]
[ui]: num: 64, size: 12418216	[27323560]
[terrain]: num: 50, size: 12849152	[27323560]
[effect]: num: 16, size: 1777664	[27323560]
[minimap]: num: 38, size: 56192	[27323560]
Load file:texture/ui/ui2/minimap.png
width: 512	height: 256	format: 21	mem_size:524288
[scene]: num: 1, size: 98304	[27847848]
[character]: num: -21, size: 0	[27847848]
[item]: num: -6, size: 0	[27847848]
[ui]: num: 65, size: 12942504	[27847848]
[terrain]: num: 50, size: 12849152	[27847848]
[effect]: num: 16, size: 1777664	[27847848]
[minimap]: num: 39, size: 580480	[27847848]
Load file:texture/ui/custom/discordicon.png
width: 40	height: 120	format: 21	mem_size:19200
[scene]: num: 1, size: 98304	[27867048]
[character]: num: -21, size: 0	[27867048]
[item]: num: -6, size: 0	[27867048]
[ui]: num: 66, size: 12961704	[27867048]
[terrain]: num: 50, size: 12849152	[27867048]
[effect]: num: 16, size: 1777664	[27867048]
[minimap]: num: 39, size: 580480	[27867048]
Load file:texture/icon/n2527.png
width: 32	height: 32	format: 21	mem_size:4096
[scene]: num: 1, size: 98304	[27871144]
[character]: num: -21, size: 0	[27871144]
[item]: num: -6, size: 0	[27871144]
[ui]: num: 66, size: 12961704	[27871144]
[terrain]: num: 50, size: 12849152	[27871144]
[effect]: num: 16, size: 1777664	[27871144]
[minimap]: num: 39, size: 580480	[27871144]
Load file:.\texture\scene\020254.dds
width: 256	height: 256	format: 21	mem_size:65536
[scene]: num: 2, size: 163840	[27936680]
[character]: num: -21, size: 0	[27936680]
[item]: num: -6, size: 0	[27936680]
[ui]: num: 66, size: 12961704	[27936680]
[terrain]: num: 50, size: 12849152	[27936680]
[effect]: num: 16, size: 1777664	[27936680]
[minimap]: num: 39, size: 580480	[27936680]
Load file:.\texture\scene\020163.dds
width: 256	height: 256	format: 21	mem_size:65536
[scene]: num: 3, size: 229376	[28002216]
[character]: num: -21, size: 0	[28002216]
[item]: num: -6, size: 0	[28002216]
[ui]: num: 66, size: 12961704	[28002216]
[terrain]: num: 50, size: 12849152	[28002216]
[effect]: num: 16, size: 1777664	[28002216]
[minimap]: num: 39, size: 580480	[28002216]
Load file:.\texture\scene\020163.dds
width: 256	height: 256	format: 21	mem_size:65536
[scene]: num: 4, size: 294912	[28067752]
[character]: num: -21, size: 0	[28067752]
[item]: num: -6, size: 0	[28067752]
[ui]: num: 66, size: 12961704	[28067752]
[terrain]: num: 50, size: 12849152	[28067752]
[effect]: num: 16, size: 1777664	[28067752]
[minimap]: num: 39, size: 580480	[28067752]
Load file:.\texture\scene\020163.dds
width: 256	height: 256	format: 21	mem_size:65536
[scene]: num: 5, size: 360448	[28133288]
[character]: num: -21, size: 0	[28133288]
[item]: num: -6, size: 0	[28133288]
[ui]: num: 66, size: 12961704	[28133288]
[terrain]: num: 50, size: 12849152	[28133288]
[effect]: num: 16, size: 1777664	[28133288]
[minimap]: num: 39, size: 580480	[28133288]
Load file:.\texture\scene\020163.dds
width: 256	height: 256	format: 21	mem_size:65536
[scene]: num: 6, size: 425984	[28198824]
[character]: num: -21, size: 0	[28198824]
[item]: num: -6, size: 0	[28198824]
[ui]: num: 66, size: 12961704	[28198824]
[terrain]: num: 50, size: 12849152	[28198824]
[effect]: num: 16, size: 1777664	[28198824]
[minimap]: num: 39, size: 580480	[28198824]
Load file:.\texture\scene\020172.dds
width: 256	height: 256	format: 21	mem_size:32768
[scene]: num: 7, size: 458752	[28231592]
[character]: num: -21, size: 0	[28231592]
[item]: num: -6, size: 0	[28231592]
[ui]: num: 66, size: 12961704	[28231592]
[terrain]: num: 50, size: 12849152	[28231592]
[effect]: num: 16, size: 1777664	[28231592]
[minimap]: num: 39, size: 580480	[28231592]
Load file:.\texture\scene\020013.dds
width: 256	height: 64	format: 21	mem_size:8192
[scene]: num: 8, size: 466944	[28239784]
[character]: num: -21, size: 0	[28239784]
[item]: num: -6, size: 0	[28239784]
[ui]: num: 66, size: 12961704	[28239784]
[terrain]: num: 50, size: 12849152	[28239784]
[effect]: num: 16, size: 1777664	[28239784]
[minimap]: num: 39, size: 580480	[28239784]
Load file:.\texture\scene\020081.dds
width: 256	height: 256	format: 21	mem_size:32768
[scene]: num: 9, size: 499712	[28272552]
[character]: num: -21, size: 0	[28272552]
[item]: num: -6, size: 0	[28272552]
[ui]: num: 66, size: 12961704	[28272552]
[terrain]: num: 50, size: 12849152	[28272552]
[effect]: num: 16, size: 1777664	[28272552]
[minimap]: num: 39, size: 580480	[28272552]
Load file:.\texture\scene\020003.dds
width: 128	height: 128	format: 21	mem_size:8192
[scene]: num: 10, size: 507904	[28280744]
[character]: num: -21, size: 0	[28280744]
[item]: num: -6, size: 0	[28280744]
[ui]: num: 66, size: 12961704	[28280744]
[terrain]: num: 50, size: 12849152	[28280744]
[effect]: num: 16, size: 1777664	[28280744]
[minimap]: num: 39, size: 580480	[28280744]
Load file:.\texture\scene\020062.dds
width: 256	height: 256	format: 21	mem_size:65536
[scene]: num: 11, size: 573440	[28346280]
[character]: num: -21, size: 0	[28346280]
[item]: num: -6, size: 0	[28346280]
[ui]: num: 66, size: 12961704	[28346280]
[terrain]: num: 50, size: 12849152	[28346280]
[effect]: num: 16, size: 1777664	[28346280]
[minimap]: num: 39, size: 580480	[28346280]
Load file:.\texture\scene\020257.dds
width: 256	height: 256	format: 21	mem_size:65536
[scene]: num: 12, size: 638976	[28411816]
[character]: num: -21, size: 0	[28411816]
[item]: num: -6, size: 0	[28411816]
[ui]: num: 66, size: 12961704	[28411816]
[terrain]: num: 50, size: 12849152	[28411816]
[effect]: num: 16, size: 1777664	[28411816]
[minimap]: num: 39, size: 580480	[28411816]
Load file:.\texture\scene\020257.dds
width: 256	height: 256	format: 21	mem_size:65536
[scene]: num: 13, size: 704512	[28477352]
[character]: num: -21, size: 0	[28477352]
[item]: num: -6, size: 0	[28477352]
[ui]: num: 66, size: 12961704	[28477352]
[terrain]: num: 50, size: 12849152	[28477352]
[effect]: num: 16, size: 1777664	[28477352]
[minimap]: num: 39, size: 580480	[28477352]
Load file:.\texture\scene\020257.dds
width: 256	height: 256	format: 21	mem_size:65536
[scene]: num: 14, size: 770048	[28542888]
[character]: num: -21, size: 0	[28542888]
[item]: num: -6, size: 0	[28542888]
[ui]: num: 66, size: 12961704	[28542888]
[terrain]: num: 50, size: 12849152	[28542888]
[effect]: num: 16, size: 1777664	[28542888]
[minimap]: num: 39, size: 580480	[28542888]
Load file:.\texture\scene\010010.dds
width: 256	height: 256	format: 21	mem_size:32768
[scene]: num: 15, size: 802816	[28575656]
[character]: num: -21, size: 0	[28575656]
[item]: num: -6, size: 0	[28575656]
[ui]: num: 66, size: 12961704	[28575656]
[terrain]: num: 50, size: 12849152	[28575656]
[effect]: num: 16, size: 1777664	[28575656]
[minimap]: num: 39, size: 580480	[28575656]
Load file:.\texture\scene\020001.dds
width: 256	height: 256	format: 21	mem_size:32768
[scene]: num: 16, size: 835584	[28608424]
[character]: num: -21, size: 0	[28608424]
[item]: num: -6, size: 0	[28608424]
[ui]: num: 66, size: 12961704	[28608424]
[terrain]: num: 50, size: 12849152	[28608424]
[effect]: num: 16, size: 1777664	[28608424]
[minimap]: num: 39, size: 580480	[28608424]
Load file:.\texture\scene\020017.dds
width: 128	height: 128	format: 21	mem_size:65536
[scene]: num: 17, size: 901120	[28673960]
[character]: num: -21, size: 0	[28673960]
[item]: num: -6, size: 0	[28673960]
[ui]: num: 66, size: 12961704	[28673960]
[terrain]: num: 50, size: 12849152	[28673960]
[effect]: num: 16, size: 1777664	[28673960]
[minimap]: num: 39, size: 580480	[28673960]
Load file:.\texture\scene\020026.dds
width: 256	height: 256	format: 21	mem_size:262144
[scene]: num: 18, size: 1163264	[28936104]
[character]: num: -21, size: 0	[28936104]
[item]: num: -6, size: 0	[28936104]
[ui]: num: 66, size: 12961704	[28936104]
[terrain]: num: 50, size: 12849152	[28936104]
[effect]: num: 16, size: 1777664	[28936104]
[minimap]: num: 39, size: 580480	[28936104]
Load file:.\texture\scene\020017.dds
width: 128	height: 128	format: 21	mem_size:65536
[scene]: num: 19, size: 1228800	[29001640]
[character]: num: -21, size: 0	[29001640]
[item]: num: -6, size: 0	[29001640]
[ui]: num: 66, size: 12961704	[29001640]
[terrain]: num: 50, size: 12849152	[29001640]
[effect]: num: 16, size: 1777664	[29001640]
[minimap]: num: 39, size: 580480	[29001640]
Load file:.\texture\scene\020012.dds
width: 256	height: 256	format: 21	mem_size:32768
[scene]: num: 20, size: 1261568	[29034408]
[character]: num: -21, size: 0	[29034408]
[item]: num: -6, size: 0	[29034408]
[ui]: num: 66, size: 12961704	[29034408]
[terrain]: num: 50, size: 12849152	[29034408]
[effect]: num: 16, size: 1777664	[29034408]
[minimap]: num: 39, size: 580480	[29034408]
Load file:.\texture\scene\010018.dds
width: 256	height: 256	format: 21	mem_size:262144
[scene]: num: 21, size: 1523712	[29296552]
[character]: num: -21, size: 0	[29296552]
[item]: num: -6, size: 0	[29296552]
[ui]: num: 66, size: 12961704	[29296552]
[terrain]: num: 50, size: 12849152	[29296552]
[effect]: num: 16, size: 1777664	[29296552]
[minimap]: num: 39, size: 580480	[29296552]
Load file:.\texture\scene\010018.dds
width: 256	height: 256	format: 21	mem_size:262144
[scene]: num: 22, size: 1785856	[29558696]
[character]: num: -21, size: 0	[29558696]
[item]: num: -6, size: 0	[29558696]
[ui]: num: 66, size: 12961704	[29558696]
[terrain]: num: 50, size: 12849152	[29558696]
[effect]: num: 16, size: 1777664	[29558696]
[minimap]: num: 39, size: 580480	[29558696]
Load file:.\texture\scene\010019.dds
width: 256	height: 256	format: 21	mem_size:32768
[scene]: num: 23, size: 1818624	[29591464]
[character]: num: -21, size: 0	[29591464]
[item]: num: -6, size: 0	[29591464]
[ui]: num: 66, size: 12961704	[29591464]
[terrain]: num: 50, size: 12849152	[29591464]
[effect]: num: 16, size: 1777664	[29591464]
[minimap]: num: 39, size: 580480	[29591464]
Load file:.\texture\scene\010019.dds
width: 256	height: 256	format: 21	mem_size:32768
[scene]: num: 24, size: 1851392	[29624232]
[character]: num: -21, size: 0	[29624232]
[item]: num: -6, size: 0	[29624232]
[ui]: num: 66, size: 12961704	[29624232]
[terrain]: num: 50, size: 12849152	[29624232]
[effect]: num: 16, size: 1777664	[29624232]
[minimap]: num: 39, size: 580480	[29624232]
Load file:.\texture\scene\010010.dds
width: 256	height: 256	format: 21	mem_size:32768
[scene]: num: 25, size: 1884160	[29657000]
[character]: num: -21, size: 0	[29657000]
[item]: num: -6, size: 0	[29657000]
[ui]: num: 66, size: 12961704	[29657000]
[terrain]: num: 50, size: 12849152	[29657000]
[effect]: num: 16, size: 1777664	[29657000]
[minimap]: num: 39, size: 580480	[29657000]
Load file:.\texture\scene\020004.dds
width: 256	height: 256	format: 21	mem_size:262144
[scene]: num: 26, size: 2146304	[29919144]
[character]: num: -21, size: 0	[29919144]
[item]: num: -6, size: 0	[29919144]
[ui]: num: 66, size: 12961704	[29919144]
[terrain]: num: 50, size: 12849152	[29919144]
[effect]: num: 16, size: 1777664	[29919144]
[minimap]: num: 39, size: 580480	[29919144]
Load file:.\texture\scene\020095.dds
width: 256	height: 256	format: 21	mem_size:65536
[scene]: num: 27, size: 2211840	[29984680]
[character]: num: -21, size: 0	[29984680]
[item]: num: -6, size: 0	[29984680]
[ui]: num: 66, size: 12961704	[29984680]
[terrain]: num: 50, size: 12849152	[29984680]
[effect]: num: 16, size: 1777664	[29984680]
[minimap]: num: 39, size: 580480	[29984680]
Load file:.\texture\scene\020042.dds
width: 256	height: 128	format: 21	mem_size:131072
[scene]: num: 28, size: 2342912	[30115752]
[character]: num: -21, size: 0	[30115752]
[item]: num: -6, size: 0	[30115752]
[ui]: num: 66, size: 12961704	[30115752]
[terrain]: num: 50, size: 12849152	[30115752]
[effect]: num: 16, size: 1777664	[30115752]
[minimap]: num: 39, size: 580480	[30115752]
Load file:.\texture\scene\020013.dds
width: 256	height: 64	format: 21	mem_size:8192
[scene]: num: 29, size: 2351104	[30123944]
[character]: num: -21, size: 0	[30123944]
[item]: num: -6, size: 0	[30123944]
[ui]: num: 66, size: 12961704	[30123944]
[terrain]: num: 50, size: 12849152	[30123944]
[effect]: num: 16, size: 1777664	[30123944]
[minimap]: num: 39, size: 580480	[30123944]
Load file:.\texture\scene\020043.dds
width: 128	height: 128	format: 21	mem_size:65536
[scene]: num: 30, size: 2416640	[30189480]
[character]: num: -21, size: 0	[30189480]
[item]: num: -6, size: 0	[30189480]
[ui]: num: 66, size: 12961704	[30189480]
[terrain]: num: 50, size: 12849152	[30189480]
[effect]: num: 16, size: 1777664	[30189480]
[minimap]: num: 39, size: 580480	[30189480]
Load file:.\texture\scene\020005.dds
width: 256	height: 256	format: 21	mem_size:262144
[scene]: num: 31, size: 2678784	[30451624]
[character]: num: -21, size: 0	[30484392]
[item]: num: -6, size: 0	[30484392]
[ui]: num: 66, size: 12961704	[30484392]
[terrain]: num: 50, size: 12849152	[30484392]
[effect]: num: 16, size: 1777664	[30484392]
[minimap]: num: 39, size: 580480	[30484392]
Load file:.\texture\scene\010031.dds
width: 256	height: 256	format: 21	mem_size:32768
[scene]: num: 32, size: 2711552	[30484392]
[character]: num: -21, size: 0	[30484392]
[item]: num: -6, size: 0	[30484392]
[ui]: num: 66, size: 12961704	[30484392]
[terrain]: num: 50, size: 12849152	[30484392]
[effect]: num: 16, size: 1777664	[30484392]
[minimap]: num: 39, size: 580480	[30484392]
Load file:.\texture\scene\010032.dds
width: 256	height: 256	format: 21	mem_size:262144
[scene]: num: 33, size: 2973696	[30746536]
[character]: num: -21, size: 0	[30746536]
[item]: num: -6, size: 0	[30746536]
[ui]: num: 66, size: 12961704	[30746536]
[terrain]: num: 50, size: 12849152	[30746536]
[effect]: num: 16, size: 1777664	[30746536]
[minimap]: num: 39, size: 580480	[30746536]
Load file:.\texture\scene\010268.dds
width: 256	height: 256	format: 21	mem_size:262144
[scene]: num: 34, size: 3235840	[31008680]
[character]: num: -21, size: 0	[31008680]
[item]: num: -6, size: 0	[31008680]
[ui]: num: 66, size: 12961704	[31008680]
[terrain]: num: 50, size: 12849152	[31008680]
[effect]: num: 16, size: 1777664	[31008680]
[minimap]: num: 39, size: 580480	[31008680]
Load file:.\texture\scene\010269.dds
width: 128	height: 64	format: 21	mem_size:4096
[scene]: num: 35, size: 3239936	[31012776]
[character]: num: -21, size: 0	[31012776]
[item]: num: -6, size: 0	[31012776]
[ui]: num: 66, size: 12961704	[31012776]
[terrain]: num: 50, size: 12849152	[31012776]
[effect]: num: 16, size: 1777664	[31012776]
[minimap]: num: 39, size: 580480	[31012776]
Load file:.\texture\scene\010270.dds
width: 256	height: 256	format: 21	mem_size:32768
[scene]: num: 36, size: 3272704	[31045544]
[character]: num: -21, size: 0	[31045544]
[item]: num: -6, size: 0	[31045544]
[ui]: num: 66, size: 12961704	[31045544]
[terrain]: num: 50, size: 12849152	[31045544]
[effect]: num: 16, size: 1777664	[31045544]
[minimap]: num: 39, size: 580480	[31045544]
Load file:.\texture\scene\010011.dds
width: 256	height: 256	format: 21	mem_size:262144
[scene]: num: 37, size: 3534848	[31307688]
[character]: num: -21, size: 0	[31307688]
[item]: num: -6, size: 0	[31307688]
[ui]: num: 66, size: 12961704	[31307688]
[terrain]: num: 50, size: 12849152	[31307688]
[effect]: num: 16, size: 1777664	[31307688]
[minimap]: num: 39, size: 580480	[31307688]
Load file:.\texture\scene\010011.dds
width: 256	height: 256	format: 21	mem_size:262144
[scene]: num: 38, size: 3796992	[31569832]
[character]: num: -21, size: 0	[31569832]
[item]: num: -6, size: 0	[31569832]
[ui]: num: 66, size: 12961704	[31569832]
[terrain]: num: 50, size: 12849152	[31569832]
[effect]: num: 16, size: 1777664	[31569832]
[minimap]: num: 39, size: 580480	[31569832]
Load file:.\texture\scene\010011.dds
width: 256	height: 256	format: 21	mem_size:262144
[scene]: num: 39, size: 4059136	[31831976]
[character]: num: -21, size: 0	[31831976]
[item]: num: -6, size: 0	[31831976]
[ui]: num: 66, size: 12961704	[31831976]
[terrain]: num: 50, size: 12849152	[31831976]
[effect]: num: 16, size: 1777664	[31831976]
[minimap]: num: 39, size: 580480	[31831976]
Release file:texture\ui\minimap\mapsea.bmp
width: 64	height: 64	format: 21	mem_size:16384
[scene]: num: 39, size: 4059136	[31815592]
[character]: num: -21, size: 0	[31815592]
[item]: num: -6, size: 0	[31815592]
[ui]: num: 65, size: 12945320	[31815592]
[terrain]: num: 50, size: 12849152	[31815592]
[effect]: num: 16, size: 1777664	[31815592]
[minimap]: num: 38, size: 564096	[31815592]
Release file:texture\ui\minimap\0.tga
width: 16	height: 16	format: 21	mem_size:1024
[scene]: num: 39, size: 4059136	[31814568]
[character]: num: -21, size: 0	[31814568]
[item]: num: -6, size: 0	[31814568]
[ui]: num: 64, size: 12944296	[31814568]
[terrain]: num: 50, size: 12849152	[31814568]
[effect]: num: 16, size: 1777664	[31814568]
[minimap]: num: 37, size: 563072	[31814568]
Release file:texture\ui\minimap\1.tga
width: 12	height: 12	format: 21	mem_size:576
[scene]: num: 39, size: 4059136	[31813992]
[character]: num: -21, size: 0	[31813992]
[item]: num: -6, size: 0	[31813992]
[ui]: num: 63, size: 12943720	[31813992]
[terrain]: num: 50, size: 12849152	[31813992]
[effect]: num: 16, size: 1777664	[31813992]
[minimap]: num: 36, size: 562496	[31813992]
Release file:texture\ui\minimap\2.tga
width: 12	height: 12	format: 21	mem_size:576
[scene]: num: 39, size: 4059136	[31813416]
[character]: num: -21, size: 0	[31813416]
[item]: num: -6, size: 0	[31813416]
[ui]: num: 62, size: 12943144	[31813416]
[terrain]: num: 50, size: 12849152	[31813416]
[effect]: num: 16, size: 1777664	[31813416]
[minimap]: num: 35, size: 561920	[31813416]
Release file:texture\ui\minimap\3.tga
width: 12	height: 12	format: 21	mem_size:576
[scene]: num: 39, size: 4059136	[31812840]
[character]: num: -21, size: 0	[31812840]
[item]: num: -6, size: 0	[31812840]
[ui]: num: 61, size: 12942568	[31812840]
[terrain]: num: 50, size: 12849152	[31812840]
[effect]: num: 16, size: 1777664	[31812840]
[minimap]: num: 34, size: 561344	[31812840]
Release file:texture\ui\minimap\4.tga
width: 12	height: 12	format: 21	mem_size:576
[scene]: num: 39, size: 4059136	[31812264]
[character]: num: -21, size: 0	[31812264]
[item]: num: -6, size: 0	[31812264]
[ui]: num: 60, size: 12941992	[31812264]
[terrain]: num: 50, size: 12849152	[31812264]
[effect]: num: 16, size: 1777664	[31812264]
[minimap]: num: 33, size: 560768	[31812264]
Release file:texture\ui\minimap\5.tga
width: 12	height: 12	format: 21	mem_size:576
[scene]: num: 39, size: 4059136	[31811688]
[character]: num: -21, size: 0	[31811688]
[item]: num: -6, size: 0	[31811688]
[ui]: num: 59, size: 12941416	[31811688]
[terrain]: num: 50, size: 12849152	[31811688]
[effect]: num: 16, size: 1777664	[31811688]
[minimap]: num: 32, size: 560192	[31811688]
Release file:texture\ui\minimap\6.tga
width: 12	height: 12	format: 21	mem_size:576
[scene]: num: 39, size: 4059136	[31811112]
[character]: num: -21, size: 0	[31811112]
[item]: num: -6, size: 0	[31811112]
[ui]: num: 58, size: 12940840	[31811112]
[terrain]: num: 50, size: 12849152	[31811112]
[effect]: num: 16, size: 1777664	[31811112]
[minimap]: num: 31, size: 559616	[31811112]
Release file:texture\ui\minimap\7.tga
width: 12	height: 12	format: 21	mem_size:576
[scene]: num: 39, size: 4059136	[31810536]
[character]: num: -21, size: 0	[31810536]
[item]: num: -6, size: 0	[31810536]
[ui]: num: 57, size: 12940264	[31810536]
[terrain]: num: 50, size: 12849152	[31810536]
[effect]: num: 16, size: 1777664	[31810536]
[minimap]: num: 30, size: 559040	[31810536]
Release file:texture\ui\minimap\8.tga
width: 12	height: 12	format: 21	mem_size:576
[scene]: num: 39, size: 4059136	[31809960]
[character]: num: -21, size: 0	[31809960]
[item]: num: -6, size: 0	[31809960]
[ui]: num: 56, size: 12939688	[31809960]
[terrain]: num: 50, size: 12849152	[31809960]
[effect]: num: 16, size: 1777664	[31809960]
[minimap]: num: 29, size: 558464	[31809960]
Release file:texture\ui\minimap\9.tga
width: 12	height: 12	format: 21	mem_size:576
[scene]: num: 39, size: 4059136	[31809384]
[character]: num: -21, size: 0	[31809384]
[item]: num: -6, size: 0	[31809384]
[ui]: num: 55, size: 12939112	[31809384]
[terrain]: num: 50, size: 12849152	[31809384]
[effect]: num: 16, size: 1777664	[31809384]
[minimap]: num: 28, size: 557888	[31809384]
Release file:texture\ui\minimap\10.tga
width: 12	height: 12	format: 21	mem_size:576
[scene]: num: 39, size: 4059136	[31808808]
[character]: num: -21, size: 0	[31808808]
[item]: num: -6, size: 0	[31808808]
[ui]: num: 54, size: 12938536	[31808808]
[terrain]: num: 50, size: 12849152	[31808808]
[effect]: num: 16, size: 1777664	[31808808]
[minimap]: num: 27, size: 557312	[31808808]
Release file:texture\ui\minimap\11.tga
width: 12	height: 12	format: 21	mem_size:576
[scene]: num: 39, size: 4059136	[31808232]
[character]: num: -21, size: 0	[31808232]
[item]: num: -6, size: 0	[31808232]
[ui]: num: 53, size: 12937960	[31808232]
[terrain]: num: 50, size: 12849152	[31808232]
[effect]: num: 16, size: 1777664	[31808232]
[minimap]: num: 26, size: 556736	[31808232]
Release file:texture\ui\minimap\12.tga
width: 12	height: 12	format: 21	mem_size:576
[scene]: num: 39, size: 4059136	[31807656]
[character]: num: -21, size: 0	[31807656]
[item]: num: -6, size: 0	[31807656]
[ui]: num: 52, size: 12937384	[31807656]
[terrain]: num: 50, size: 12849152	[31807656]
[effect]: num: 16, size: 1777664	[31807656]
[minimap]: num: 25, size: 556160	[31807656]
Release file:texture\ui\minimap\13.tga
width: 12	height: 12	format: 21	mem_size:576
[scene]: num: 39, size: 4059136	[31807080]
[character]: num: -21, size: 0	[31807080]
[item]: num: -6, size: 0	[31807080]
[ui]: num: 51, size: 12936808	[31807080]
[terrain]: num: 50, size: 12849152	[31807080]
[effect]: num: 16, size: 1777664	[31807080]
[minimap]: num: 24, size: 555584	[31807080]
Release file:texture\ui\minimap\14.tga
width: 12	height: 12	format: 21	mem_size:576
[scene]: num: 39, size: 4059136	[31806504]
[character]: num: -21, size: 0	[31806504]
[item]: num: -6, size: 0	[31806504]
[ui]: num: 50, size: 12936232	[31806504]
[terrain]: num: 50, size: 12849152	[31806504]
[effect]: num: 16, size: 1777664	[31806504]
[minimap]: num: 23, size: 555008	[31806504]
Release file:texture\ui\minimap\15.tga
width: 12	height: 12	format: 21	mem_size:576
[scene]: num: 39, size: 4059136	[31805928]
[character]: num: -21, size: 0	[31805928]
[item]: num: -6, size: 0	[31805928]
[ui]: num: 49, size: 12935656	[31805928]
[terrain]: num: 50, size: 12849152	[31805928]
[effect]: num: 16, size: 1777664	[31805928]
[minimap]: num: 22, size: 554432	[31805928]
Release file:texture\ui\minimap\arraw.tga
width: 16	height: 16	format: 21	mem_size:1024
[scene]: num: 39, size: 4059136	[31804904]
[character]: num: -21, size: 0	[31804904]
[item]: num: -6, size: 0	[31804904]
[ui]: num: 48, size: 12934632	[31804904]
[terrain]: num: 50, size: 12849152	[31804904]
[effect]: num: 16, size: 1777664	[31804904]
[minimap]: num: 21, size: 553408	[31804904]
Release file:texture\ui\minimap\shop.tga
width: 16	height: 16	format: 21	mem_size:1024
[scene]: num: 39, size: 4059136	[31803880]
[character]: num: -21, size: 0	[31803880]
[item]: num: -6, size: 0	[31803880]
[ui]: num: 47, size: 12933608	[31803880]
[terrain]: num: 50, size: 12849152	[31803880]
[effect]: num: 16, size: 1777664	[31803880]
[minimap]: num: 20, size: 552384	[31803880]
Release file:
width: 64	height: 64	format: 21	mem_size:16384
[scene]: num: 39, size: 4059136	[31787496]
[character]: num: -21, size: 0	[31787496]
[item]: num: -6, size: 0	[31787496]
[ui]: num: 47, size: 12933608	[31787496]
[terrain]: num: 50, size: 12849152	[31787496]
[effect]: num: 16, size: 1777664	[31787496]
[minimap]: num: 20, size: 552384	[31787496]
Release file:
width: 64	height: 64	format: 21	mem_size:16384
[scene]: num: 39, size: 4059136	[31771112]
[character]: num: -21, size: 0	[31771112]
[item]: num: -6, size: 0	[31771112]
[ui]: num: 47, size: 12933608	[31771112]
[terrain]: num: 50, size: 12849152	[31771112]
[effect]: num: 16, size: 1777664	[31771112]
[minimap]: num: 20, size: 552384	[31771112]
Release file:
width: 64	height: 64	format: 21	mem_size:16384
[scene]: num: 39, size: 4059136	[31754728]
[character]: num: -21, size: 0	[31754728]
[item]: num: -6, size: 0	[31754728]
[ui]: num: 47, size: 12933608	[31754728]
[terrain]: num: 50, size: 12849152	[31754728]
[effect]: num: 16, size: 1777664	[31754728]
[minimap]: num: 20, size: 552384	[31754728]
Release file:
width: 64	height: 64	format: 21	mem_size:16384
[scene]: num: 39, size: 4059136	[31738344]
[character]: num: -21, size: 0	[31738344]
[item]: num: -6, size: 0	[31738344]
[ui]: num: 47, size: 12933608	[31738344]
[terrain]: num: 50, size: 12849152	[31738344]
[effect]: num: 16, size: 1777664	[31738344]
[minimap]: num: 20, size: 552384	[31738344]
Release file:
width: 64	height: 64	format: 21	mem_size:16384
[scene]: num: 39, size: 4059136	[31721960]
[character]: num: -21, size: 0	[31721960]
[item]: num: -6, size: 0	[31721960]
[ui]: num: 47, size: 12933608	[31721960]
[terrain]: num: 50, size: 12849152	[31721960]
[effect]: num: 16, size: 1777664	[31721960]
[minimap]: num: 20, size: 552384	[31721960]
Release file:
width: 64	height: 64	format: 21	mem_size:16384
[scene]: num: 39, size: 4059136	[31705576]
[character]: num: -21, size: 0	[31705576]
[item]: num: -6, size: 0	[31705576]
[ui]: num: 47, size: 12933608	[31705576]
[terrain]: num: 50, size: 12849152	[31705576]
[effect]: num: 16, size: 1777664	[31705576]
[minimap]: num: 20, size: 552384	[31705576]
Release file:
width: 64	height: 64	format: 21	mem_size:16384
[scene]: num: 39, size: 4059136	[31689192]
[character]: num: -21, size: 0	[31689192]
[item]: num: -6, size: 0	[31689192]
[ui]: num: 47, size: 12933608	[31689192]
[terrain]: num: 50, size: 12849152	[31689192]
[effect]: num: 16, size: 1777664	[31689192]
[minimap]: num: 20, size: 552384	[31689192]
Release file:
width: 64	height: 64	format: 21	mem_size:16384
[scene]: num: 39, size: 4059136	[31672808]
[character]: num: -21, size: 0	[31672808]
[item]: num: -6, size: 0	[31672808]
[ui]: num: 47, size: 12933608	[31672808]
[terrain]: num: 50, size: 12849152	[31672808]
[effect]: num: 16, size: 1777664	[31672808]
[minimap]: num: 20, size: 552384	[31672808]
Release file:
width: 64	height: 64	format: 21	mem_size:16384
[scene]: num: 39, size: 4059136	[31656424]
[character]: num: -21, size: 0	[31656424]
[item]: num: -6, size: 0	[31656424]
[ui]: num: 47, size: 12933608	[31656424]
[terrain]: num: 50, size: 12849152	[31656424]
[effect]: num: 16, size: 1777664	[31656424]
[minimap]: num: 20, size: 552384	[31656424]
Load file:texture\ui\minimap\mapsea.bmp
width: 64	height: 64	format: 21	mem_size:16384
[scene]: num: 39, size: 4059136	[31672808]
[character]: num: -21, size: 0	[31672808]
[item]: num: -6, size: 0	[31672808]
[ui]: num: 48, size: 12949992	[31672808]
[terrain]: num: 50, size: 12849152	[31672808]
[effect]: num: 16, size: 1777664	[31672808]
[minimap]: num: 21, size: 568768	[31672808]
Load file:texture\ui\minimap\0.tga
width: 16	height: 16	format: 21	mem_size:1024
[scene]: num: 39, size: 4059136	[31673832]
[character]: num: -21, size: 0	[31673832]
[item]: num: -6, size: 0	[31673832]
[ui]: num: 49, size: 12951016	[31673832]
[terrain]: num: 50, size: 12849152	[31673832]
[effect]: num: 16, size: 1777664	[31673832]
[minimap]: num: 22, size: 569792	[31673832]
Load file:texture\ui\minimap\1.tga
width: 12	height: 12	format: 21	mem_size:576
[scene]: num: 39, size: 4059136	[31674408]
[character]: num: -21, size: 0	[31674408]
[item]: num: -6, size: 0	[31674408]
[ui]: num: 50, size: 12951592	[31674408]
[terrain]: num: 50, size: 12849152	[31674408]
[effect]: num: 16, size: 1777664	[31674408]
[minimap]: num: 23, size: 570368	[31674408]
Load file:texture\ui\minimap\2.tga
width: 12	height: 12	format: 21	mem_size:576
[scene]: num: 39, size: 4059136	[31674984]
[character]: num: -21, size: 0	[31674984]
[item]: num: -6, size: 0	[31674984]
[ui]: num: 51, size: 12952168	[31674984]
[terrain]: num: 50, size: 12849152	[31674984]
[effect]: num: 16, size: 1777664	[31674984]
[minimap]: num: 24, size: 570944	[31674984]
Load file:texture\ui\minimap\3.tga
width: 12	height: 12	format: 21	mem_size:576
[scene]: num: 39, size: 4059136	[31675560]
[character]: num: -21, size: 0	[31675560]
[item]: num: -6, size: 0	[31675560]
[ui]: num: 52, size: 12952744	[31675560]
[terrain]: num: 50, size: 12849152	[31675560]
[effect]: num: 16, size: 1777664	[31675560]
[minimap]: num: 25, size: 571520	[31675560]
Load file:texture\ui\minimap\4.tga
width: 12	height: 12	format: 21	mem_size:576
[scene]: num: 39, size: 4059136	[31676136]
[character]: num: -21, size: 0	[31676136]
[item]: num: -6, size: 0	[31676136]
[ui]: num: 53, size: 12953320	[31676136]
[terrain]: num: 50, size: 12849152	[31676136]
[effect]: num: 16, size: 1777664	[31676136]
[minimap]: num: 26, size: 572096	[31676136]
Load file:texture\ui\minimap\5.tga
width: 12	height: 12	format: 21	mem_size:576
[scene]: num: 39, size: 4059136	[31676712]
[character]: num: -21, size: 0	[31676712]
[item]: num: -6, size: 0	[31676712]
[ui]: num: 54, size: 12953896	[31676712]
[terrain]: num: 50, size: 12849152	[31676712]
[effect]: num: 16, size: 1777664	[31676712]
[minimap]: num: 27, size: 572672	[31676712]
Load file:texture\ui\minimap\6.tga
width: 12	height: 12	format: 21	mem_size:576
[scene]: num: 39, size: 4059136	[31677288]
[character]: num: -21, size: 0	[31677288]
[item]: num: -6, size: 0	[31677288]
[ui]: num: 55, size: 12954472	[31677288]
[terrain]: num: 50, size: 12849152	[31677288]
[effect]: num: 16, size: 1777664	[31677288]
[minimap]: num: 28, size: 573248	[31677288]
Load file:texture\ui\minimap\7.tga
width: 12	height: 12	format: 21	mem_size:576
[scene]: num: 39, size: 4059136	[31677864]
[character]: num: -21, size: 0	[31677864]
[item]: num: -6, size: 0	[31677864]
[ui]: num: 56, size: 12955048	[31677864]
[terrain]: num: 50, size: 12849152	[31677864]
[effect]: num: 16, size: 1777664	[31677864]
[minimap]: num: 29, size: 573824	[31677864]
Load file:texture\ui\minimap\8.tga
width: 12	height: 12	format: 21	mem_size:576
[scene]: num: 39, size: 4059136	[31678440]
[character]: num: -21, size: 0	[31678440]
[item]: num: -6, size: 0	[31678440]
[ui]: num: 57, size: 12955624	[31678440]
[terrain]: num: 50, size: 12849152	[31678440]
[effect]: num: 16, size: 1777664	[31678440]
[minimap]: num: 30, size: 574400	[31678440]
Load file:texture\ui\minimap\9.tga
width: 12	height: 12	format: 21	mem_size:576
[scene]: num: 39, size: 4059136	[31679016]
[character]: num: -21, size: 0	[31679016]
[item]: num: -6, size: 0	[31679016]
[ui]: num: 58, size: 12956200	[31679016]
[terrain]: num: 50, size: 12849152	[31679016]
[effect]: num: 16, size: 1777664	[31679016]
[minimap]: num: 31, size: 574976	[31679016]
Load file:texture\ui\minimap\10.tga
width: 12	height: 12	format: 21	mem_size:576
[scene]: num: 39, size: 4059136	[31679592]
[character]: num: -21, size: 0	[31679592]
[item]: num: -6, size: 0	[31679592]
[ui]: num: 59, size: 12956776	[31679592]
[terrain]: num: 50, size: 12849152	[31679592]
[effect]: num: 16, size: 1777664	[31679592]
[minimap]: num: 32, size: 575552	[31679592]
Load file:texture\ui\minimap\11.tga
width: 12	height: 12	format: 21	mem_size:576
[scene]: num: 39, size: 4059136	[31680168]
[character]: num: -21, size: 0	[31680168]
[item]: num: -6, size: 0	[31680168]
[ui]: num: 60, size: 12957352	[31680168]
[terrain]: num: 50, size: 12849152	[31680168]
[effect]: num: 16, size: 1777664	[31680168]
[minimap]: num: 33, size: 576128	[31680168]
Load file:texture\ui\minimap\12.tga
width: 12	height: 12	format: 21	mem_size:576
[scene]: num: 39, size: 4059136	[31680744]
[character]: num: -21, size: 0	[31680744]
[item]: num: -6, size: 0	[31680744]
[ui]: num: 61, size: 12957928	[31680744]
[terrain]: num: 50, size: 12849152	[31680744]
[effect]: num: 16, size: 1777664	[31680744]
[minimap]: num: 34, size: 576704	[31680744]
Load file:texture\ui\minimap\13.tga
width: 12	height: 12	format: 21	mem_size:576
[scene]: num: 39, size: 4059136	[31681320]
[character]: num: -21, size: 0	[31681320]
[item]: num: -6, size: 0	[31681320]
[ui]: num: 62, size: 12958504	[31681320]
[terrain]: num: 50, size: 12849152	[31681320]
[effect]: num: 16, size: 1777664	[31681320]
[minimap]: num: 35, size: 577280	[31681320]
Load file:texture\ui\minimap\14.tga
width: 12	height: 12	format: 21	mem_size:576
[scene]: num: 39, size: 4059136	[31681896]
[character]: num: -21, size: 0	[31681896]
[item]: num: -6, size: 0	[31681896]
[ui]: num: 63, size: 12959080	[31681896]
[terrain]: num: 50, size: 12849152	[31681896]
[effect]: num: 16, size: 1777664	[31681896]
[minimap]: num: 36, size: 577856	[31681896]
Load file:texture\ui\minimap\15.tga
width: 12	height: 12	format: 21	mem_size:576
[scene]: num: 39, size: 4059136	[31682472]
[character]: num: -21, size: 0	[31682472]
[item]: num: -6, size: 0	[31682472]
[ui]: num: 64, size: 12959656	[31682472]
[terrain]: num: 50, size: 12849152	[31682472]
[effect]: num: 16, size: 1777664	[31682472]
[minimap]: num: 37, size: 578432	[31682472]
Load file:texture\ui\minimap\arraw.tga
width: 16	height: 16	format: 21	mem_size:1024
[scene]: num: 39, size: 4059136	[31683496]
[character]: num: -21, size: 0	[31683496]
[item]: num: -6, size: 0	[31683496]
[ui]: num: 65, size: 12960680	[31683496]
[terrain]: num: 50, size: 12849152	[31683496]
[effect]: num: 16, size: 1777664	[31683496]
[minimap]: num: 38, size: 579456	[31683496]
Load file:texture\ui\minimap\shop.tga
width: 16	height: 16	format: 21	mem_size:1024
[scene]: num: 39, size: 4059136	[31684520]
[character]: num: -21, size: 0	[31684520]
[item]: num: -6, size: 0	[31684520]
[ui]: num: 66, size: 12961704	[31684520]
[terrain]: num: 50, size: 12849152	[31684520]
[effect]: num: 16, size: 1777664	[31684520]
[minimap]: num: 39, size: 580480	[31684520]
Release file:texture\ui\minimap\mapsea.bmp
width: 64	height: 64	format: 21	mem_size:16384
[scene]: num: 39, size: 4059136	[31668136]
[character]: num: -21, size: 0	[31668136]
[item]: num: -6, size: 0	[31668136]
[ui]: num: 65, size: 12945320	[31668136]
[terrain]: num: 50, size: 12849152	[31668136]
[effect]: num: 16, size: 1777664	[31668136]
[minimap]: num: 38, size: 564096	[31668136]
Release file:texture\ui\minimap\0.tga
width: 16	height: 16	format: 21	mem_size:1024
[scene]: num: 39, size: 4059136	[31667112]
[character]: num: -21, size: 0	[31667112]
[item]: num: -6, size: 0	[31667112]
[ui]: num: 64, size: 12944296	[31667112]
[terrain]: num: 50, size: 12849152	[31667112]
[effect]: num: 16, size: 1777664	[31667112]
[minimap]: num: 37, size: 563072	[31667112]
Release file:texture\ui\minimap\1.tga
width: 12	height: 12	format: 21	mem_size:576
[scene]: num: 39, size: 4059136	[31666536]
[character]: num: -21, size: 0	[31666536]
[item]: num: -6, size: 0	[31666536]
[ui]: num: 63, size: 12943720	[31666536]
[terrain]: num: 50, size: 12849152	[31666536]
[effect]: num: 16, size: 1777664	[31666536]
[minimap]: num: 36, size: 562496	[31666536]
Release file:texture\ui\minimap\2.tga
width: 12	height: 12	format: 21	mem_size:576
[scene]: num: 39, size: 4059136	[31665960]
[character]: num: -21, size: 0	[31665960]
[item]: num: -6, size: 0	[31665960]
[ui]: num: 62, size: 12943144	[31665960]
[terrain]: num: 50, size: 12849152	[31665960]
[effect]: num: 16, size: 1777664	[31665960]
[minimap]: num: 35, size: 561920	[31665960]
Release file:texture\ui\minimap\3.tga
width: 12	height: 12	format: 21	mem_size:576
[scene]: num: 39, size: 4059136	[31665384]
[character]: num: -21, size: 0	[31665384]
[item]: num: -6, size: 0	[31665384]
[ui]: num: 61, size: 12942568	[31665384]
[terrain]: num: 50, size: 12849152	[31665384]
[effect]: num: 16, size: 1777664	[31665384]
[minimap]: num: 34, size: 561344	[31665384]
Release file:texture\ui\minimap\4.tga
width: 12	height: 12	format: 21	mem_size:576
[scene]: num: 39, size: 4059136	[31664808]
[character]: num: -21, size: 0	[31664808]
[item]: num: -6, size: 0	[31664808]
[ui]: num: 60, size: 12941992	[31664808]
[terrain]: num: 50, size: 12849152	[31664808]
[effect]: num: 16, size: 1777664	[31664808]
[minimap]: num: 33, size: 560768	[31664808]
Release file:texture\ui\minimap\5.tga
width: 12	height: 12	format: 21	mem_size:576
[scene]: num: 39, size: 4059136	[31664232]
[character]: num: -21, size: 0	[31664232]
[item]: num: -6, size: 0	[31664232]
[ui]: num: 59, size: 12941416	[31664232]
[terrain]: num: 50, size: 12849152	[31664232]
[effect]: num: 16, size: 1777664	[31664232]
[minimap]: num: 32, size: 560192	[31664232]
Release file:texture\ui\minimap\6.tga
width: 12	height: 12	format: 21	mem_size:576
[scene]: num: 39, size: 4059136	[31663656]
[character]: num: -21, size: 0	[31663656]
[item]: num: -6, size: 0	[31663656]
[ui]: num: 58, size: 12940840	[31663656]
[terrain]: num: 50, size: 12849152	[31663656]
[effect]: num: 16, size: 1777664	[31663656]
[minimap]: num: 31, size: 559616	[31663656]
Release file:texture\ui\minimap\7.tga
width: 12	height: 12	format: 21	mem_size:576
[scene]: num: 39, size: 4059136	[31663080]
[character]: num: -21, size: 0	[31663080]
[item]: num: -6, size: 0	[31663080]
[ui]: num: 57, size: 12940264	[31663080]
[terrain]: num: 50, size: 12849152	[31663080]
[effect]: num: 16, size: 1777664	[31663080]
[minimap]: num: 30, size: 559040	[31663080]
Release file:texture\ui\minimap\8.tga
width: 12	height: 12	format: 21	mem_size:576
[scene]: num: 39, size: 4059136	[31662504]
[character]: num: -21, size: 0	[31662504]
[item]: num: -6, size: 0	[31662504]
[ui]: num: 56, size: 12939688	[31662504]
[terrain]: num: 50, size: 12849152	[31662504]
[effect]: num: 16, size: 1777664	[31662504]
[minimap]: num: 29, size: 558464	[31662504]
Release file:texture\ui\minimap\9.tga
width: 12	height: 12	format: 21	mem_size:576
[scene]: num: 39, size: 4059136	[31661928]
[character]: num: -21, size: 0	[31661928]
[item]: num: -6, size: 0	[31661928]
[ui]: num: 55, size: 12939112	[31661928]
[terrain]: num: 50, size: 12849152	[31661928]
[effect]: num: 16, size: 1777664	[31661928]
[minimap]: num: 28, size: 557888	[31661928]
Release file:texture\ui\minimap\10.tga
width: 12	height: 12	format: 21	mem_size:576
[scene]: num: 39, size: 4059136	[31661352]
[character]: num: -21, size: 0	[31661352]
[item]: num: -6, size: 0	[31661352]
[ui]: num: 54, size: 12938536	[31661352]
[terrain]: num: 50, size: 12849152	[31661352]
[effect]: num: 16, size: 1777664	[31661352]
[minimap]: num: 27, size: 557312	[31661352]
Release file:texture\ui\minimap\11.tga
width: 12	height: 12	format: 21	mem_size:576
[scene]: num: 39, size: 4059136	[31660776]
[character]: num: -21, size: 0	[31660776]
[item]: num: -6, size: 0	[31660776]
[ui]: num: 53, size: 12937960	[31660776]
[terrain]: num: 50, size: 12849152	[31660776]
[effect]: num: 16, size: 1777664	[31660776]
[minimap]: num: 26, size: 556736	[31660776]
Release file:texture\ui\minimap\12.tga
width: 12	height: 12	format: 21	mem_size:576
[scene]: num: 39, size: 4059136	[31660200]
[character]: num: -21, size: 0	[31660200]
[item]: num: -6, size: 0	[31660200]
[ui]: num: 52, size: 12937384	[31660200]
[terrain]: num: 50, size: 12849152	[31660200]
[effect]: num: 16, size: 1777664	[31660200]
[minimap]: num: 25, size: 556160	[31660200]
Release file:texture\ui\minimap\13.tga
width: 12	height: 12	format: 21	mem_size:576
[scene]: num: 39, size: 4059136	[31659624]
[character]: num: -21, size: 0	[31659624]
[item]: num: -6, size: 0	[31659624]
[ui]: num: 51, size: 12936808	[31659624]
[terrain]: num: 50, size: 12849152	[31659624]
[effect]: num: 16, size: 1777664	[31659624]
[minimap]: num: 24, size: 555584	[31659624]
Release file:texture\ui\minimap\14.tga
width: 12	height: 12	format: 21	mem_size:576
[scene]: num: 39, size: 4059136	[31659048]
[character]: num: -21, size: 0	[31659048]
[item]: num: -6, size: 0	[31659048]
[ui]: num: 50, size: 12936232	[31659048]
[terrain]: num: 50, size: 12849152	[31659048]
[effect]: num: 16, size: 1777664	[31659048]
[minimap]: num: 23, size: 555008	[31659048]
Release file:texture\ui\minimap\15.tga
width: 12	height: 12	format: 21	mem_size:576
[scene]: num: 39, size: 4059136	[31658472]
[character]: num: -21, size: 0	[31658472]
[item]: num: -6, size: 0	[31658472]
[ui]: num: 49, size: 12935656	[31658472]
[terrain]: num: 50, size: 12849152	[31658472]
[effect]: num: 16, size: 1777664	[31658472]
[minimap]: num: 22, size: 554432	[31658472]
Release file:texture\ui\minimap\arraw.tga
width: 16	height: 16	format: 21	mem_size:1024
[scene]: num: 39, size: 4059136	[31657448]
[character]: num: -21, size: 0	[31657448]
[item]: num: -6, size: 0	[31657448]
[ui]: num: 48, size: 12934632	[31657448]
[terrain]: num: 50, size: 12849152	[31657448]
[effect]: num: 16, size: 1777664	[31657448]
[minimap]: num: 21, size: 553408	[31657448]
Release file:texture\ui\minimap\shop.tga
width: 16	height: 16	format: 21	mem_size:1024
[scene]: num: 39, size: 4059136	[31656424]
[character]: num: -21, size: 0	[31656424]
[item]: num: -6, size: 0	[31656424]
[ui]: num: 47, size: 12933608	[31656424]
[terrain]: num: 50, size: 12849152	[31656424]
[effect]: num: 16, size: 1777664	[31656424]
[minimap]: num: 20, size: 552384	[31656424]
Load file:texture\ui\minimap\mapsea.bmp
width: 64	height: 64	format: 21	mem_size:16384
[scene]: num: 39, size: 4059136	[31672808]
[character]: num: -21, size: 0	[31672808]
[item]: num: -6, size: 0	[31672808]
[ui]: num: 48, size: 12949992	[31672808]
[terrain]: num: 50, size: 12849152	[31672808]
[effect]: num: 16, size: 1777664	[31672808]
[minimap]: num: 21, size: 568768	[31672808]
Load file:texture\ui\minimap\0.tga
width: 16	height: 16	format: 21	mem_size:1024
[scene]: num: 39, size: 4059136	[31673832]
[character]: num: -21, size: 0	[31673832]
[item]: num: -6, size: 0	[31673832]
[ui]: num: 49, size: 12951016	[31673832]
[terrain]: num: 50, size: 12849152	[31673832]
[effect]: num: 16, size: 1777664	[31673832]
[minimap]: num: 22, size: 569792	[31673832]
Load file:texture\ui\minimap\1.tga
width: 12	height: 12	format: 21	mem_size:576
[scene]: num: 39, size: 4059136	[31674408]
[character]: num: -21, size: 0	[31674408]
[item]: num: -6, size: 0	[31674408]
[ui]: num: 50, size: 12951592	[31674408]
[terrain]: num: 50, size: 12849152	[31674408]
[effect]: num: 16, size: 1777664	[31674408]
[minimap]: num: 23, size: 570368	[31674408]
Load file:texture\ui\minimap\2.tga
width: 12	height: 12	format: 21	mem_size:576
[scene]: num: 39, size: 4059136	[31674984]
[character]: num: -21, size: 0	[31674984]
[item]: num: -6, size: 0	[31674984]
[ui]: num: 51, size: 12952168	[31674984]
[terrain]: num: 50, size: 12849152	[31674984]
[effect]: num: 16, size: 1777664	[31674984]
[minimap]: num: 24, size: 570944	[31674984]
Load file:texture\ui\minimap\3.tga
width: 12	height: 12	format: 21	mem_size:576
[scene]: num: 39, size: 4059136	[31675560]
[character]: num: -21, size: 0	[31675560]
[item]: num: -6, size: 0	[31675560]
[ui]: num: 52, size: 12952744	[31675560]
[terrain]: num: 50, size: 12849152	[31675560]
[effect]: num: 16, size: 1777664	[31675560]
[minimap]: num: 25, size: 571520	[31675560]
Load file:texture\ui\minimap\4.tga
width: 12	height: 12	format: 21	mem_size:576
[scene]: num: 39, size: 4059136	[31676136]
[character]: num: -21, size: 0	[31676136]
[item]: num: -6, size: 0	[31676136]
[ui]: num: 53, size: 12953320	[31676136]
[terrain]: num: 50, size: 12849152	[31676136]
[effect]: num: 16, size: 1777664	[31676136]
[minimap]: num: 26, size: 572096	[31676136]
Load file:texture\ui\minimap\5.tga
width: 12	height: 12	format: 21	mem_size:576
[scene]: num: 39, size: 4059136	[31676712]
[character]: num: -21, size: 0	[31676712]
[item]: num: -6, size: 0	[31676712]
[ui]: num: 54, size: 12953896	[31676712]
[terrain]: num: 50, size: 12849152	[31676712]
[effect]: num: 16, size: 1777664	[31676712]
[minimap]: num: 27, size: 572672	[31676712]
Load file:texture\ui\minimap\6.tga
width: 12	height: 12	format: 21	mem_size:576
[scene]: num: 39, size: 4059136	[31677288]
[character]: num: -21, size: 0	[31677288]
[item]: num: -6, size: 0	[31677288]
[ui]: num: 55, size: 12954472	[31677288]
[terrain]: num: 50, size: 12849152	[31677288]
[effect]: num: 16, size: 1777664	[31677288]
[minimap]: num: 28, size: 573248	[31677288]
Load file:texture\ui\minimap\7.tga
width: 12	height: 12	format: 21	mem_size:576
[scene]: num: 39, size: 4059136	[31677864]
[character]: num: -21, size: 0	[31677864]
[item]: num: -6, size: 0	[31677864]
[ui]: num: 56, size: 12955048	[31677864]
[terrain]: num: 50, size: 12849152	[31677864]
[effect]: num: 16, size: 1777664	[31677864]
[minimap]: num: 29, size: 573824	[31677864]
Load file:texture\ui\minimap\8.tga
width: 12	height: 12	format: 21	mem_size:576
[scene]: num: 39, size: 4059136	[31678440]
[character]: num: -21, size: 0	[31678440]
[item]: num: -6, size: 0	[31678440]
[ui]: num: 57, size: 12955624	[31678440]
[terrain]: num: 50, size: 12849152	[31678440]
[effect]: num: 16, size: 1777664	[31678440]
[minimap]: num: 30, size: 574400	[31678440]
Load file:texture\ui\minimap\9.tga
width: 12	height: 12	format: 21	mem_size:576
[scene]: num: 39, size: 4059136	[31679016]
[character]: num: -21, size: 0	[31679016]
[item]: num: -6, size: 0	[31679016]
[ui]: num: 58, size: 12956200	[31679016]
[terrain]: num: 50, size: 12849152	[31679016]
[effect]: num: 16, size: 1777664	[31679016]
[minimap]: num: 31, size: 574976	[31679016]
Load file:texture\ui\minimap\10.tga
width: 12	height: 12	format: 21	mem_size:576
[scene]: num: 39, size: 4059136	[31679592]
[character]: num: -21, size: 0	[31679592]
[item]: num: -6, size: 0	[31679592]
[ui]: num: 59, size: 12956776	[31679592]
[terrain]: num: 50, size: 12849152	[31679592]
[effect]: num: 16, size: 1777664	[31679592]
[minimap]: num: 32, size: 575552	[31679592]
Load file:texture\ui\minimap\11.tga
width: 12	height: 12	format: 21	mem_size:576
[scene]: num: 39, size: 4059136	[31680168]
[character]: num: -21, size: 0	[31680168]
[item]: num: -6, size: 0	[31680168]
[ui]: num: 60, size: 12957352	[31680168]
[terrain]: num: 50, size: 12849152	[31680168]
[effect]: num: 16, size: 1777664	[31680168]
[minimap]: num: 33, size: 576128	[31680168]
Load file:texture\ui\minimap\12.tga
width: 12	height: 12	format: 21	mem_size:576
[scene]: num: 39, size: 4059136	[31680744]
[character]: num: -21, size: 0	[31680744]
[item]: num: -6, size: 0	[31680744]
[ui]: num: 61, size: 12957928	[31680744]
[terrain]: num: 50, size: 12849152	[31680744]
[effect]: num: 16, size: 1777664	[31680744]
[minimap]: num: 34, size: 576704	[31680744]
Load file:texture\ui\minimap\13.tga
width: 12	height: 12	format: 21	mem_size:576
[scene]: num: 39, size: 4059136	[31681320]
[character]: num: -21, size: 0	[31681320]
[item]: num: -6, size: 0	[31681320]
[ui]: num: 62, size: 12958504	[31681320]
[terrain]: num: 50, size: 12849152	[31681320]
[effect]: num: 16, size: 1777664	[31681320]
[minimap]: num: 35, size: 577280	[31681320]
Load file:texture\ui\minimap\14.tga
width: 12	height: 12	format: 21	mem_size:576
[scene]: num: 39, size: 4059136	[31681896]
[character]: num: -21, size: 0	[31681896]
[item]: num: -6, size: 0	[31681896]
[ui]: num: 63, size: 12959080	[31681896]
[terrain]: num: 50, size: 12849152	[31681896]
[effect]: num: 16, size: 1777664	[31681896]
[minimap]: num: 36, size: 577856	[31681896]
Load file:texture\ui\minimap\15.tga
width: 12	height: 12	format: 21	mem_size:576
[scene]: num: 39, size: 4059136	[31682472]
[character]: num: -21, size: 0	[31682472]
[item]: num: -6, size: 0	[31682472]
[ui]: num: 64, size: 12959656	[31682472]
[terrain]: num: 50, size: 12849152	[31682472]
[effect]: num: 16, size: 1777664	[31682472]
[minimap]: num: 37, size: 578432	[31682472]
Load file:texture\ui\minimap\arraw.tga
width: 16	height: 16	format: 21	mem_size:1024
[scene]: num: 39, size: 4059136	[31683496]
[character]: num: -21, size: 0	[31683496]
[item]: num: -6, size: 0	[31683496]
[ui]: num: 65, size: 12960680	[31683496]
[terrain]: num: 50, size: 12849152	[31683496]
[effect]: num: 16, size: 1777664	[31683496]
[minimap]: num: 38, size: 579456	[31683496]
Load file:texture\ui\minimap\shop.tga
width: 16	height: 16	format: 21	mem_size:1024
[scene]: num: 39, size: 4059136	[31684520]
[character]: num: -21, size: 0	[31684520]
[item]: num: -6, size: 0	[31684520]
[ui]: num: 66, size: 12961704	[31684520]
[terrain]: num: 50, size: 12849152	[31684520]
[effect]: num: 16, size: 1777664	[31684520]
[minimap]: num: 39, size: 580480	[31684520]
Load file:texture\effect\vipneck.tga
width: 128	height: 128	format: 21	mem_size:65536
[scene]: num: 39, size: 4059136	[31750056]
[character]: num: -21, size: 0	[31750056]
[item]: num: -6, size: 0	[31750056]
[ui]: num: 66, size: 12961704	[31750056]
[terrain]: num: 50, size: 12849152	[31750056]
[effect]: num: 17, size: 1843200	[31750056]
[minimap]: num: 39, size: 580480	[31750056]
Load file:texture\effect\fx_m_t0085.tga
width: 64	height: 64	format: 21	mem_size:16384
[scene]: num: 39, size: 4059136	[31766440]
[character]: num: -21, size: 0	[31766440]
[item]: num: -6, size: 0	[31766440]
[ui]: num: 66, size: 12961704	[31766440]
[terrain]: num: 50, size: 12849152	[31766440]
[effect]: num: 18, size: 1859584	[31766440]
[minimap]: num: 39, size: 580480	[31766440]
Load file:texture/ui/custom/colourpreview.png
width: 50	height: 21	format: 21	mem_size:4200
[scene]: num: 39, size: 4059136	[31770640]
[character]: num: -21, size: 0	[31770640]
[item]: num: -6, size: 0	[31770640]
[ui]: num: 67, size: 12965904	[31770640]
[terrain]: num: 50, size: 12849152	[31770640]
[effect]: num: 18, size: 1859584	[31770640]
[minimap]: num: 39, size: 580480	[31770640]
Load file:texture/icon/1dayvip.png
width: 32	height: 32	format: 21	mem_size:4096
[scene]: num: 39, size: 4059136	[31774736]
[character]: num: -21, size: 0	[31774736]
[item]: num: -6, size: 0	[31774736]
[ui]: num: 67, size: 12965904	[31774736]
[terrain]: num: 50, size: 12849152	[31774736]
[effect]: num: 18, size: 1859584	[31774736]
[minimap]: num: 39, size: 580480	[31774736]
Load file:User tex
width: 64	height: 64	format: 21	mem_size:16384
[scene]: num: 39, size: 4059136	[31791120]
[character]: num: -21, size: 0	[31791120]
[item]: num: -6, size: 0	[31791120]
[ui]: num: 67, size: 12965904	[31791120]
[terrain]: num: 50, size: 12849152	[31791120]
[effect]: num: 18, size: 1859584	[31791120]
[minimap]: num: 39, size: 580480	[31791120]
Load file:User tex
width: 64	height: 64	format: 21	mem_size:16384
[scene]: num: 39, size: 4059136	[31807504]
[character]: num: -21, size: 0	[31807504]
[item]: num: -6, size: 0	[31807504]
[ui]: num: 67, size: 12965904	[31807504]
[terrain]: num: 50, size: 12849152	[31807504]
[effect]: num: 18, size: 1859584	[31807504]
[minimap]: num: 39, size: 580480	[31807504]
Load file:User tex
width: 64	height: 64	format: 21	mem_size:16384
[scene]: num: 39, size: 4059136	[31823888]
[character]: num: -21, size: 0	[31823888]
[item]: num: -6, size: 0	[31823888]
[ui]: num: 67, size: 12965904	[31823888]
[terrain]: num: 50, size: 12849152	[31823888]
[effect]: num: 18, size: 1859584	[31823888]
[minimap]: num: 39, size: 580480	[31823888]
Load file:User tex
width: 64	height: 64	format: 21	mem_size:16384
[scene]: num: 39, size: 4059136	[31840272]
[character]: num: -21, size: 0	[31840272]
[item]: num: -6, size: 0	[31840272]
[ui]: num: 67, size: 12965904	[31840272]
[terrain]: num: 50, size: 12849152	[31840272]
[effect]: num: 18, size: 1859584	[31840272]
[minimap]: num: 39, size: 580480	[31840272]
Load file:User tex
width: 64	height: 64	format: 21	mem_size:16384
[scene]: num: 39, size: 4059136	[31856656]
[character]: num: -21, size: 0	[31856656]
[item]: num: -6, size: 0	[31856656]
[ui]: num: 67, size: 12965904	[31856656]
[terrain]: num: 50, size: 12849152	[31856656]
[effect]: num: 18, size: 1859584	[31856656]
[minimap]: num: 39, size: 580480	[31856656]
Load file:User tex
width: 64	height: 64	format: 21	mem_size:16384
[scene]: num: 39, size: 4059136	[31873040]
[character]: num: -21, size: 0	[31873040]
[item]: num: -6, size: 0	[31873040]
[ui]: num: 67, size: 12965904	[31873040]
[terrain]: num: 50, size: 12849152	[31873040]
[effect]: num: 18, size: 1859584	[31873040]
[minimap]: num: 39, size: 580480	[31873040]
Load file:User tex
width: 64	height: 64	format: 21	mem_size:16384
[scene]: num: 39, size: 4059136	[31889424]
[character]: num: -21, size: 0	[31889424]
[item]: num: -6, size: 0	[31889424]
[ui]: num: 67, size: 12965904	[31889424]
[terrain]: num: 50, size: 12849152	[31889424]
[effect]: num: 18, size: 1859584	[31889424]
[minimap]: num: 39, size: 580480	[31889424]
Load file:User tex
width: 64	height: 64	format: 21	mem_size:16384
[scene]: num: 39, size: 4059136	[31905808]
[character]: num: -21, size: 0	[31905808]
[item]: num: -6, size: 0	[31905808]
[ui]: num: 67, size: 12965904	[31905808]
[terrain]: num: 50, size: 12849152	[31905808]
[effect]: num: 18, size: 1859584	[31905808]
[minimap]: num: 39, size: 580480	[31905808]
Load file:User tex
width: 64	height: 64	format: 21	mem_size:16384
[scene]: num: 39, size: 4059136	[31922192]
[character]: num: -21, size: 0	[31922192]
[item]: num: -6, size: 0	[31922192]
[ui]: num: 67, size: 12965904	[31922192]
[terrain]: num: 50, size: 12849152	[31922192]
[effect]: num: 18, size: 1859584	[31922192]
[minimap]: num: 39, size: 580480	[31922192]
Load file:.\texture\scene\010005.dds
width: 256	height: 256	format: 21	mem_size:32768
Load file:.\texture\scene\010005.dds
width: 256	height: 256	format: 21	mem_size:32768
[scene]: num: 40, size: 4091904	[31987728]
[character]: num: -21, size: 0	[31987728]
[item]: num: -6, size: 0	[31987728]
[ui]: num: 67, size: 12965904	[31987728]
[scene]: num: 41, size: 4124672	[31987728]
[terrain]: num: 50, size: 12849152	[31987728]
[character]: num: -21, size: 0	[31987728]
[effect]: num: 18, size: 1859584	[31987728]
[item]: num: -6, size: 0	[31987728]
[minimap]: num: 39, size: 580480	[31987728]
[ui]: num: 67, size: 12965904	[31987728]
[terrain]: num: 50, size: 12849152	[31987728]
[effect]: num: 18, size: 1859584	[31987728]
[minimap]: num: 39, size: 580480	[31987728]
Load file:.\texture\scene\010270.dds
width: 256	height: 256	format: 21	mem_size:32768
[scene]: num: 42, size: 4157440	[32020496]
[character]: num: -21, size: 0	[32020496]
[item]: num: -6, size: 0	[32020496]
[ui]: num: 67, size: 12965904	[32020496]
[terrain]: num: 50, size: 12849152	[32020496]
[effect]: num: 18, size: 1859584	[32020496]
[minimap]: num: 39, size: 580480	[32020496]
Load file:.\texture\scene\010267.dds
width: 256	height: 256	format: 21	mem_size:32768
[scene]: num: 43, size: 4190208	[32053264]
[character]: num: -21, size: 0	[32053264]
[item]: num: -6, size: 0	[32053264]
[ui]: num: 67, size: 12965904	[32053264]
[terrain]: num: 50, size: 12849152	[32053264]
[effect]: num: 18, size: 1859584	[32053264]
[minimap]: num: 39, size: 580480	[32053264]
Load file:.\texture\scene\010267.dds
width: 256	height: 256	format: 21	mem_size:32768
[scene]: num: 44, size: 4222976	[32086032]
[character]: num: -21, size: 0	[32086032]
[item]: num: -6, size: 0	[32086032]
[ui]: num: 67, size: 12965904	[32086032]
[terrain]: num: 50, size: 12849152	[32086032]
[effect]: num: 18, size: 1859584	[32086032]
[minimap]: num: 39, size: 580480	[32086032]
Load file:.\texture\scene\020064.dds
width: 128	height: 128	format: 21	mem_size:8192
Load file:.\texture\scene\020028.dds
width: 128	height: 128	format: 21	mem_size:16384
[scene]: num: 45, size: 4239360	[32110608]
[scene]: num: 45, size: 4231168	[32110608]
[character]: num: -21, size: 0	[32110608]
[character]: num: -21, size: 0	[32110608]
[item]: num: -6, size: 0	[32110608]
[item]: num: -6, size: 0	[32110608]
[ui]: num: 67, size: 12965904	[32110608]
[ui]: num: 67, size: 12965904	[32110608]
[terrain]: num: 50, size: 12849152	[32110608]
[terrain]: num: 50, size: 12849152	[32110608]
[effect]: num: 18, size: 1859584	[32110608]
[effect]: num: 18, size: 1859584	[32110608]
[minimap]: num: 39, size: 580480	[32110608]
[minimap]: num: 39, size: 580480	[32110608]
Load file:.\texture\scene\020013.dds
width: 256	height: 64	format: 21	mem_size:8192
[scene]: num: 46, size: 4247552	[32118800]
[character]: num: -21, size: 0	[32118800]
[item]: num: -6, size: 0	[32118800]
[ui]: num: 67, size: 12965904	[32118800]
[terrain]: num: 50, size: 12849152	[32118800]
[effect]: num: 18, size: 1859584	[32118800]
[minimap]: num: 39, size: 580480	[32118800]
Load file:.\texture\scene\020095.dds
width: 256	height: 256	format: 21	mem_size:65536
[scene]: num: 47, size: 4313088	[32184336]
[character]: num: -21, size: 0	[32184336]
[item]: num: -6, size: 0	[32184336]
[ui]: num: 67, size: 12965904	[32184336]
[terrain]: num: 50, size: 12849152	[32184336]
[effect]: num: 18, size: 1859584	[32184336]
[minimap]: num: 39, size: 580480	[32184336]
Load file:.\texture\scene\020034.dds
width: 256	height: 256	format: 21	mem_size:262144
[scene]: num: 48, size: 4575232	[32446480]
[character]: num: -21, size: 0	[32446480]
[item]: num: -6, size: 0	[32446480]
[ui]: num: 67, size: 12965904	[32446480]
[terrain]: num: 50, size: 12849152	[32446480]
[effect]: num: 18, size: 1859584	[32446480]
[minimap]: num: 39, size: 580480	[32446480]
Load file:.\texture\scene\020040.dds
width: 256	height: 256	format: 21	mem_size:262144
[scene]: num: 49, size: 4837376	[32708624]
[character]: num: -21, size: 0	[32708624]
[item]: num: -6, size: 0	[32708624]
[ui]: num: 67, size: 12965904	[32708624]
[terrain]: num: 50, size: 12849152	[32708624]
[effect]: num: 18, size: 1859584	[32708624]
[minimap]: num: 39, size: 580480	[32708624]
Load file:.\texture\scene\020257.dds
width: 256	height: 256	format: 21	mem_size:65536
[scene]: num: 50, size: 4902912	[32774160]
[character]: num: -21, size: 0	[32774160]
[item]: num: -6, size: 0	[32774160]
[ui]: num: 67, size: 12965904	[32774160]
[terrain]: num: 50, size: 12849152	[32774160]
[effect]: num: 18, size: 1859584	[32774160]
[minimap]: num: 39, size: 580480	[32774160]
Load file:.\texture\scene\020257.dds
width: 256	height: 256	format: 21	mem_size:65536
[scene]: num: 51, size: 4968448	[32839696]
[character]: num: -21, size: 0	[32839696]
[item]: num: -6, size: 0	[32839696]
[ui]: num: 67, size: 12965904	[32839696]
[terrain]: num: 50, size: 12849152	[32839696]
[effect]: num: 18, size: 1859584	[32839696]
[minimap]: num: 39, size: 580480	[32839696]
Load file:.\texture\scene\020095.dds
width: 256	height: 256	format: 21	mem_size:65536
[scene]: num: 52, size: 5033984	[32905232]
[character]: num: -21, size: 0	[32905232]
[item]: num: -6, size: 0	[32905232]
[ui]: num: 67, size: 12965904	[32905232]
[terrain]: num: 50, size: 12849152	[32905232]
[effect]: num: 18, size: 1859584	[32905232]
[minimap]: num: 39, size: 580480	[32905232]
Load file:.\texture\scene\020027.dds
width: 256	height: 256	format: 21	mem_size:262144
[scene]: num: 53, size: 5296128	[33167376]
[character]: num: -21, size: 0	[33167376]
[item]: num: -6, size: 0	[33167376]
[ui]: num: 67, size: 12965904	[33167376]
[terrain]: num: 50, size: 12849152	[33167376]
[effect]: num: 18, size: 1859584	[33167376]
[minimap]: num: 39, size: 580480	[33167376]
Load file:.\texture\scene\020027.dds
width: 256	height: 256	format: 21	mem_size:262144
[scene]: num: 54, size: 5558272	[33429520]
[character]: num: -21, size: 0	[33429520]
[item]: num: -6, size: 0	[33429520]
[ui]: num: 67, size: 12965904	[33429520]
[terrain]: num: 50, size: 12849152	[33429520]
[effect]: num: 18, size: 1859584	[33429520]
[minimap]: num: 39, size: 580480	[33429520]
Load file:.\texture\character\0011000000.bmp
width: 128	height: 128	format: 21	mem_size:65536
[scene]: num: 54, size: 5558272	[33495056]
[character]: num: -20, size: 65536	[33495056]
[item]: num: -6, size: 0	[33495056]
[ui]: num: 67, size: 12965904	[33495056]
[terrain]: num: 50, size: 12849152	[33495056]
[effect]: num: 18, size: 1859584	[33495056]
[minimap]: num: 39, size: 580480	[33495056]
Load file:.\texture\scene\010269.dds
width: 128	height: 64	format: 21	mem_size:4096
[scene]: num: 55, size: 5562368	[33499152]
[character]: num: -20, size: 65536	[33499152]
[item]: num: -6, size: 0	[33499152]
[ui]: num: 67, size: 12965904	[33499152]
[terrain]: num: 50, size: 12849152	[33499152]
[effect]: num: 18, size: 1859584	[33499152]
[minimap]: num: 39, size: 580480	[33499152]
Load file:.\texture\character\0209000000.bmp
width: 256	height: 256	format: 21	mem_size:262144
[scene]: num: 55, size: 5562368	[33761296]
[character]: num: -19, size: 327680	[33761296]
[item]: num: -6, size: 0	[33761296]
[ui]: num: 67, size: 12965904	[33761296]
[terrain]: num: 50, size: 12849152	[33761296]
[effect]: num: 18, size: 1859584	[33761296]
[minimap]: num: 39, size: 580480	[33761296]
Load file:.\texture\scene\010004.dds
width: 256	height: 256	format: 21	mem_size:32768
[scene]: num: 56, size: 5595136	[33794064]
[character]: num: -19, size: 327680	[33794064]
[item]: num: -6, size: 0	[33794064]
[ui]: num: 67, size: 12965904	[33794064]
[terrain]: num: 50, size: 12849152	[33794064]
[effect]: num: 18, size: 1859584	[33794064]
[minimap]: num: 39, size: 580480	[33794064]
Load file:.\texture\character\0097000000.bmp
width: 128	height: 128	format: 21	mem_size:65536
[scene]: num: 56, size: 5595136	[33859600]
[character]: num: -18, size: 393216	[33859600]
[item]: num: -6, size: 0	[33859600]
[ui]: num: 67, size: 12965904	[33859600]
[terrain]: num: 50, size: 12849152	[33859600]
[effect]: num: 18, size: 1859584	[33859600]
[minimap]: num: 39, size: 580480	[33859600]
Load file:.\texture\character\0123000000.bmp
width: 256	height: 256	format: 21	mem_size:262144
[scene]: num: 56, size: 5595136	[34121744]
[character]: num: -17, size: 655360	[34121744]
[item]: num: -6, size: 0	[34121744]
[ui]: num: 67, size: 12965904	[34121744]
[terrain]: num: 50, size: 12849152	[34121744]
[effect]: num: 18, size: 1859584	[34121744]
[minimap]: num: 39, size: 580480	[34121744]
Load file:.\texture\character\0055000000.bmp
width: 128	height: 128	format: 21	mem_size:65536
[scene]: num: 56, size: 5595136	[34187280]
[character]: num: -16, size: 720896	[34187280]
[item]: num: -6, size: 0	[34187280]
[ui]: num: 67, size: 12965904	[34187280]
[terrain]: num: 50, size: 12849152	[34187280]
[effect]: num: 18, size: 1859584	[34187280]
[minimap]: num: 39, size: 580480	[34187280]
Load file:.\texture\character\0057000000.bmp
width: 128	height: 128	format: 21	mem_size:65536
[scene]: num: 56, size: 5595136	[34252816]
[character]: num: -15, size: 786432	[34252816]
[item]: num: -6, size: 0	[34252816]
[ui]: num: 67, size: 12965904	[34252816]
[terrain]: num: 50, size: 12849152	[34252816]
[effect]: num: 18, size: 1859584	[34252816]
[minimap]: num: 39, size: 580480	[34252816]
Load file:.\texture\character\0000000000.bmp
width: 64	height: 64	format: 21	mem_size:16384
[scene]: num: 56, size: 5595136	[34269200]
[character]: num: -14, size: 802816	[34269200]
[item]: num: -6, size: 0	[34269200]
[ui]: num: 67, size: 12965904	[34269200]
[terrain]: num: 50, size: 12849152	[34269200]
[effect]: num: 18, size: 1859584	[34269200]
[minimap]: num: 39, size: 580480	[34269200]
Load file:.\texture\character\grim920001.bmp
width: 256	height: 256	format: 21	mem_size:262144
[scene]: num: 56, size: 5595136	[34531344]
[character]: num: -13, size: 1064960	[34531344]
[item]: num: -6, size: 0	[34531344]
[ui]: num: 67, size: 12965904	[34531344]
[terrain]: num: 50, size: 12849152	[34531344]
[effect]: num: 18, size: 1859584	[34531344]
[minimap]: num: 39, size: 580480	[34531344]
Load file:.\texture\character\grim610003.bmp
width: 128	height: 128	format: 21	mem_size:65536
[scene]: num: 56, size: 5595136	[34596880]
[character]: num: -12, size: 1130496	[34596880]
[item]: num: -6, size: 0	[34596880]
[ui]: num: 67, size: 12965904	[34596880]
[terrain]: num: 50, size: 12849152	[34596880]
[effect]: num: 18, size: 1859584	[34596880]
[minimap]: num: 39, size: 580480	[34596880]
Load file:.\texture\character\grim610004.bmp
width: 64	height: 64	format: 21	mem_size:16384
[scene]: num: 56, size: 5595136	[34613264]
[character]: num: -11, size: 1146880	[34613264]
[item]: num: -6, size: 0	[34613264]
[ui]: num: 67, size: 12965904	[34613264]
[terrain]: num: 50, size: 12849152	[34613264]
[effect]: num: 18, size: 1859584	[34613264]
[minimap]: num: 39, size: 580480	[34613264]
Load file:.\texture\character\grim610002.bmp
width: 256	height: 256	format: 21	mem_size:262144
[scene]: num: 56, size: 5595136	[34875408]
[character]: num: -10, size: 1409024	[34875408]
[item]: num: -6, size: 0	[34875408]
[ui]: num: 67, size: 12965904	[34875408]
[terrain]: num: 50, size: 12849152	[34875408]
[effect]: num: 18, size: 1859584	[34875408]
[minimap]: num: 39, size: 580480	[34875408]
Load file:.\texture\item\sighgreen.BMP
width: 64	height: 64	format: 21	mem_size:16384
[scene]: num: 56, size: 5595136	[34891792]
[character]: num: -10, size: 1409024	[34891792]
[item]: num: -5, size: 16384	[34891792]
[ui]: num: 67, size: 12965904	[34891792]
[terrain]: num: 50, size: 12849152	[34891792]
[effect]: num: 18, size: 1859584	[34891792]
[minimap]: num: 39, size: 580480	[34891792]
Load file:.\texture\item\sighgreen.BMP
width: 64	height: 64	format: 21	mem_size:16384
[scene]: num: 56, size: 5595136	[34908176]
[character]: num: -10, size: 1409024	[34908176]
[item]: num: -4, size: 32768	[34908176]
[ui]: num: 67, size: 12965904	[34908176]
[terrain]: num: 50, size: 12849152	[34908176]
[effect]: num: 18, size: 1859584	[34908176]
[minimap]: num: 39, size: 580480	[34908176]
Load file:.\texture\item\gm.bmp
width: 64	height: 64	format: 21	mem_size:16384
[scene]: num: 56, size: 5595136	[34924560]
[character]: num: -10, size: 1409024	[34924560]
[item]: num: -3, size: 49152	[34924560]
[ui]: num: 67, size: 12965904	[34924560]
[terrain]: num: 50, size: 12849152	[34924560]
[effect]: num: 18, size: 1859584	[34924560]
[minimap]: num: 39, size: 580480	[34924560]
Load file:.\texture\scene\020172.dds
width: 256	height: 256	format: 21	mem_size:32768
[scene]: num: 57, size: 5627904	[34957328]
[character]: num: -10, size: 1409024	[34957328]
[item]: num: -3, size: 49152	[34957328]
[ui]: num: 67, size: 12965904	[34957328]
[terrain]: num: 50, size: 12849152	[34957328]
[effect]: num: 18, size: 1859584	[34957328]
[minimap]: num: 39, size: 580480	[34957328]
Load file:.\texture\scene\020163.dds
width: 256	height: 256	format: 21	mem_size:65536
[scene]: num: 58, size: 5693440	[35022864]
[character]: num: -10, size: 1409024	[35022864]
[item]: num: -3, size: 49152	[35022864]
[ui]: num: 67, size: 12965904	[35022864]
[terrain]: num: 50, size: 12849152	[35022864]
[effect]: num: 18, size: 1859584	[35022864]
[minimap]: num: 39, size: 580480	[35022864]
Load file:.\texture\scene\020163.dds
width: 256	height: 256	format: 21	mem_size:65536
[scene]: num: 59, size: 5758976	[35088400]
[character]: num: -10, size: 1409024	[35088400]
[item]: num: -3, size: 49152	[35088400]
[ui]: num: 67, size: 12965904	[35088400]
[terrain]: num: 50, size: 12849152	[35088400]
[effect]: num: 18, size: 1859584	[35088400]
[minimap]: num: 39, size: 580480	[35088400]
Load file:.\texture\scene\010270.dds
width: 256	height: 256	format: 21	mem_size:32768
[scene]: num: 60, size: 5791744	[35121168]
[character]: num: -10, size: 1409024	[35121168]
[item]: num: -3, size: 49152	[35121168]
[ui]: num: 67, size: 12965904	[35121168]
[terrain]: num: 50, size: 12849152	[35121168]
[effect]: num: 18, size: 1859584	[35121168]
[minimap]: num: 39, size: 580480	[35121168]
Load file:.\texture\scene\010270.dds
width: 256	height: 256	format: 21	mem_size:32768
[scene]: num: 61, size: 5824512	[35153936]
[character]: num: -10, size: 1409024	[35153936]
[item]: num: -3, size: 49152	[35153936]
[ui]: num: 67, size: 12965904	[35153936]
[terrain]: num: 50, size: 12849152	[35153936]
[effect]: num: 18, size: 1859584	[35153936]
[minimap]: num: 39, size: 580480	[35153936]
Load file:.\texture\scene\010270.dds
width: 256	height: 256	format: 21	mem_size:32768
[scene]: num: 62, size: 5857280	[35186704]
[character]: num: -10, size: 1409024	[35186704]
[item]: num: -3, size: 49152	[35186704]
[ui]: num: 67, size: 12965904	[35186704]
[terrain]: num: 50, size: 12849152	[35186704]
[effect]: num: 18, size: 1859584	[35186704]
[minimap]: num: 39, size: 580480	[35186704]
Load file:.\texture\item\grim0027.bmp
width: 256	height: 256	format: 21	mem_size:262144
[scene]: num: 62, size: 5857280	[35448848]
[character]: num: -10, size: 1409024	[35448848]
[item]: num: -2, size: 311296	[35448848]
[ui]: num: 67, size: 12965904	[35448848]
[terrain]: num: 50, size: 12849152	[35448848]
[effect]: num: 18, size: 1859584	[35448848]
[minimap]: num: 39, size: 580480	[35448848]
Load file:.\texture\item\grim0027.bmp
width: 256	height: 256	format: 21	mem_size:262144
[scene]: num: 62, size: 5857280	[35710992]
[character]: num: -10, size: 1409024	[35710992]
[item]: num: -1, size: 573440	[35710992]
[ui]: num: 67, size: 12965904	[35710992]
[terrain]: num: 50, size: 12849152	[35710992]
[effect]: num: 18, size: 1859584	[35710992]
[minimap]: num: 39, size: 580480	[35710992]
Load file:.\texture\scene\010270.dds
width: 256	height: 256	format: 21	mem_size:32768
[scene]: num: 63, size: 5890048	[35743760]
[character]: num: -10, size: 1409024	[35743760]
[item]: num: -1, size: 573440	[35743760]
[ui]: num: 67, size: 12965904	[35743760]
[terrain]: num: 50, size: 12849152	[35743760]
[effect]: num: 18, size: 1859584	[35743760]
[minimap]: num: 39, size: 580480	[35743760]
Load file:.\texture\scene\020137.dds
width: 256	height: 256	format: 21	mem_size:65536
[scene]: num: 64, size: 5955584	[35809296]
[character]: num: -10, size: 1409024	[35809296]
[item]: num: -1, size: 573440	[35809296]
[ui]: num: 67, size: 12965904	[35809296]
[terrain]: num: 50, size: 12849152	[35809296]
[effect]: num: 18, size: 1859584	[35809296]
[minimap]: num: 39, size: 580480	[35809296]
Load file:texture/ui/ui2/inventar.png
width: 660	height: 690	format: 21	mem_size:1821600
[scene]: num: 64, size: 5955584	[37630896]
[character]: num: -10, size: 1409024	[37630896]
[item]: num: -1, size: 573440	[37630896]
[ui]: num: 68, size: 14787504	[37630896]
[terrain]: num: 50, size: 12849152	[37630896]
[effect]: num: 18, size: 1859584	[37630896]
[minimap]: num: 39, size: 580480	[37630896]
Load file:texture/ui/ui2/eqform2/cmdnecklace.png
width: 38	height: 38	format: 21	mem_size:5776
[scene]: num: 64, size: 5955584	[37636672]
[character]: num: -10, size: 1409024	[37636672]
[item]: num: -1, size: 573440	[37636672]
[ui]: num: 69, size: 14793280	[37636672]
[terrain]: num: 50, size: 12849152	[37636672]
[effect]: num: 18, size: 1859584	[37636672]
[minimap]: num: 39, size: 580480	[37636672]
Load file:texture/icon/700neck.png
width: 32	height: 32	format: 21	mem_size:4096
[scene]: num: 64, size: 5955584	[37640768]
[character]: num: -10, size: 1409024	[37640768]
[item]: num: -1, size: 573440	[37640768]
[ui]: num: 69, size: 14793280	[37640768]
[terrain]: num: 50, size: 12849152	[37640768]
[effect]: num: 18, size: 1859584	[37640768]
[minimap]: num: 39, size: 580480	[37640768]
Load file:texture/ui/ui2/eqform2/cmdpet.png
width: 38	height: 38	format: 21	mem_size:5776
[scene]: num: 64, size: 5955584	[37646544]
[character]: num: -10, size: 1409024	[37646544]
[item]: num: -1, size: 573440	[37646544]
[ui]: num: 70, size: 14799056	[37646544]
[terrain]: num: 50, size: 12849152	[37646544]
[effect]: num: 18, size: 1859584	[37646544]
[minimap]: num: 39, size: 580480	[37646544]
Load file:texture/icon/n1664.png
width: 32	height: 32	format: 21	mem_size:4096
[scene]: num: 64, size: 5955584	[37650640]
[character]: num: -10, size: 1409024	[37650640]
[item]: num: -1, size: 573440	[37650640]
[ui]: num: 70, size: 14799056	[37650640]
[terrain]: num: 50, size: 12849152	[37650640]
[effect]: num: 18, size: 1859584	[37650640]
[minimap]: num: 39, size: 580480	[37650640]
Load file:texture/ui/ui2/eqform2/cmdwing.png
width: 38	height: 38	format: 21	mem_size:5776
[scene]: num: 64, size: 5955584	[37656416]
[character]: num: -10, size: 1409024	[37656416]
[item]: num: -1, size: 573440	[37656416]
[ui]: num: 71, size: 14804832	[37656416]
[terrain]: num: 50, size: 12849152	[37656416]
[effect]: num: 18, size: 1859584	[37656416]
[minimap]: num: 39, size: 580480	[37656416]
Load file:texture/icon/wing_app.png
width: 32	height: 32	format: 21	mem_size:4096
[scene]: num: 64, size: 5955584	[37660512]
[character]: num: -10, size: 1409024	[37660512]
[item]: num: -1, size: 573440	[37660512]
[ui]: num: 71, size: 14804832	[37660512]
[terrain]: num: 50, size: 12849152	[37660512]
[effect]: num: 18, size: 1859584	[37660512]
[minimap]: num: 39, size: 580480	[37660512]
Load file:texture/ui/ui2/eqform2/cmdcirclet1.png
width: 38	height: 38	format: 21	mem_size:5776
[scene]: num: 64, size: 5955584	[37666288]
[character]: num: -10, size: 1409024	[37666288]
[item]: num: -1, size: 573440	[37666288]
[ui]: num: 72, size: 14810608	[37666288]
[terrain]: num: 50, size: 12849152	[37666288]
[effect]: num: 18, size: 1859584	[37666288]
[minimap]: num: 39, size: 580480	[37666288]
Load file:texture/icon/700ring.png
width: 32	height: 32	format: 21	mem_size:4096
[scene]: num: 64, size: 5955584	[37670384]
[character]: num: -10, size: 1409024	[37670384]
[item]: num: -1, size: 573440	[37670384]
[ui]: num: 72, size: 14810608	[37670384]
[terrain]: num: 50, size: 12849152	[37670384]
[effect]: num: 18, size: 1859584	[37670384]
[minimap]: num: 39, size: 580480	[37670384]
Load file:texture/ui/ui2/eqform2/cmdrighthand.png
width: 38	height: 38	format: 21	mem_size:5776
[scene]: num: 64, size: 5955584	[37676160]
[character]: num: -10, size: 1409024	[37676160]
[item]: num: -1, size: 573440	[37676160]
[ui]: num: 73, size: 14816384	[37676160]
[terrain]: num: 50, size: 12849152	[37676160]
[effect]: num: 18, size: 1859584	[37676160]
[minimap]: num: 39, size: 580480	[37676160]
Load file:texture/icon/700krmch.png
width: 32	height: 32	format: 21	mem_size:4096
[scene]: num: 64, size: 5955584	[37680256]
[character]: num: -10, size: 1409024	[37680256]
[item]: num: -1, size: 573440	[37680256]
[ui]: num: 73, size: 14816384	[37680256]
[terrain]: num: 50, size: 12849152	[37680256]
[effect]: num: 18, size: 1859584	[37680256]
[minimap]: num: 39, size: 580480	[37680256]
Load file:texture/ui/ui2/eqform2/cmdcirclet2.png
width: 38	height: 38	format: 21	mem_size:5776
[scene]: num: 64, size: 5955584	[37686032]
[character]: num: -10, size: 1409024	[37686032]
[item]: num: -1, size: 573440	[37686032]
[ui]: num: 74, size: 14822160	[37686032]
[terrain]: num: 50, size: 12849152	[37686032]
[effect]: num: 18, size: 1859584	[37686032]
[minimap]: num: 39, size: 580480	[37686032]
Load file:texture/ui/ui2/eqform2/cmdarmet.png
width: 38	height: 38	format: 21	mem_size:5776
[scene]: num: 64, size: 5955584	[37691808]
[character]: num: -10, size: 1409024	[37691808]
[item]: num: -1, size: 573440	[37691808]
[ui]: num: 75, size: 14827936	[37691808]
[terrain]: num: 50, size: 12849152	[37691808]
[effect]: num: 18, size: 1859584	[37691808]
[minimap]: num: 39, size: 580480	[37691808]
Load file:texture/icon/700cap.png
width: 32	height: 32	format: 21	mem_size:4096
[scene]: num: 64, size: 5955584	[37695904]
[character]: num: -10, size: 1409024	[37695904]
[item]: num: -1, size: 573440	[37695904]
[ui]: num: 75, size: 14827936	[37695904]
[terrain]: num: 50, size: 12849152	[37695904]
[effect]: num: 18, size: 1859584	[37695904]
[minimap]: num: 39, size: 580480	[37695904]
Load file:texture/ui/ui2/eqform2/cmdmount.png
width: 38	height: 38	format: 21	mem_size:5776
[scene]: num: 64, size: 5955584	[37701680]
[character]: num: -10, size: 1409024	[37701680]
[item]: num: -1, size: 573440	[37701680]
[ui]: num: 76, size: 14833712	[37701680]
[terrain]: num: 50, size: 12849152	[37701680]
[effect]: num: 18, size: 1859584	[37701680]
[minimap]: num: 39, size: 580480	[37701680]
Load file:texture/ui/ui2/eqform2/cmdjewelry1.png
width: 38	height: 38	format: 21	mem_size:5776
[scene]: num: 64, size: 5955584	[37707456]
[character]: num: -10, size: 1409024	[37707456]
[item]: num: -1, size: 573440	[37707456]
[ui]: num: 77, size: 14839488	[37707456]
[terrain]: num: 50, size: 12849152	[37707456]
[effect]: num: 18, size: 1859584	[37707456]
[minimap]: num: 39, size: 580480	[37707456]
Load file:texture/icon/700bras.png
width: 32	height: 32	format: 21	mem_size:4096
[scene]: num: 64, size: 5955584	[37711552]
[character]: num: -10, size: 1409024	[37711552]
[item]: num: -1, size: 573440	[37711552]
[ui]: num: 77, size: 14839488	[37711552]
[terrain]: num: 50, size: 12849152	[37711552]
[effect]: num: 18, size: 1859584	[37711552]
[minimap]: num: 39, size: 580480	[37711552]
Load file:texture/ui/ui2/eqform2/cmdbody.png
width: 38	height: 38	format: 21	mem_size:5776
[scene]: num: 64, size: 5955584	[37717328]
[character]: num: -10, size: 1409024	[37717328]
[item]: num: -1, size: 573440	[37717328]
[ui]: num: 78, size: 14845264	[37717328]
[terrain]: num: 50, size: 12849152	[37717328]
[effect]: num: 18, size: 1859584	[37717328]
[minimap]: num: 39, size: 580480	[37717328]
Load file:texture/icon/700telo.png
width: 32	height: 32	format: 21	mem_size:4096
[scene]: num: 64, size: 5955584	[37721424]
[character]: num: -10, size: 1409024	[37721424]
[item]: num: -1, size: 573440	[37721424]
[ui]: num: 78, size: 14845264	[37721424]
[terrain]: num: 50, size: 12849152	[37721424]
[effect]: num: 18, size: 1859584	[37721424]
[minimap]: num: 39, size: 580480	[37721424]
Load file:texture/ui/ui2/eqform2/cmdcloak.png
width: 38	height: 38	format: 21	mem_size:5776
[scene]: num: 64, size: 5955584	[37727200]
[character]: num: -10, size: 1409024	[37727200]
[item]: num: -1, size: 573440	[37727200]
[ui]: num: 79, size: 14851040	[37727200]
[terrain]: num: 50, size: 12849152	[37727200]
[effect]: num: 18, size: 1859584	[37727200]
[minimap]: num: 39, size: 580480	[37727200]
Load file:texture/icon/n2570.png
width: 32	height: 32	format: 21	mem_size:4096
[scene]: num: 64, size: 5955584	[37731296]
[character]: num: -10, size: 1409024	[37731296]
[item]: num: -1, size: 573440	[37731296]
[ui]: num: 79, size: 14851040	[37731296]
[terrain]: num: 50, size: 12849152	[37731296]
[effect]: num: 18, size: 1859584	[37731296]
[minimap]: num: 39, size: 580480	[37731296]
Load file:texture/ui/ui2/eqform2/cmdjewelry2.png
width: 38	height: 38	format: 21	mem_size:5776
[scene]: num: 64, size: 5955584	[37737072]
[character]: num: -10, size: 1409024	[37737072]
[item]: num: -1, size: 573440	[37737072]
[ui]: num: 80, size: 14856816	[37737072]
[terrain]: num: 50, size: 12849152	[37737072]
[effect]: num: 18, size: 1859584	[37737072]
[minimap]: num: 39, size: 580480	[37737072]
Load file:texture/ui/ui2/eqform2/cmdglove.png
width: 38	height: 38	format: 21	mem_size:5776
[scene]: num: 64, size: 5955584	[37742848]
[character]: num: -10, size: 1409024	[37742848]
[item]: num: -1, size: 573440	[37742848]
[ui]: num: 81, size: 14862592	[37742848]
[terrain]: num: 50, size: 12849152	[37742848]
[effect]: num: 18, size: 1859584	[37742848]
[minimap]: num: 39, size: 580480	[37742848]
Load file:texture/icon/700ryka.png
width: 32	height: 32	format: 21	mem_size:4096
[scene]: num: 64, size: 5955584	[37746944]
[character]: num: -10, size: 1409024	[37746944]
[item]: num: -1, size: 573440	[37746944]
[ui]: num: 81, size: 14862592	[37746944]
[terrain]: num: 50, size: 12849152	[37746944]
[effect]: num: 18, size: 1859584	[37746944]
[minimap]: num: 39, size: 580480	[37746944]
Load file:texture/ui/ui2/eqform2/cmdjewelry3.png
width: 38	height: 38	format: 21	mem_size:5776
[scene]: num: 64, size: 5955584	[37752720]
[character]: num: -10, size: 1409024	[37752720]
[item]: num: -1, size: 573440	[37752720]
[ui]: num: 82, size: 14868368	[37752720]
[terrain]: num: 50, size: 12849152	[37752720]
[effect]: num: 18, size: 1859584	[37752720]
[minimap]: num: 39, size: 580480	[37752720]
Load file:texture/icon/700pojas.png
width: 32	height: 32	format: 21	mem_size:4096
[scene]: num: 64, size: 5955584	[37756816]
[character]: num: -10, size: 1409024	[37756816]
[item]: num: -1, size: 573440	[37756816]
[ui]: num: 82, size: 14868368	[37756816]
[terrain]: num: 50, size: 12849152	[37756816]
[effect]: num: 18, size: 1859584	[37756816]
[minimap]: num: 39, size: 580480	[37756816]
Load file:texture/ui/ui2/eqform2/cmdshoes.png
width: 38	height: 38	format: 21	mem_size:5776
[scene]: num: 64, size: 5955584	[37762592]
[character]: num: -10, size: 1409024	[37762592]
[item]: num: -1, size: 573440	[37762592]
[ui]: num: 83, size: 14874144	[37762592]
[terrain]: num: 50, size: 12849152	[37762592]
[effect]: num: 18, size: 1859584	[37762592]
[minimap]: num: 39, size: 580480	[37762592]
Load file:texture/icon/700noga.png
width: 32	height: 32	format: 21	mem_size:4096
[scene]: num: 64, size: 5955584	[37766688]
[character]: num: -10, size: 1409024	[37766688]
[item]: num: -1, size: 573440	[37766688]
[ui]: num: 83, size: 14874144	[37766688]
[terrain]: num: 50, size: 12849152	[37766688]
[effect]: num: 18, size: 1859584	[37766688]
[minimap]: num: 39, size: 580480	[37766688]
Load file:texture/ui/ui2/eqform2/cmdjewelry4.png
width: 38	height: 38	format: 21	mem_size:5776
[scene]: num: 64, size: 5955584	[37772464]
[character]: num: -10, size: 1409024	[37772464]
[item]: num: -1, size: 573440	[37772464]
[ui]: num: 84, size: 14879920	[37772464]
[terrain]: num: 50, size: 12849152	[37772464]
[effect]: num: 18, size: 1859584	[37772464]
[minimap]: num: 39, size: 580480	[37772464]
Load file:texture/icon/700nar.png
width: 32	height: 32	format: 21	mem_size:4096
[scene]: num: 64, size: 5955584	[37776560]
[character]: num: -10, size: 1409024	[37776560]
[item]: num: -1, size: 573440	[37776560]
[ui]: num: 84, size: 14879920	[37776560]
[terrain]: num: 50, size: 12849152	[37776560]
[effect]: num: 18, size: 1859584	[37776560]
[minimap]: num: 39, size: 580480	[37776560]
Load file:texture/ui/ui2/eqform2/cmdlefthand.png
width: 38	height: 38	format: 21	mem_size:5776
[scene]: num: 64, size: 5955584	[37782336]
[character]: num: -10, size: 1409024	[37782336]
[item]: num: -1, size: 573440	[37782336]
[ui]: num: 85, size: 14885696	[37782336]
[terrain]: num: 50, size: 12849152	[37782336]
[effect]: num: 18, size: 1859584	[37782336]
[minimap]: num: 39, size: 580480	[37782336]
Load file:texture/ui/ui2/eqform2/cmdrearpet.png
width: 38	height: 38	format: 21	mem_size:5776
[scene]: num: 64, size: 5955584	[37788112]
[character]: num: -10, size: 1409024	[37788112]
[item]: num: -1, size: 573440	[37788112]
[ui]: num: 86, size: 14891472	[37788112]
[terrain]: num: 50, size: 12849152	[37788112]
[effect]: num: 18, size: 1859584	[37788112]
[minimap]: num: 39, size: 580480	[37788112]
Load file:texture/icon/n2322.png
width: 32	height: 32	format: 21	mem_size:4096
[scene]: num: 64, size: 5955584	[37792208]
[character]: num: -10, size: 1409024	[37792208]
[item]: num: -1, size: 573440	[37792208]
[ui]: num: 86, size: 14891472	[37792208]
[terrain]: num: 50, size: 12849152	[37792208]
[effect]: num: 18, size: 1859584	[37792208]
[minimap]: num: 39, size: 580480	[37792208]
Load file:texture/icon/n1480.png
width: 32	height: 32	format: 21	mem_size:4096
[scene]: num: 64, size: 5955584	[37796304]
[character]: num: -10, size: 1409024	[37796304]
[item]: num: -1, size: 573440	[37796304]
[ui]: num: 86, size: 14891472	[37796304]
[terrain]: num: 50, size: 12849152	[37796304]
[effect]: num: 18, size: 1859584	[37796304]
[minimap]: num: 39, size: 580480	[37796304]
Load file:texture/icon/bladra.png
width: 32	height: 32	format: 21	mem_size:4096
[scene]: num: 64, size: 5955584	[37800400]
[character]: num: -10, size: 1409024	[37800400]
[item]: num: -1, size: 573440	[37800400]
[ui]: num: 86, size: 14891472	[37800400]
[terrain]: num: 50, size: 12849152	[37800400]
[effect]: num: 18, size: 1859584	[37800400]
[minimap]: num: 39, size: 580480	[37800400]
Load file:texture/icon/n1723.png
width: 32	height: 32	format: 21	mem_size:4096
[scene]: num: 64, size: 5955584	[37804496]
[character]: num: -10, size: 1409024	[37804496]
[item]: num: -1, size: 573440	[37804496]
[ui]: num: 86, size: 14891472	[37804496]
[terrain]: num: 50, size: 12849152	[37804496]
[effect]: num: 18, size: 1859584	[37804496]
[minimap]: num: 39, size: 580480	[37804496]
Load file:texture/icon/t0060.png
width: 32	height: 32	format: 21	mem_size:4096
[scene]: num: 64, size: 5955584	[37808592]
[character]: num: -10, size: 1409024	[37808592]
[item]: num: -1, size: 573440	[37808592]
[ui]: num: 86, size: 14891472	[37808592]
[terrain]: num: 50, size: 12849152	[37808592]
[effect]: num: 18, size: 1859584	[37808592]
[minimap]: num: 39, size: 580480	[37808592]
Load file:texture/icon/w0408.png
width: 32	height: 32	format: 21	mem_size:4096
[scene]: num: 64, size: 5955584	[37812688]
[character]: num: -10, size: 1409024	[37812688]
[item]: num: -1, size: 573440	[37812688]
[ui]: num: 86, size: 14891472	[37812688]
[terrain]: num: 50, size: 12849152	[37812688]
[effect]: num: 18, size: 1859584	[37812688]
[minimap]: num: 39, size: 580480	[37812688]
Load file:.\texture\item\10100009.bmp
width: 64	height: 64	format: 21	mem_size:16384
[scene]: num: 64, size: 5955584	[37829072]
[character]: num: -10, size: 1409024	[37829072]
[item]: num: 0, size: 589824	[37829072]
[ui]: num: 86, size: 14891472	[37829072]
[terrain]: num: 50, size: 12849152	[37829072]
[effect]: num: 18, size: 1859584	[37829072]
[minimap]: num: 39, size: 580480	[37829072]
Load file:.\texture\item\target.bmp
width: 64	height: 64	format: 21	mem_size:16384
[scene]: num: 64, size: 5955584	[37845456]
[character]: num: -10, size: 1409024	[37845456]
[item]: num: 1, size: 606208	[37845456]
[ui]: num: 86, size: 14891472	[37845456]
[terrain]: num: 50, size: 12849152	[37845456]
[effect]: num: 18, size: 1859584	[37845456]
[minimap]: num: 39, size: 580480	[37845456]
Load file:.\texture\item\target.bmp
width: 64	height: 64	format: 21	mem_size:16384
[scene]: num: 64, size: 5955584	[37861840]
[character]: num: -10, size: 1409024	[37861840]
[item]: num: 2, size: 622592	[37861840]
[ui]: num: 86, size: 14891472	[37861840]
[terrain]: num: 50, size: 12849152	[37861840]
[effect]: num: 18, size: 1859584	[37861840]
[minimap]: num: 39, size: 580480	[37861840]
Release file:.\texture\character\0000000001.BMP
width: 0	height: 0	format: 25	mem_size:0
[scene]: num: 64, size: 5955584	[37861840]
[character]: num: -11, size: 1409024	[37861840]
[item]: num: 2, size: 622592	[37861840]
[ui]: num: 86, size: 14891472	[37861840]
[terrain]: num: 50, size: 12849152	[37861840]
[effect]: num: 18, size: 1859584	[37861840]
[minimap]: num: 39, size: 580480	[37861840]
Release file:.\texture\character\0000610002.bmp
width: 0	height: 0	format: 25	mem_size:0
[scene]: num: 64, size: 5955584	[37861840]
[character]: num: -12, size: 1409024	[37861840]
[item]: num: 2, size: 622592	[37861840]
[ui]: num: 86, size: 14891472	[37861840]
[terrain]: num: 50, size: 12849152	[37861840]
[effect]: num: 18, size: 1859584	[37861840]
[minimap]: num: 39, size: 580480	[37861840]
Release file:.\texture\character\0000610003.bmp
width: 0	height: 0	format: 25	mem_size:0
[scene]: num: 64, size: 5955584	[37861840]
[character]: num: -13, size: 1409024	[37861840]
[item]: num: 2, size: 622592	[37861840]
[ui]: num: 86, size: 14891472	[37861840]
[terrain]: num: 50, size: 12849152	[37861840]
[effect]: num: 18, size: 1859584	[37861840]
[minimap]: num: 39, size: 580480	[37861840]
Release file:.\texture\character\0000610004.bmp
width: 0	height: 0	format: 25	mem_size:0
[scene]: num: 64, size: 5955584	[37861840]
[character]: num: -14, size: 1409024	[37861840]
[item]: num: 2, size: 622592	[37861840]
[ui]: num: 86, size: 14891472	[37861840]
[terrain]: num: 50, size: 12849152	[37861840]
[effect]: num: 18, size: 1859584	[37861840]
[minimap]: num: 39, size: 580480	[37861840]
Release file:.\texture\character\0209000000.bmp
width: 256	height: 256	format: 21	mem_size:262144
[scene]: num: 64, size: 5955584	[37599696]
[character]: num: -15, size: 1146880	[37599696]
[item]: num: 2, size: 622592	[37599696]
[ui]: num: 86, size: 14891472	[37599696]
[terrain]: num: 50, size: 12849152	[37599696]
[effect]: num: 18, size: 1859584	[37599696]
[minimap]: num: 39, size: 580480	[37599696]
Release file:.\texture\character\0011000000.bmp
width: 128	height: 128	format: 21	mem_size:65536
[scene]: num: 64, size: 5955584	[37534160]
[character]: num: -16, size: 1081344	[37534160]
[item]: num: 2, size: 622592	[37534160]
[ui]: num: 86, size: 14891472	[37534160]
[terrain]: num: 50, size: 12849152	[37534160]
[effect]: num: 18, size: 1859584	[37534160]
[minimap]: num: 39, size: 580480	[37534160]
Load file:.\texture\character\0110000000.bmp
width: 128	height: 128	format: 21	mem_size:65536
[scene]: num: 64, size: 5955584	[37599696]
[character]: num: -15, size: 1146880	[37599696]
[item]: num: 2, size: 622592	[37599696]
[ui]: num: 86, size: 14891472	[37599696]
[terrain]: num: 50, size: 12849152	[37599696]
[effect]: num: 18, size: 1859584	[37599696]
[minimap]: num: 39, size: 580480	[37599696]
Load file:.\texture\character\0139000000.bmp
width: 256	height: 256	format: 21	mem_size:262144
[scene]: num: 64, size: 5955584	[37861840]
[character]: num: -14, size: 1409024	[37861840]
[item]: num: 2, size: 622592	[37861840]
[ui]: num: 86, size: 14891472	[37861840]
[terrain]: num: 50, size: 12849152	[37861840]
[effect]: num: 18, size: 1859584	[37861840]
[minimap]: num: 39, size: 580480	[37861840]
Load file:.\texture\scene\020005.dds
width: 256	height: 256	format: 21	mem_size:262144
[scene]: num: 65, size: 6217728	[38123984]
[character]: num: -14, size: 1409024	[38123984]
[item]: num: 2, size: 622592	[38123984]
[ui]: num: 86, size: 14891472	[38123984]
[terrain]: num: 50, size: 12849152	[38123984]
[effect]: num: 18, size: 1859584	[38123984]
[minimap]: num: 39, size: 580480	[38123984]
Load file:.\texture\scene\020005.dds
width: 256	height: 256	format: 21	mem_size:262144
[scene]: num: 66, size: 6479872	[38386128]
[character]: num: -14, size: 1409024	[38386128]
[item]: num: 2, size: 622592	[38386128]
[ui]: num: 86, size: 14891472	[38386128]
[terrain]: num: 50, size: 12849152	[38386128]
[effect]: num: 18, size: 1859584	[38386128]
[minimap]: num: 39, size: 580480	[38386128]
Load file:texture\effect\pug.tga
width: 128	height: 128	format: 21	mem_size:65536
[scene]: num: 66, size: 6479872	[38451664]
[character]: num: -14, size: 1409024	[38451664]
[item]: num: 2, size: 622592	[38451664]
[ui]: num: 86, size: 14891472	[38451664]
[terrain]: num: 50, size: 12849152	[38451664]
[effect]: num: 19, size: 1925120	[38451664]
[minimap]: num: 39, size: 580480	[38451664]
Load file:texture/terrain/water/ocean_h.01.bmp
width: 256	height: 256	format: 21	mem_size:262144
[scene]: num: 66, size: 6479872	[38713808]
[character]: num: -14, size: 1409024	[38713808]
[item]: num: 2, size: 622592	[38713808]
[ui]: num: 86, size: 14891472	[38713808]
[terrain]: num: 51, size: 13111296	[38713808]
[effect]: num: 19, size: 1925120	[38713808]
[minimap]: num: 39, size: 580480	[38713808]
Load file:texture/terrain/water/ocean_h.02.bmp
width: 256	height: 256	format: 21	mem_size:262144
[scene]: num: 66, size: 6479872	[38975952]
[character]: num: -14, size: 1409024	[38975952]
[item]: num: 2, size: 622592	[38975952]
[ui]: num: 86, size: 14891472	[38975952]
[terrain]: num: 52, size: 13373440	[38975952]
[effect]: num: 19, size: 1925120	[38975952]
[minimap]: num: 39, size: 580480	[38975952]
Load file:texture/terrain/water/ocean_h.03.bmp
width: 256	height: 256	format: 21	mem_size:262144
[scene]: num: 66, size: 6479872	[39238096]
[character]: num: -14, size: 1409024	[39238096]
[item]: num: 2, size: 622592	[39238096]
[ui]: num: 86, size: 14891472	[39238096]
[terrain]: num: 53, size: 13635584	[39238096]
[effect]: num: 19, size: 1925120	[39238096]
[minimap]: num: 39, size: 580480	[39238096]
Load file:.\texture\scene\010004.dds
width: 256	height: 256	format: 21	mem_size:32768
[scene]: num: 67, size: 6512640	[39270864]
[character]: num: -14, size: 1409024	[39270864]
[item]: num: 2, size: 622592	[39270864]
[ui]: num: 86, size: 14891472	[39270864]
[terrain]: num: 53, size: 13635584	[39270864]
[effect]: num: 19, size: 1925120	[39270864]
[minimap]: num: 39, size: 580480	[39270864]
Load file:texture/terrain/water/ocean_h.04.bmp
width: 256	height: 256	format: 21	mem_size:262144
[scene]: num: 67, size: 6512640	[39533008]
[character]: num: -14, size: 1409024	[39533008]
[item]: num: 2, size: 622592	[39533008]
[ui]: num: 86, size: 14891472	[39533008]
[terrain]: num: 54, size: 13897728	[39533008]
[effect]: num: 19, size: 1925120	[39533008]
[minimap]: num: 39, size: 580480	[39533008]
Load file:texture/terrain/water/ocean_h.06.bmp
width: 256	height: 256	format: 21	mem_size:262144
[scene]: num: 67, size: 6512640	[39795152]
[character]: num: -14, size: 1409024	[39795152]
[item]: num: 2, size: 622592	[39795152]
[ui]: num: 86, size: 14891472	[39795152]
[terrain]: num: 55, size: 14159872	[39795152]
[effect]: num: 19, size: 1925120	[39795152]
[minimap]: num: 39, size: 580480	[39795152]
Load file:texture/terrain/water/ocean_h.07.bmp
width: 256	height: 256	format: 21	mem_size:262144
[scene]: num: 67, size: 6512640	[40057296]
[character]: num: -14, size: 1409024	[40057296]
[item]: num: 2, size: 622592	[40057296]
[ui]: num: 86, size: 14891472	[40057296]
[terrain]: num: 56, size: 14422016	[40057296]
[effect]: num: 19, size: 1925120	[40057296]
[minimap]: num: 39, size: 580480	[40057296]
Load file:texture/terrain/water/ocean_h.08.bmp
width: 256	height: 256	format: 21	mem_size:262144
[scene]: num: 67, size: 6512640	[40319440]
[character]: num: -14, size: 1409024	[40319440]
[item]: num: 2, size: 622592	[40319440]
[ui]: num: 86, size: 14891472	[40319440]
[terrain]: num: 57, size: 14684160	[40319440]
[effect]: num: 19, size: 1925120	[40319440]
[minimap]: num: 39, size: 580480	[40319440]
Load file:texture/terrain/water/ocean_h.09.bmp
width: 256	height: 256	format: 21	mem_size:262144
[scene]: num: 67, size: 6512640	[40581584]
[character]: num: -14, size: 1409024	[40581584]
[item]: num: 2, size: 622592	[40581584]
[ui]: num: 86, size: 14891472	[40581584]
[terrain]: num: 58, size: 14946304	[40581584]
[effect]: num: 19, size: 1925120	[40581584]
[minimap]: num: 39, size: 580480	[40581584]
Load file:texture/terrain/water/ocean_h.10.bmp
width: 256	height: 256	format: 21	mem_size:262144
[scene]: num: 67, size: 6512640	[40843728]
[character]: num: -14, size: 1409024	[40843728]
[item]: num: 2, size: 622592	[40843728]
[ui]: num: 86, size: 14891472	[40843728]
[terrain]: num: 59, size: 15208448	[40843728]
[effect]: num: 19, size: 1925120	[40843728]
[minimap]: num: 39, size: 580480	[40843728]
Load file:texture/terrain/water/ocean_h.11.bmp
width: 256	height: 256	format: 21	mem_size:262144
[scene]: num: 67, size: 6512640	[41105872]
[character]: num: -14, size: 1409024	[41105872]
[item]: num: 2, size: 622592	[41105872]
[ui]: num: 86, size: 14891472	[41105872]
[terrain]: num: 60, size: 15470592	[41105872]
[effect]: num: 19, size: 1925120	[41105872]
[minimap]: num: 39, size: 580480	[41105872]
Load file:texture/terrain/water/ocean_h.12.bmp
width: 256	height: 256	format: 21	mem_size:262144
[scene]: num: 67, size: 6512640	[41368016]
[character]: num: -14, size: 1409024	[41368016]
[item]: num: 2, size: 622592	[41368016]
[ui]: num: 86, size: 14891472	[41368016]
[terrain]: num: 61, size: 15732736	[41368016]
[effect]: num: 19, size: 1925120	[41368016]
[minimap]: num: 39, size: 580480	[41368016]
Load file:texture/terrain/water/ocean_h.13.bmp
width: 256	height: 256	format: 21	mem_size:262144
[scene]: num: 67, size: 6512640	[41630160]
[character]: num: -14, size: 1409024	[41630160]
[item]: num: 2, size: 622592	[41630160]
[ui]: num: 86, size: 14891472	[41630160]
[terrain]: num: 62, size: 15994880	[41630160]
[effect]: num: 19, size: 1925120	[41630160]
[minimap]: num: 39, size: 580480	[41630160]
Load file:texture/terrain/water/ocean_h.14.bmp
width: 256	height: 256	format: 21	mem_size:262144
[scene]: num: 67, size: 6512640	[41892304]
[character]: num: -14, size: 1409024	[41892304]
[item]: num: 2, size: 622592	[41892304]
[ui]: num: 86, size: 14891472	[41892304]
[terrain]: num: 63, size: 16257024	[41892304]
[effect]: num: 19, size: 1925120	[41892304]
[minimap]: num: 39, size: 580480	[41892304]
Release file:.\texture\character\0123000000.bmp
width: 256	height: 256	format: 21	mem_size:262144
[scene]: num: 67, size: 6512640	[41630160]
[character]: num: -15, size: 1146880	[41630160]
[item]: num: 2, size: 622592	[41630160]
[ui]: num: 86, size: 14891472	[41630160]
[terrain]: num: 63, size: 16257024	[41630160]
[effect]: num: 19, size: 1925120	[41630160]
[minimap]: num: 39, size: 580480	[41630160]
Load file:.\texture\scene\020156.dds
width: 256	height: 128	format: 21	mem_size:32768
[scene]: num: 68, size: 6545408	[41662928]
[character]: num: -15, size: 1146880	[41662928]
[item]: num: 2, size: 622592	[41662928]
[ui]: num: 86, size: 14891472	[41662928]
[terrain]: num: 63, size: 16257024	[41662928]
[effect]: num: 19, size: 1925120	[41662928]
[minimap]: num: 39, size: 580480	[41662928]
Load file:.\texture\character\0053000000.bmp
width: 64	height: 64	format: 21	mem_size:16384
[scene]: num: 68, size: 6545408	[41679312]
[character]: num: -14, size: 1163264	[41679312]
[item]: num: 2, size: 622592	[41679312]
[ui]: num: 86, size: 14891472	[41679312]
[terrain]: num: 63, size: 16257024	[41679312]
[effect]: num: 19, size: 1925120	[41679312]
[minimap]: num: 39, size: 580480	[41679312]
Load file:texture/terrain/water/ocean_h.16.bmp
width: 256	height: 256	format: 21	mem_size:262144
[scene]: num: 68, size: 6545408	[41941456]
[character]: num: -14, size: 1163264	[41941456]
[item]: num: 2, size: 622592	[41941456]
[ui]: num: 86, size: 14891472	[41941456]
[terrain]: num: 64, size: 16519168	[41941456]
[effect]: num: 19, size: 1925120	[41941456]
[minimap]: num: 39, size: 580480	[41941456]
Load file:texture/terrain/water/ocean_h.17.bmp
width: 256	height: 256	format: 21	mem_size:262144
[scene]: num: 68, size: 6545408	[42203600]
[character]: num: -14, size: 1163264	[42203600]
[item]: num: 2, size: 622592	[42203600]
[ui]: num: 86, size: 14891472	[42203600]
[terrain]: num: 65, size: 16781312	[42203600]
[effect]: num: 19, size: 1925120	[42203600]
[minimap]: num: 39, size: 580480	[42203600]
Load file:texture/terrain/water/ocean_h.18.bmp
width: 256	height: 256	format: 21	mem_size:262144
[scene]: num: 68, size: 6545408	[42465744]
[character]: num: -14, size: 1163264	[42465744]
[item]: num: 2, size: 622592	[42465744]
[ui]: num: 86, size: 14891472	[42465744]
[terrain]: num: 66, size: 17043456	[42465744]
[effect]: num: 19, size: 1925120	[42465744]
[minimap]: num: 39, size: 580480	[42465744]
Load file:texture/terrain/water/ocean_h.19.bmp
width: 256	height: 256	format: 21	mem_size:262144
[scene]: num: 68, size: 6545408	[42727888]
[character]: num: -14, size: 1163264	[42727888]
[item]: num: 2, size: 622592	[42727888]
[ui]: num: 86, size: 14891472	[42727888]
[terrain]: num: 67, size: 17305600	[42727888]
[effect]: num: 19, size: 1925120	[42727888]
[minimap]: num: 39, size: 580480	[42727888]
Load file:texture/terrain/water/ocean_h.20.bmp
width: 256	height: 256	format: 21	mem_size:262144
[scene]: num: 68, size: 6545408	[42990032]
[character]: num: -14, size: 1163264	[42990032]
[item]: num: 2, size: 622592	[42990032]
[ui]: num: 86, size: 14891472	[42990032]
[terrain]: num: 68, size: 17567744	[42990032]
[effect]: num: 19, size: 1925120	[42990032]
[minimap]: num: 39, size: 580480	[42990032]
Load file:texture/terrain/water/ocean_h.21.bmp
width: 256	height: 256	format: 21	mem_size:262144
[scene]: num: 68, size: 6545408	[43252176]
[character]: num: -14, size: 1163264	[43252176]
[item]: num: 2, size: 622592	[43252176]
[ui]: num: 86, size: 14891472	[43252176]
[terrain]: num: 69, size: 17829888	[43252176]
[effect]: num: 19, size: 1925120	[43252176]
[minimap]: num: 39, size: 580480	[43252176]
Load file:texture/terrain/water/ocean_h.22.bmp
width: 256	height: 256	format: 21	mem_size:262144
[scene]: num: 68, size: 6545408	[43514320]
[character]: num: -14, size: 1163264	[43514320]
[item]: num: 2, size: 622592	[43514320]
[ui]: num: 86, size: 14891472	[43514320]
[terrain]: num: 70, size: 18092032	[43514320]
[effect]: num: 19, size: 1925120	[43514320]
[minimap]: num: 39, size: 580480	[43514320]
Load file:texture/terrain/water/ocean_h.23.bmp
width: 256	height: 256	format: 21	mem_size:262144
[scene]: num: 68, size: 6545408	[43776464]
[character]: num: -14, size: 1163264	[43776464]
[item]: num: 2, size: 622592	[43776464]
[ui]: num: 86, size: 14891472	[43776464]
[terrain]: num: 71, size: 18354176	[43776464]
[effect]: num: 19, size: 1925120	[43776464]
[minimap]: num: 39, size: 580480	[43776464]
Load file:texture/terrain/water/ocean_h.24.bmp
width: 256	height: 256	format: 21	mem_size:262144
[scene]: num: 68, size: 6545408	[44038608]
[character]: num: -14, size: 1163264	[44038608]
[item]: num: 2, size: 622592	[44038608]
[ui]: num: 86, size: 14891472	[44038608]
[terrain]: num: 72, size: 18616320	[44038608]
[effect]: num: 19, size: 1925120	[44038608]
[minimap]: num: 39, size: 580480	[44038608]
Load file:texture/terrain/water/ocean_h.25.bmp
width: 256	height: 256	format: 21	mem_size:262144
[scene]: num: 68, size: 6545408	[44300752]
[character]: num: -14, size: 1163264	[44300752]
[item]: num: 2, size: 622592	[44300752]
[ui]: num: 86, size: 14891472	[44300752]
[terrain]: num: 73, size: 18878464	[44300752]
[effect]: num: 19, size: 1925120	[44300752]
[minimap]: num: 39, size: 580480	[44300752]
Release file:
width: 64	height: 64	format: 21	mem_size:16384
[scene]: num: 68, size: 6545408	[44284368]
[character]: num: -14, size: 1163264	[44284368]
[item]: num: 2, size: 622592	[44284368]
[ui]: num: 86, size: 14891472	[44284368]
[terrain]: num: 73, size: 18878464	[44284368]
[effect]: num: 19, size: 1925120	[44284368]
[minimap]: num: 39, size: 580480	[44284368]
Load file:User tex
width: 64	height: 64	format: 21	mem_size:16384
[scene]: num: 68, size: 6545408	[44300752]
[character]: num: -14, size: 1163264	[44300752]
[item]: num: 2, size: 622592	[44300752]
[ui]: num: 86, size: 14891472	[44300752]
[terrain]: num: 73, size: 18878464	[44300752]
[effect]: num: 19, size: 1925120	[44300752]
[minimap]: num: 39, size: 580480	[44300752]
Release file:
width: 64	height: 64	format: 21	mem_size:16384
[scene]: num: 68, size: 6545408	[44284368]
[character]: num: -14, size: 1163264	[44284368]
[item]: num: 2, size: 622592	[44284368]
[ui]: num: 86, size: 14891472	[44284368]
[terrain]: num: 73, size: 18878464	[44284368]
[effect]: num: 19, size: 1925120	[44284368]
[minimap]: num: 39, size: 580480	[44284368]
Load file:User tex
width: 64	height: 64	format: 21	mem_size:16384
[scene]: num: 68, size: 6545408	[44300752]
[character]: num: -14, size: 1163264	[44300752]
[item]: num: 2, size: 622592	[44300752]
[ui]: num: 86, size: 14891472	[44300752]
[terrain]: num: 73, size: 18878464	[44300752]
[effect]: num: 19, size: 1925120	[44300752]
[minimap]: num: 39, size: 580480	[44300752]
Release file:
width: 64	height: 64	format: 21	mem_size:16384
[scene]: num: 68, size: 6545408	[44284368]
[character]: num: -14, size: 1163264	[44284368]
[item]: num: 2, size: 622592	[44284368]
[ui]: num: 86, size: 14891472	[44284368]
[terrain]: num: 73, size: 18878464	[44284368]
[effect]: num: 19, size: 1925120	[44284368]
[minimap]: num: 39, size: 580480	[44284368]
Load file:User tex
width: 64	height: 64	format: 21	mem_size:16384
[scene]: num: 68, size: 6545408	[44300752]
[character]: num: -14, size: 1163264	[44300752]
[item]: num: 2, size: 622592	[44300752]
[ui]: num: 86, size: 14891472	[44300752]
[terrain]: num: 73, size: 18878464	[44300752]
[effect]: num: 19, size: 1925120	[44300752]
[minimap]: num: 39, size: 580480	[44300752]
Release file:
width: 64	height: 64	format: 21	mem_size:16384
[scene]: num: 68, size: 6545408	[44284368]
[character]: num: -14, size: 1163264	[44284368]
[item]: num: 2, size: 622592	[44284368]
[ui]: num: 86, size: 14891472	[44284368]
[terrain]: num: 73, size: 18878464	[44284368]
[effect]: num: 19, size: 1925120	[44284368]
[minimap]: num: 39, size: 580480	[44284368]
Load file:User tex
width: 64	height: 64	format: 21	mem_size:16384
[scene]: num: 68, size: 6545408	[44300752]
[character]: num: -14, size: 1163264	[44300752]
[item]: num: 2, size: 622592	[44300752]
[ui]: num: 86, size: 14891472	[44300752]
[terrain]: num: 73, size: 18878464	[44300752]
[effect]: num: 19, size: 1925120	[44300752]
[minimap]: num: 39, size: 580480	[44300752]
Release file:
width: 64	height: 64	format: 21	mem_size:16384
[scene]: num: 68, size: 6545408	[44284368]
[character]: num: -14, size: 1163264	[44284368]
[item]: num: 2, size: 622592	[44284368]
[ui]: num: 86, size: 14891472	[44284368]
[terrain]: num: 73, size: 18878464	[44284368]
[effect]: num: 19, size: 1925120	[44284368]
[minimap]: num: 39, size: 580480	[44284368]
Load file:User tex
width: 64	height: 64	format: 21	mem_size:16384
[scene]: num: 68, size: 6545408	[44300752]
[character]: num: -14, size: 1163264	[44300752]
[item]: num: 2, size: 622592	[44300752]
[ui]: num: 86, size: 14891472	[44300752]
[terrain]: num: 73, size: 18878464	[44300752]
[effect]: num: 19, size: 1925120	[44300752]
[minimap]: num: 39, size: 580480	[44300752]
Release file:
width: 64	height: 64	format: 21	mem_size:16384
[scene]: num: 68, size: 6545408	[44284368]
[character]: num: -14, size: 1163264	[44284368]
[item]: num: 2, size: 622592	[44284368]
[ui]: num: 86, size: 14891472	[44284368]
[terrain]: num: 73, size: 18878464	[44284368]
[effect]: num: 19, size: 1925120	[44284368]
[minimap]: num: 39, size: 580480	[44284368]
Load file:User tex
width: 64	height: 64	format: 21	mem_size:16384
[scene]: num: 68, size: 6545408	[44300752]
[character]: num: -14, size: 1163264	[44300752]
[item]: num: 2, size: 622592	[44300752]
[ui]: num: 86, size: 14891472	[44300752]
[terrain]: num: 73, size: 18878464	[44300752]
[effect]: num: 19, size: 1925120	[44300752]
[minimap]: num: 39, size: 580480	[44300752]
Release file:
width: 64	height: 64	format: 21	mem_size:16384
[scene]: num: 68, size: 6545408	[44284368]
[character]: num: -14, size: 1163264	[44284368]
[item]: num: 2, size: 622592	[44284368]
[ui]: num: 86, size: 14891472	[44284368]
[terrain]: num: 73, size: 18878464	[44284368]
[effect]: num: 19, size: 1925120	[44284368]
[minimap]: num: 39, size: 580480	[44284368]
Load file:User tex
width: 64	height: 64	format: 21	mem_size:16384
[scene]: num: 68, size: 6545408	[44300752]
[character]: num: -14, size: 1163264	[44300752]
[item]: num: 2, size: 622592	[44300752]
[ui]: num: 86, size: 14891472	[44300752]
[terrain]: num: 73, size: 18878464	[44300752]
[effect]: num: 19, size: 1925120	[44300752]
[minimap]: num: 39, size: 580480	[44300752]
Release file:
width: 64	height: 64	format: 21	mem_size:16384
[scene]: num: 68, size: 6545408	[44284368]
[character]: num: -14, size: 1163264	[44284368]
[item]: num: 2, size: 622592	[44284368]
[ui]: num: 86, size: 14891472	[44284368]
[terrain]: num: 73, size: 18878464	[44284368]
[effect]: num: 19, size: 1925120	[44284368]
[minimap]: num: 39, size: 580480	[44284368]
Load file:User tex
width: 64	height: 64	format: 21	mem_size:16384
[scene]: num: 68, size: 6545408	[44300752]
[character]: num: -14, size: 1163264	[44300752]
[item]: num: 2, size: 622592	[44300752]
[ui]: num: 86, size: 14891472	[44300752]
[terrain]: num: 73, size: 18878464	[44300752]
[effect]: num: 19, size: 1925120	[44300752]
[minimap]: num: 39, size: 580480	[44300752]
Release file:
width: 64	height: 64	format: 21	mem_size:16384
[scene]: num: 68, size: 6545408	[44284368]
[character]: num: -14, size: 1163264	[44284368]
[item]: num: 2, size: 622592	[44284368]
[ui]: num: 86, size: 14891472	[44284368]
[terrain]: num: 73, size: 18878464	[44284368]
[effect]: num: 19, size: 1925120	[44284368]
[minimap]: num: 39, size: 580480	[44284368]
Load file:User tex
width: 64	height: 64	format: 21	mem_size:16384
[scene]: num: 68, size: 6545408	[44300752]
[character]: num: -14, size: 1163264	[44300752]
[item]: num: 2, size: 622592	[44300752]
[ui]: num: 86, size: 14891472	[44300752]
[terrain]: num: 73, size: 18878464	[44300752]
[effect]: num: 19, size: 1925120	[44300752]
[minimap]: num: 39, size: 580480	[44300752]
Load file:texture/terrain/water/ocean_h.26.bmp
width: 256	height: 256	format: 21	mem_size:262144
[scene]: num: 68, size: 6545408	[44562896]
[character]: num: -14, size: 1163264	[44562896]
[item]: num: 2, size: 622592	[44562896]
[ui]: num: 86, size: 14891472	[44562896]
[terrain]: num: 74, size: 19140608	[44562896]
[effect]: num: 19, size: 1925120	[44562896]
[minimap]: num: 39, size: 580480	[44562896]
Load file:.\texture\scene\020156.dds
width: 256	height: 128	format: 21	mem_size:32768
[scene]: num: 69, size: 6578176	[44595664]
[character]: num: -14, size: 1163264	[44595664]
[item]: num: 2, size: 622592	[44595664]
[ui]: num: 86, size: 14891472	[44595664]
[terrain]: num: 74, size: 19140608	[44595664]
[effect]: num: 19, size: 1925120	[44595664]
[minimap]: num: 39, size: 580480	[44595664]
Load file:texture/terrain/water/ocean_h.27.bmp
width: 256	height: 256	format: 21	mem_size:262144
[scene]: num: 69, size: 6578176	[44857808]
[character]: num: -14, size: 1163264	[44857808]
[item]: num: 2, size: 622592	[44857808]
[ui]: num: 86, size: 14891472	[44857808]
[terrain]: num: 75, size: 19402752	[44857808]
[effect]: num: 19, size: 1925120	[44857808]
[minimap]: num: 39, size: 580480	[44857808]
Load file:texture/terrain/water/ocean_h.28.bmp
width: 256	height: 256	format: 21	mem_size:262144
[scene]: num: 69, size: 6578176	[45119952]
[character]: num: -14, size: 1163264	[45119952]
[item]: num: 2, size: 622592	[45119952]
[ui]: num: 86, size: 14891472	[45119952]
[terrain]: num: 76, size: 19664896	[45119952]
[effect]: num: 19, size: 1925120	[45119952]
[minimap]: num: 39, size: 580480	[45119952]
Load file:texture\effect\bd.tga
width: 256	height: 256	format: 21	mem_size:262144
[scene]: num: 69, size: 6578176	[45382096]
[character]: num: -14, size: 1163264	[45382096]
[item]: num: 2, size: 622592	[45382096]
[ui]: num: 86, size: 14891472	[45382096]
[terrain]: num: 76, size: 19664896	[45382096]
[effect]: num: 20, size: 2187264	[45382096]
[minimap]: num: 39, size: 580480	[45382096]
Load file:texture\effect\eff0049.tga
width: 128	height: 128	format: 21	mem_size:65536
[scene]: num: 69, size: 6578176	[45447632]
[character]: num: -14, size: 1163264	[45447632]
[item]: num: 2, size: 622592	[45447632]
[ui]: num: 86, size: 14891472	[45447632]
[terrain]: num: 76, size: 19664896	[45447632]
[effect]: num: 21, size: 2252800	[45447632]
[minimap]: num: 39, size: 580480	[45447632]
Load file:texture/terrain/water/ocean_h.29.bmp
width: 256	height: 256	format: 21	mem_size:262144
[scene]: num: 69, size: 6578176	[45709776]
[character]: num: -14, size: 1163264	[45709776]
[item]: num: 2, size: 622592	[45709776]
[ui]: num: 86, size: 14891472	[45709776]
[terrain]: num: 77, size: 19927040	[45709776]
[effect]: num: 21, size: 2252800	[45709776]
[minimap]: num: 39, size: 580480	[45709776]
Load file:texture/ui/custom/npcbackdrop/2.tga
width: 55	height: 44	format: 21	mem_size:9680
[scene]: num: 69, size: 6578176	[45719456]
[character]: num: -14, size: 1163264	[45719456]
[item]: num: 2, size: 622592	[45719456]
[ui]: num: 87, size: 14901152	[45719456]
[terrain]: num: 77, size: 19927040	[45719456]
[effect]: num: 21, size: 2252800	[45719456]
[minimap]: num: 39, size: 580480	[45719456]
Load file:texture/terrain/water/ocean_h.05.bmp
width: 256	height: 256	format: 21	mem_size:262144
[scene]: num: 69, size: 6578176	[45981600]
[character]: num: -14, size: 1163264	[45981600]
[item]: num: 2, size: 622592	[45981600]
[ui]: num: 87, size: 14901152	[45981600]
[terrain]: num: 78, size: 20189184	[45981600]
[effect]: num: 21, size: 2252800	[45981600]
[minimap]: num: 39, size: 580480	[45981600]
Load file:texture/terrain/water/ocean_h.15.bmp
width: 256	height: 256	format: 21	mem_size:262144
[scene]: num: 69, size: 6578176	[46243744]
[character]: num: -14, size: 1163264	[46243744]
[item]: num: 2, size: 622592	[46243744]
[ui]: num: 87, size: 14901152	[46243744]
[terrain]: num: 79, size: 20451328	[46243744]
[effect]: num: 21, size: 2252800	[46243744]
[minimap]: num: 39, size: 580480	[46243744]
Load file:.\texture\scene\020156.dds
width: 256	height: 128	format: 21	mem_size:32768
[scene]: num: 70, size: 6610944	[46276512]
[character]: num: -14, size: 1163264	[46276512]
[item]: num: 2, size: 622592	[46276512]
[ui]: num: 87, size: 14901152	[46276512]
[terrain]: num: 79, size: 20451328	[46276512]
[effect]: num: 21, size: 2252800	[46276512]
[minimap]: num: 39, size: 580480	[46276512]
Load file:.\texture\scene\010199.dds
width: 256	height: 256	format: 21	mem_size:32768
[scene]: num: 71, size: 6643712	[46309280]
[character]: num: -14, size: 1163264	[46309280]
[item]: num: 2, size: 622592	[46309280]
[ui]: num: 87, size: 14901152	[46309280]
[terrain]: num: 79, size: 20451328	[46309280]
[effect]: num: 21, size: 2252800	[46309280]
[minimap]: num: 39, size: 580480	[46309280]
Load file:.\texture\scene\010200.dds
width: 256	height: 256	format: 21	mem_size:32768
[scene]: num: 72, size: 6676480	[46342048]
[character]: num: -14, size: 1163264	[46342048]
[item]: num: 2, size: 622592	[46342048]
[ui]: num: 87, size: 14901152	[46342048]
[terrain]: num: 79, size: 20451328	[46342048]
[effect]: num: 21, size: 2252800	[46342048]
[minimap]: num: 39, size: 580480	[46342048]
Release file:.\texture\character\0097000000.bmp
width: 128	height: 128	format: 21	mem_size:65536
[scene]: num: 72, size: 6676480	[46276512]
[character]: num: -15, size: 1097728	[46276512]
[item]: num: 2, size: 622592	[46276512]
[ui]: num: 87, size: 14901152	[46276512]
[terrain]: num: 79, size: 20451328	[46276512]
[effect]: num: 21, size: 2252800	[46276512]
[minimap]: num: 39, size: 580480	[46276512]
Load file:texture\effect\eff3018.tga
width: 128	height: 128	format: 21	mem_size:65536
[scene]: num: 72, size: 6676480	[46342048]
[character]: num: -15, size: 1097728	[46342048]
[item]: num: 2, size: 622592	[46342048]
[ui]: num: 87, size: 14901152	[46342048]
[terrain]: num: 79, size: 20451328	[46342048]
[effect]: num: 22, size: 2318336	[46342048]
[minimap]: num: 39, size: 580480	[46342048]
Load file:texture\effect\eff3013.tga
width: 64	height: 64	format: 21	mem_size:16384
[scene]: num: 72, size: 6676480	[46358432]
[character]: num: -15, size: 1097728	[46358432]
[item]: num: 2, size: 622592	[46358432]
[ui]: num: 87, size: 14901152	[46358432]
[terrain]: num: 79, size: 20451328	[46358432]
[effect]: num: 23, size: 2334720	[46358432]
[minimap]: num: 39, size: 580480	[46358432]
Load file:texture\effect\eff3023.tga
width: 256	height: 256	format: 21	mem_size:262144
[scene]: num: 72, size: 6676480	[46620576]
[character]: num: -15, size: 1097728	[46620576]
[item]: num: 2, size: 622592	[46620576]
[ui]: num: 87, size: 14901152	[46620576]
[terrain]: num: 79, size: 20451328	[46620576]
[effect]: num: 24, size: 2596864	[46620576]
[minimap]: num: 39, size: 580480	[46620576]
Load file:.\texture\scene\020173.dds
width: 256	height: 128	format: 21	mem_size:16384
[scene]: num: 73, size: 6692864	[46636960]
[character]: num: -15, size: 1097728	[46636960]
[item]: num: 2, size: 622592	[46636960]
[ui]: num: 87, size: 14901152	[46636960]
[terrain]: num: 79, size: 20451328	[46636960]
[effect]: num: 24, size: 2596864	[46653344]
[minimap]: num: 39, size: 580480	[46653344]
Load file:.\texture\scene\020173.dds
width: 256	height: 128	format: 21	mem_size:16384
[scene]: num: 74, size: 6709248	[46653344]
[character]: num: -15, size: 1097728	[46653344]
[item]: num: 2, size: 622592	[46653344]
[ui]: num: 87, size: 14901152	[46653344]
[terrain]: num: 79, size: 20451328	[46653344]
[effect]: num: 24, size: 2596864	[46653344]
[minimap]: num: 39, size: 580480	[46653344]
Load file:texture/terrain/water/ocean_h.30.bmp
width: 256	height: 256	format: 21	mem_size:262144
[scene]: num: 74, size: 6709248	[46915488]
[character]: num: -15, size: 1097728	[46915488]
[item]: num: 2, size: 622592	[46915488]
[ui]: num: 87, size: 14901152	[46915488]
[terrain]: num: 80, size: 20713472	[46915488]
[effect]: num: 24, size: 2596864	[46915488]
[minimap]: num: 39, size: 580480	[46915488]
Load file:.\texture\scene\020173.dds
width: 256	height: 128	format: 21	mem_size:16384
[scene]: num: 75, size: 6725632	[46931872]
[character]: num: -15, size: 1097728	[46931872]
[item]: num: 2, size: 622592	[46931872]
[ui]: num: 87, size: 14901152	[46931872]
[terrain]: num: 80, size: 20713472	[46931872]
[effect]: num: 24, size: 2596864	[46931872]
[minimap]: num: 39, size: 580480	[46931872]
Load file:.\texture\scene\020173.dds
width: 256	height: 128	format: 21	mem_size:16384
[scene]: num: 76, size: 6742016	[46948256]
[character]: num: -15, size: 1097728	[46948256]
[item]: num: 2, size: 622592	[46948256]
[ui]: num: 87, size: 14901152	[46948256]
[terrain]: num: 80, size: 20713472	[46948256]
[effect]: num: 24, size: 2596864	[46948256]
[minimap]: num: 39, size: 580480	[46948256]
Load file:.\texture\scene\020173.dds
width: 256	height: 128	format: 21	mem_size:16384
[scene]: num: 77, size: 6758400	[46964640]
[character]: num: -15, size: 1097728	[46964640]
[item]: num: 2, size: 622592	[46964640]
[ui]: num: 87, size: 14901152	[46964640]
[terrain]: num: 80, size: 20713472	[46964640]
[effect]: num: 24, size: 2596864	[46964640]
[minimap]: num: 39, size: 580480	[46964640]
Load file:.\texture\scene\020173.dds
width: 256	height: 128	format: 21	mem_size:16384
Load file:.\texture\scene\020173.dds
width: 256	height: 128	format: 21	mem_size:16384
[scene]: num: 78, size: 6774784	[46997408]
[scene]: num: 78, size: 6774784	[46997408]
[character]: num: -15, size: 1097728	[46997408]
[item]: num: 2, size: 622592	[46997408]
[character]: num: -15, size: 1097728	[46997408]
[ui]: num: 87, size: 14901152	[46997408]
[item]: num: 2, size: 622592	[46997408]
[terrain]: num: 80, size: 20713472	[46997408]
[effect]: num: 24, size: 2596864	[46997408]
[ui]: num: 87, size: 14901152	[46997408]
[minimap]: num: 39, size: 580480	[46997408]
[terrain]: num: 80, size: 20713472	[46997408]
[effect]: num: 24, size: 2596864	[46997408]
[minimap]: num: 39, size: 580480	[46997408]
Release file:
width: 64	height: 64	format: 21	mem_size:16384
[scene]: num: 78, size: 6774784	[46981024]
[character]: num: -15, size: 1097728	[46981024]
[item]: num: 2, size: 622592	[46981024]
[ui]: num: 87, size: 14901152	[46981024]
[terrain]: num: 80, size: 20713472	[46981024]
[effect]: num: 24, size: 2596864	[46981024]
[minimap]: num: 39, size: 580480	[46981024]
Load file:User tex
width: 64	height: 64	format: 21	mem_size:16384
[scene]: num: 78, size: 6774784	[46997408]
[character]: num: -15, size: 1097728	[46997408]
[item]: num: 2, size: 622592	[46997408]
[ui]: num: 87, size: 14901152	[46997408]
[terrain]: num: 80, size: 20713472	[46997408]
[effect]: num: 24, size: 2596864	[46997408]
[minimap]: num: 39, size: 580480	[46997408]
Release file:
width: 64	height: 64	format: 21	mem_size:16384
[scene]: num: 78, size: 6774784	[46981024]
[character]: num: -15, size: 1097728	[46981024]
[item]: num: 2, size: 622592	[46981024]
[ui]: num: 87, size: 14901152	[46981024]
[terrain]: num: 80, size: 20713472	[46981024]
[effect]: num: 24, size: 2596864	[46981024]
[minimap]: num: 39, size: 580480	[46981024]
Load file:User tex
width: 64	height: 64	format: 21	mem_size:16384
[scene]: num: 78, size: 6774784	[46997408]
[character]: num: -15, size: 1097728	[46997408]
[item]: num: 2, size: 622592	[46997408]
[ui]: num: 87, size: 14901152	[46997408]
[terrain]: num: 80, size: 20713472	[46997408]
[effect]: num: 24, size: 2596864	[46997408]
[minimap]: num: 39, size: 580480	[46997408]
Release file:
width: 64	height: 64	format: 21	mem_size:16384
[scene]: num: 78, size: 6774784	[46981024]
[character]: num: -15, size: 1097728	[46981024]
[item]: num: 2, size: 622592	[46981024]
[ui]: num: 87, size: 14901152	[46981024]
[terrain]: num: 80, size: 20713472	[46981024]
[effect]: num: 24, size: 2596864	[46981024]
[minimap]: num: 39, size: 580480	[46981024]
Load file:User tex
width: 64	height: 64	format: 21	mem_size:16384
[scene]: num: 78, size: 6774784	[46997408]
[character]: num: -15, size: 1097728	[46997408]
[item]: num: 2, size: 622592	[46997408]
[ui]: num: 87, size: 14901152	[46997408]
[terrain]: num: 80, size: 20713472	[46997408]
[effect]: num: 24, size: 2596864	[46997408]
[minimap]: num: 39, size: 580480	[46997408]
Release file:
width: 64	height: 64	format: 21	mem_size:16384
[scene]: num: 78, size: 6774784	[46981024]
[character]: num: -15, size: 1097728	[46981024]
[item]: num: 2, size: 622592	[46981024]
[ui]: num: 87, size: 14901152	[46981024]
[terrain]: num: 80, size: 20713472	[46981024]
[effect]: num: 24, size: 2596864	[46981024]
[minimap]: num: 39, size: 580480	[46981024]
Load file:User tex
width: 64	height: 64	format: 21	mem_size:16384
[scene]: num: 78, size: 6774784	[46997408]
[character]: num: -15, size: 1097728	[46997408]
[item]: num: 2, size: 622592	[46997408]
[ui]: num: 87, size: 14901152	[46997408]
[terrain]: num: 80, size: 20713472	[46997408]
[effect]: num: 24, size: 2596864	[46997408]
[minimap]: num: 39, size: 580480	[46997408]
Release file:
width: 64	height: 64	format: 21	mem_size:16384
[scene]: num: 78, size: 6774784	[46981024]
[character]: num: -15, size: 1097728	[46981024]
[item]: num: 2, size: 622592	[46981024]
[ui]: num: 87, size: 14901152	[46981024]
[terrain]: num: 80, size: 20713472	[46981024]
[effect]: num: 24, size: 2596864	[46981024]
[minimap]: num: 39, size: 580480	[46981024]
Load file:User tex
width: 64	height: 64	format: 21	mem_size:16384
[scene]: num: 78, size: 6774784	[46997408]
[character]: num: -15, size: 1097728	[46997408]
[item]: num: 2, size: 622592	[46997408]
[ui]: num: 87, size: 14901152	[46997408]
[terrain]: num: 80, size: 20713472	[46997408]
[effect]: num: 24, size: 2596864	[46997408]
[minimap]: num: 39, size: 580480	[46997408]
Release file:
width: 64	height: 64	format: 21	mem_size:16384
[scene]: num: 78, size: 6774784	[46981024]
[character]: num: -15, size: 1097728	[46981024]
[item]: num: 2, size: 622592	[46981024]
[ui]: num: 87, size: 14901152	[46981024]
[terrain]: num: 80, size: 20713472	[46981024]
[effect]: num: 24, size: 2596864	[46981024]
[minimap]: num: 39, size: 580480	[46981024]
Load file:User tex
width: 64	height: 64	format: 21	mem_size:16384
[scene]: num: 78, size: 6774784	[46997408]
[character]: num: -15, size: 1097728	[46997408]
[item]: num: 2, size: 622592	[46997408]
[ui]: num: 87, size: 14901152	[46997408]
[terrain]: num: 80, size: 20713472	[46997408]
[effect]: num: 24, size: 2596864	[46997408]
[minimap]: num: 39, size: 580480	[46997408]
Release file:
width: 64	height: 64	format: 21	mem_size:16384
[scene]: num: 78, size: 6774784	[46981024]
[character]: num: -15, size: 1097728	[46981024]
[item]: num: 2, size: 622592	[46981024]
[ui]: num: 87, size: 14901152	[46981024]
[terrain]: num: 80, size: 20713472	[46981024]
[effect]: num: 24, size: 2596864	[46981024]
[minimap]: num: 39, size: 580480	[46981024]
Load file:User tex
width: 64	height: 64	format: 21	mem_size:16384
[scene]: num: 78, size: 6774784	[46997408]
[character]: num: -15, size: 1097728	[46997408]
[item]: num: 2, size: 622592	[46997408]
[ui]: num: 87, size: 14901152	[46997408]
[terrain]: num: 80, size: 20713472	[46997408]
[effect]: num: 24, size: 2596864	[46997408]
[minimap]: num: 39, size: 580480	[46997408]
Load file:.\texture\character\0307000000.bmp
width: 256	height: 256	format: 21	mem_size:262144
[scene]: num: 78, size: 6774784	[47259552]
[character]: num: -14, size: 1359872	[47259552]
[item]: num: 2, size: 622592	[47259552]
[ui]: num: 87, size: 14901152	[47259552]
[terrain]: num: 80, size: 20713472	[47259552]
[effect]: num: 24, size: 2596864	[47259552]
[minimap]: num: 39, size: 580480	[47259552]
Load file:.\texture\scene\020097.dds
width: 256	height: 256	format: 21	mem_size:65536
[scene]: num: 79, size: 6840320	[47325088]
[character]: num: -14, size: 1359872	[47325088]
[item]: num: 2, size: 622592	[47325088]
[ui]: num: 87, size: 14901152	[47325088]
[terrain]: num: 80, size: 20713472	[47325088]
[effect]: num: 24, size: 2596864	[47325088]
[minimap]: num: 39, size: 580480	[47325088]
Load file:.\texture\scene\020097.dds
width: 256	height: 256	format: 21	mem_size:65536
[scene]: num: 80, size: 6905856	[47390624]
[character]: num: -14, size: 1359872	[47390624]
[item]: num: 2, size: 622592	[47390624]
[ui]: num: 87, size: 14901152	[47390624]
[terrain]: num: 80, size: 20713472	[47390624]
[effect]: num: 24, size: 2596864	[47390624]
[minimap]: num: 39, size: 580480	[47390624]
Load file:.\texture\scene\020097.dds
width: 256	height: 256	format: 21	mem_size:65536
[scene]: num: 81, size: 6971392	[47456160]
[character]: num: -14, size: 1359872	[47456160]
[item]: num: 2, size: 622592	[47456160]
[ui]: num: 87, size: 14901152	[47456160]
[terrain]: num: 80, size: 20713472	[47456160]
[effect]: num: 24, size: 2596864	[47456160]
[minimap]: num: 39, size: 580480	[47456160]
Release file:.\texture\scene\020094.bmp
width: 0	height: 0	format: 25	mem_size:0
[scene]: num: 80, size: 6971392	[47456160]
[character]: num: -14, size: 1359872	[47456160]
[item]: num: 2, size: 622592	[47456160]
[ui]: num: 87, size: 14901152	[47456160]
[terrain]: num: 80, size: 20713472	[47456160]
[effect]: num: 24, size: 2596864	[47456160]
[minimap]: num: 39, size: 580480	[47456160]
Load file:.\texture\scene\020097.dds
width: 256	height: 256	format: 21	mem_size:65536
[scene]: num: 81, size: 7036928	[47521696]
[character]: num: -14, size: 1359872	[47521696]
[item]: num: 2, size: 622592	[47521696]
[ui]: num: 87, size: 14901152	[47521696]
[terrain]: num: 80, size: 20713472	[47521696]
[effect]: num: 24, size: 2596864	[47521696]
[minimap]: num: 39, size: 580480	[47521696]
Load file:.\texture\scene\020097.dds
width: 256	height: 256	format: 21	mem_size:65536
[scene]: num: 82, size: 7102464	[47587232]
[character]: num: -14, size: 1359872	[47587232]
[item]: num: 2, size: 622592	[47587232]
[ui]: num: 87, size: 14901152	[47587232]
[terrain]: num: 80, size: 20713472	[47587232]
[effect]: num: 24, size: 2596864	[47587232]
[minimap]: num: 39, size: 580480	[47587232]
Release file:.\texture\character\0110000000.bmp
width: 128	height: 128	format: 21	mem_size:65536
[scene]: num: 82, size: 7102464	[47521696]
[character]: num: -15, size: 1294336	[47521696]
[item]: num: 2, size: 622592	[47521696]
[ui]: num: 87, size: 14901152	[47521696]
[terrain]: num: 80, size: 20713472	[47521696]
[effect]: num: 24, size: 2596864	[47521696]
[minimap]: num: 39, size: 580480	[47521696]
Load file:.\texture\scene\020097.dds
width: 256	height: 256	format: 21	mem_size:65536
[scene]: num: 83, size: 7168000	[47587232]
[character]: num: -15, size: 1294336	[47587232]
[item]: num: 2, size: 622592	[47587232]
[ui]: num: 87, size: 14901152	[47587232]
[terrain]: num: 80, size: 20713472	[47587232]
[effect]: num: 24, size: 2596864	[47587232]
[minimap]: num: 39, size: 580480	[47587232]
Load file:.\texture\scene\020011.dds
width: 256	height: 256	format: 21	mem_size:32768
[scene]: num: 84, size: 7200768	[47620000]
[character]: num: -15, size: 1294336	[47620000]
[item]: num: 2, size: 622592	[47620000]
[ui]: num: 87, size: 14901152	[47620000]
[terrain]: num: 80, size: 20713472	[47620000]
[effect]: num: 24, size: 2596864	[47620000]
[minimap]: num: 39, size: 580480	[47620000]
Load file:.\texture\scene\020010.dds
width: 256	height: 256	format: 21	mem_size:32768
[scene]: num: 85, size: 7233536	[47652768]
[character]: num: -15, size: 1294336	[47652768]
[item]: num: 2, size: 622592	[47652768]
[ui]: num: 87, size: 14901152	[47652768]
[terrain]: num: 80, size: 20713472	[47652768]
[effect]: num: 24, size: 2596864	[47652768]
[minimap]: num: 39, size: 580480	[47652768]
Release file:.\texture\scene\020046.bmp
width: 0	height: 0	format: 25	mem_size:0
[scene]: num: 84, size: 7233536	[47652768]
[character]: num: -15, size: 1294336	[47652768]
[item]: num: 2, size: 622592	[47652768]
[ui]: num: 87, size: 14901152	[47652768]
[terrain]: num: 80, size: 20713472	[47652768]
[effect]: num: 24, size: 2596864	[47652768]
[minimap]: num: 39, size: 580480	[47652768]
Release file:.\texture\scene\020046.bmp
width: 0	height: 0	format: 25	mem_size:0
[scene]: num: 83, size: 7233536	[47652768]
[character]: num: -15, size: 1294336	[47652768]
[item]: num: 2, size: 622592	[47652768]
[ui]: num: 87, size: 14901152	[47652768]
[terrain]: num: 80, size: 20713472	[47652768]
[effect]: num: 24, size: 2596864	[47652768]
[minimap]: num: 39, size: 580480	[47652768]
Release file:.\texture\scene\020046.bmp
width: 0	height: 0	format: 25	mem_size:0
[scene]: num: 82, size: 7233536	[47652768]
[character]: num: -15, size: 1294336	[47652768]
[item]: num: 2, size: 622592	[47652768]
[ui]: num: 87, size: 14901152	[47652768]
[terrain]: num: 80, size: 20713472	[47652768]
[effect]: num: 24, size: 2596864	[47652768]
[minimap]: num: 39, size: 580480	[47652768]
Release file:.\texture\scene\020046.bmp
width: 0	height: 0	format: 25	mem_size:0
[scene]: num: 81, size: 7233536	[47652768]
[character]: num: -15, size: 1294336	[47652768]
[item]: num: 2, size: 622592	[47652768]
[ui]: num: 87, size: 14901152	[47652768]
[terrain]: num: 80, size: 20713472	[47652768]
[effect]: num: 24, size: 2596864	[47652768]
[minimap]: num: 39, size: 580480	[47652768]
Release file:.\texture\scene\020046.bmp
width: 0	height: 0	format: 25	mem_size:0
[scene]: num: 80, size: 7233536	[47652768]
[character]: num: -15, size: 1294336	[47652768]
[item]: num: 2, size: 622592	[47652768]
[ui]: num: 87, size: 14901152	[47652768]
[terrain]: num: 80, size: 20713472	[47652768]
[effect]: num: 24, size: 2596864	[47652768]
[minimap]: num: 39, size: 580480	[47652768]
Load file:.\texture\scene\020010.dds
width: 256	height: 256	format: 21	mem_size:32768
Load file:.\texture\scene\020011.dds
width: 256	height: 256	format: 21	mem_size:32768
[scene]: num: 81, size: 7266304	[47718304]
[scene]: num: 82, size: 7299072	[47718304]
[character]: num: -15, size: 1294336	[47718304]
[item]: num: 2, size: 622592	[47718304]
[character]: num: -15, size: 1294336	[47718304]
[ui]: num: 87, size: 14901152	[47718304]
[item]: num: 2, size: 622592	[47718304]
[terrain]: num: 80, size: 20713472	[47718304]
[ui]: num: 87, size: 14901152	[47718304]
[effect]: num: 24, size: 2596864	[47718304]
[terrain]: num: 80, size: 20713472	[47718304]
[minimap]: num: 39, size: 580480	[47718304]
[effect]: num: 24, size: 2596864	[47718304]
[minimap]: num: 39, size: 580480	[47718304]
Load file:.\texture\scene\020010.dds
width: 256	height: 256	format: 21	mem_size:32768
[scene]: num: 83, size: 7331840	[47751072]
[character]: num: -15, size: 1294336	[47751072]
[item]: num: 2, size: 622592	[47751072]
[ui]: num: 87, size: 14901152	[47751072]
[terrain]: num: 80, size: 20713472	[47751072]
[effect]: num: 24, size: 2596864	[47751072]
[minimap]: num: 39, size: 580480	[47751072]
Load file:.\texture\scene\020011.dds
width: 256	height: 256	format: 21	mem_size:32768
[scene]: num: 84, size: 7364608	[47783840]
[character]: num: -15, size: 1294336	[47783840]
[item]: num: 2, size: 622592	[47783840]
[ui]: num: 87, size: 14901152	[47783840]
[terrain]: num: 80, size: 20713472	[47783840]
[effect]: num: 24, size: 2596864	[47783840]
[minimap]: num: 39, size: 580480	[47783840]
Release file:.\texture\character\0139000000.bmp
width: 256	height: 256	format: 21	mem_size:262144
[scene]: num: 84, size: 7364608	[47521696]
[character]: num: -16, size: 1032192	[47521696]
[item]: num: 2, size: 622592	[47521696]
[ui]: num: 87, size: 14901152	[47521696]
[terrain]: num: 80, size: 20713472	[47521696]
[effect]: num: 24, size: 2596864	[47521696]
[minimap]: num: 39, size: 580480	[47521696]
Release file:.\texture\scene\010199.bmp
width: 256	height: 256	format: 21	mem_size:32768
[scene]: num: 83, size: 7331840	[47488928]
[character]: num: -16, size: 1032192	[47488928]
[item]: num: 2, size: 622592	[47488928]
[ui]: num: 87, size: 14901152	[47488928]
[terrain]: num: 80, size: 20713472	[47488928]
[effect]: num: 24, size: 2596864	[47488928]
[minimap]: num: 39, size: 580480	[47488928]
Release file:.\texture\scene\010200.bmp
width: 256	height: 256	format: 21	mem_size:32768
[scene]: num: 82, size: 7299072	[47456160]
[character]: num: -16, size: 1032192	[47456160]
[item]: num: 2, size: 622592	[47456160]
[ui]: num: 87, size: 14901152	[47456160]
[terrain]: num: 80, size: 20713472	[47456160]
[effect]: num: 24, size: 2596864	[47456160]
[minimap]: num: 39, size: 580480	[47456160]
Release file:.\texture\scene\010199.bmp
width: 0	height: 0	format: 25	mem_size:0
[scene]: num: 81, size: 7299072	[47456160]
[character]: num: -16, size: 1032192	[47456160]
[item]: num: 2, size: 622592	[47456160]
[ui]: num: 87, size: 14901152	[47456160]
[terrain]: num: 80, size: 20713472	[47456160]
[effect]: num: 24, size: 2596864	[47456160]
[minimap]: num: 39, size: 580480	[47456160]
Release file:.\texture\scene\010200.bmp
width: 0	height: 0	format: 25	mem_size:0
[scene]: num: 80, size: 7299072	[47456160]
[character]: num: -16, size: 1032192	[47456160]
[item]: num: 2, size: 622592	[47456160]
[ui]: num: 87, size: 14901152	[47456160]
[terrain]: num: 80, size: 20713472	[47456160]
[effect]: num: 24, size: 2596864	[47456160]
[minimap]: num: 39, size: 580480	[47456160]
Release file:.\texture\scene\010199.bmp
width: 0	height: 0	format: 25	mem_size:0
[scene]: num: 79, size: 7299072	[47456160]
[character]: num: -16, size: 1032192	[47456160]
[item]: num: 2, size: 622592	[47456160]
[ui]: num: 87, size: 14901152	[47456160]
[terrain]: num: 80, size: 20713472	[47456160]
[effect]: num: 24, size: 2596864	[47456160]
[minimap]: num: 39, size: 580480	[47456160]
Release file:.\texture\scene\010199.bmp
width: 0	height: 0	format: 25	mem_size:0
[scene]: num: 78, size: 7299072	[47456160]
[character]: num: -16, size: 1032192	[47456160]
[item]: num: 2, size: 622592	[47456160]
[ui]: num: 87, size: 14901152	[47456160]
[terrain]: num: 80, size: 20713472	[47456160]
[effect]: num: 24, size: 2596864	[47456160]
[minimap]: num: 39, size: 580480	[47456160]
Release file:.\texture\scene\010200.bmp
width: 0	height: 0	format: 25	mem_size:0
[scene]: num: 77, size: 7299072	[47456160]
[character]: num: -16, size: 1032192	[47456160]
[item]: num: 2, size: 622592	[47456160]
[ui]: num: 87, size: 14901152	[47456160]
[terrain]: num: 80, size: 20713472	[47456160]
[effect]: num: 24, size: 2596864	[47456160]
[minimap]: num: 39, size: 580480	[47456160]
Load file:texture/ui/custom/npcbackdrop/3.tga
width: 55	height: 44	format: 21	mem_size:9680
[scene]: num: 77, size: 7299072	[47465840]
[character]: num: -16, size: 1032192	[47465840]
[item]: num: 2, size: 622592	[47465840]
[ui]: num: 88, size: 14910832	[47465840]
[terrain]: num: 80, size: 20713472	[47465840]
[effect]: num: 24, size: 2596864	[47465840]
[minimap]: num: 39, size: 580480	[47465840]
Release file:.\texture\item\grim0027.bmp
width: 256	height: 256	format: 21	mem_size:262144
[scene]: num: 77, size: 7299072	[47203696]
[character]: num: -16, size: 1032192	[47203696]
[item]: num: 1, size: 360448	[47203696]
[ui]: num: 88, size: 14910832	[47203696]
[terrain]: num: 80, size: 20713472	[47203696]
[effect]: num: 24, size: 2596864	[47203696]
[minimap]: num: 39, size: 580480	[47203696]
Release file:.\texture\item\1.BMP
width: 0	height: 0	format: 25	mem_size:0
[scene]: num: 77, size: 7299072	[47203696]
[character]: num: -16, size: 1032192	[47203696]
[item]: num: 0, size: 360448	[47203696]
[ui]: num: 88, size: 14910832	[47203696]
[terrain]: num: 80, size: 20713472	[47203696]
[effect]: num: 24, size: 2596864	[47203696]
[minimap]: num: 39, size: 580480	[47203696]
Load file:.\texture\item\03090092.bmp
width: 64	height: 64	format: 21	mem_size:16384
[scene]: num: 77, size: 7299072	[47220080]
[character]: num: -16, size: 1032192	[47220080]
[item]: num: 1, size: 376832	[47220080]
[ui]: num: 88, size: 14910832	[47220080]
[terrain]: num: 80, size: 20713472	[47220080]
[effect]: num: 24, size: 2596864	[47220080]
[minimap]: num: 39, size: 580480	[47220080]
Load file:.\texture\item\targeta.BMP
width: 64	height: 64	format: 21	mem_size:16384
[scene]: num: 77, size: 7299072	[47236464]
[character]: num: -16, size: 1032192	[47236464]
[item]: num: 2, size: 393216	[47236464]
[ui]: num: 88, size: 14910832	[47236464]
[terrain]: num: 80, size: 20713472	[47236464]
[effect]: num: 24, size: 2596864	[47236464]
[minimap]: num: 39, size: 580480	[47236464]
Load file:.\texture\item\targeta.BMP
width: 64	height: 64	format: 21	mem_size:16384
[scene]: num: 77, size: 7299072	[47252848]
[character]: num: -16, size: 1032192	[47252848]
[item]: num: 3, size: 409600	[47252848]
[ui]: num: 88, size: 14910832	[47252848]
[terrain]: num: 80, size: 20713472	[47252848]
[effect]: num: 24, size: 2596864	[47252848]
[minimap]: num: 39, size: 580480	[47252848]
Release file:.\texture\item\grim0027.bmp
width: 256	height: 256	format: 21	mem_size:262144
[scene]: num: 77, size: 7299072	[46990704]
[character]: num: -16, size: 1032192	[46990704]
[item]: num: 2, size: 147456	[46990704]
[ui]: num: 88, size: 14910832	[46990704]
[terrain]: num: 80, size: 20713472	[46990704]
[effect]: num: 24, size: 2596864	[46990704]
[minimap]: num: 39, size: 580480	[46990704]
Release file:.\texture\item\1.BMP
width: 0	height: 0	format: 25	mem_size:0
[scene]: num: 77, size: 7299072	[46990704]
[character]: num: -16, size: 1032192	[46990704]
[item]: num: 1, size: 147456	[46990704]
[ui]: num: 88, size: 14910832	[46990704]
[terrain]: num: 80, size: 20713472	[46990704]
[effect]: num: 24, size: 2596864	[46990704]
[minimap]: num: 39, size: 580480	[46990704]
Load file:.\texture\item\10130014.bmp
width: 64	height: 64	format: 21	mem_size:16384
[scene]: num: 77, size: 7299072	[47007088]
[character]: num: -16, size: 1032192	[47007088]
[item]: num: 2, size: 163840	[47007088]
[ui]: num: 88, size: 14910832	[47007088]
[terrain]: num: 80, size: 20713472	[47007088]
[effect]: num: 24, size: 2596864	[47007088]
[minimap]: num: 39, size: 580480	[47007088]
Load file:.\texture\scene\020046.dds
width: 256	height: 256	format: 21	mem_size:32768
[scene]: num: 78, size: 7331840	[47039856]
[character]: num: -16, size: 1032192	[47039856]
[item]: num: 2, size: 163840	[47039856]
[ui]: num: 88, size: 14910832	[47039856]
[terrain]: num: 80, size: 20713472	[47039856]
[effect]: num: 24, size: 2596864	[47039856]
[minimap]: num: 39, size: 580480	[47039856]
Load file:.\texture\scene\020046.dds
width: 256	height: 256	format: 21	mem_size:32768
[scene]: num: 79, size: 7364608	[47072624]
[character]: num: -16, size: 1032192	[47072624]
[item]: num: 2, size: 163840	[47072624]
[ui]: num: 88, size: 14910832	[47072624]
[terrain]: num: 80, size: 20713472	[47072624]
[effect]: num: 24, size: 2596864	[47072624]
[minimap]: num: 39, size: 580480	[47072624]
Load file:.\texture\scene\020046.dds
width: 256	height: 256	format: 21	mem_size:32768
[scene]: num: 80, size: 7397376	[47105392]
[character]: num: -16, size: 1032192	[47105392]
[item]: num: 2, size: 163840	[47105392]
[ui]: num: 88, size: 14910832	[47105392]
[terrain]: num: 80, size: 20713472	[47105392]
[effect]: num: 24, size: 2596864	[47105392]
[minimap]: num: 39, size: 580480	[47105392]
Load file:texture\effect\submiss2.tga
width: 256	height: 64	format: 21	mem_size:65536
[scene]: num: 80, size: 7397376	[47170928]
[character]: num: -16, size: 1032192	[47170928]
[item]: num: 2, size: 163840	[47170928]
[ui]: num: 88, size: 14910832	[47170928]
[terrain]: num: 80, size: 20713472	[47170928]
[effect]: num: 25, size: 2662400	[47170928]
[minimap]: num: 39, size: 580480	[47170928]
Load file:texture\effect\subblood.tga
width: 512	height: 64	format: 21	mem_size:131072
[scene]: num: 80, size: 7397376	[47302000]
[character]: num: -16, size: 1032192	[47302000]
[item]: num: 2, size: 163840	[47302000]
[ui]: num: 88, size: 14910832	[47302000]
[terrain]: num: 80, size: 20713472	[47302000]
[effect]: num: 26, size: 2793472	[47302000]
[minimap]: num: 39, size: 580480	[47302000]
Load file:texture\effect\backnumber.tga
width: 32	height: 32	format: 21	mem_size:4096
[scene]: num: 80, size: 7397376	[47306096]
[character]: num: -16, size: 1032192	[47306096]
[item]: num: 2, size: 163840	[47306096]
[ui]: num: 88, size: 14910832	[47306096]
[terrain]: num: 80, size: 20713472	[47306096]
[effect]: num: 27, size: 2797568	[47306096]
[minimap]: num: 39, size: 580480	[47306096]
Release file:.\texture\item\10130014.bmp
width: 64	height: 64	format: 21	mem_size:16384
[scene]: num: 80, size: 7397376	[47289712]
[character]: num: -16, size: 1032192	[47289712]
[item]: num: 1, size: 147456	[47289712]
[ui]: num: 88, size: 14910832	[47289712]
[terrain]: num: 80, size: 20713472	[47289712]
[effect]: num: 27, size: 2797568	[47289712]
[minimap]: num: 39, size: 580480	[47289712]
Load file:.\texture\item\10130014.bmp
width: 64	height: 64	format: 21	mem_size:16384
[scene]: num: 80, size: 7397376	[47306096]
[character]: num: -16, size: 1032192	[47306096]
[item]: num: 2, size: 163840	[47306096]
[ui]: num: 88, size: 14910832	[47306096]
[terrain]: num: 80, size: 20713472	[47306096]
[effect]: num: 27, size: 2797568	[47306096]
[minimap]: num: 39, size: 580480	[47306096]
Release file:.\texture\character\0000000001.BMP
width: 0	height: 0	format: 25	mem_size:0
[scene]: num: 80, size: 7397376	[47306096]
[character]: num: -17, size: 1032192	[47306096]
[item]: num: 2, size: 163840	[47306096]
[ui]: num: 88, size: 14910832	[47306096]
[terrain]: num: 80, size: 20713472	[47306096]
[effect]: num: 27, size: 2797568	[47306096]
[minimap]: num: 39, size: 580480	[47306096]
Release file:.\texture\character\0000610002.bmp
width: 0	height: 0	format: 25	mem_size:0
[scene]: num: 80, size: 7397376	[47306096]
[character]: num: -18, size: 1032192	[47306096]
[item]: num: 2, size: 163840	[47306096]
[ui]: num: 88, size: 14910832	[47306096]
[terrain]: num: 80, size: 20713472	[47306096]
[effect]: num: 27, size: 2797568	[47306096]
[minimap]: num: 39, size: 580480	[47306096]
Release file:.\texture\character\0000610003.bmp
width: 0	height: 0	format: 25	mem_size:0
[scene]: num: 80, size: 7397376	[47306096]
[character]: num: -19, size: 1032192	[47306096]
[item]: num: 2, size: 163840	[47306096]
[ui]: num: 88, size: 14910832	[47306096]
[terrain]: num: 80, size: 20713472	[47306096]
[effect]: num: 27, size: 2797568	[47306096]
[minimap]: num: 39, size: 580480	[47306096]
Release file:.\texture\character\0000610004.bmp
width: 0	height: 0	format: 25	mem_size:0
[scene]: num: 80, size: 7397376	[47306096]
[character]: num: -20, size: 1032192	[47306096]
[item]: num: 2, size: 163840	[47306096]
[ui]: num: 88, size: 14910832	[47306096]
[terrain]: num: 80, size: 20713472	[47306096]
[effect]: num: 27, size: 2797568	[47306096]
[minimap]: num: 39, size: 580480	[47306096]
Release file:.\texture\item\10130014.bmp
width: 64	height: 64	format: 21	mem_size:16384
[scene]: num: 80, size: 7397376	[47289712]
[character]: num: -20, size: 1032192	[47289712]
[item]: num: 1, size: 147456	[47289712]
[ui]: num: 88, size: 14910832	[47289712]
[terrain]: num: 80, size: 20713472	[47289712]
[effect]: num: 27, size: 2797568	[47289712]
[minimap]: num: 39, size: 580480	[47289712]
Load file:.\texture\item\10130014.bmp
width: 64	height: 64	format: 21	mem_size:16384
[scene]: num: 80, size: 7397376	[47306096]
[character]: num: -20, size: 1032192	[47306096]
[item]: num: 2, size: 163840	[47306096]
[ui]: num: 88, size: 14910832	[47306096]
[terrain]: num: 80, size: 20713472	[47306096]
[effect]: num: 27, size: 2797568	[47306096]
[minimap]: num: 39, size: 580480	[47306096]
Release file:.\texture\item\10130014.bmp
width: 64	height: 64	format: 21	mem_size:16384
[scene]: num: 80, size: 7397376	[47289712]
[character]: num: -20, size: 1032192	[47289712]
[item]: num: 1, size: 147456	[47289712]
[ui]: num: 88, size: 14910832	[47289712]
[terrain]: num: 80, size: 20713472	[47289712]
[effect]: num: 27, size: 2797568	[47289712]
[minimap]: num: 39, size: 580480	[47289712]
Load file:.\texture\item\10130014.bmp
width: 64	height: 64	format: 21	mem_size:16384
[scene]: num: 80, size: 7397376	[47306096]
[character]: num: -20, size: 1032192	[47306096]
[item]: num: 2, size: 163840	[47306096]
[ui]: num: 88, size: 14910832	[47306096]
[terrain]: num: 80, size: 20713472	[47306096]
[effect]: num: 27, size: 2797568	[47306096]
[minimap]: num: 39, size: 580480	[47306096]
Release file:.\texture\item\10130014.bmp
width: 64	height: 64	format: 21	mem_size:16384
[scene]: num: 80, size: 7397376	[47289712]
[character]: num: -20, size: 1032192	[47289712]
[item]: num: 1, size: 147456	[47289712]
[ui]: num: 88, size: 14910832	[47289712]
[terrain]: num: 80, size: 20713472	[47289712]
[effect]: num: 27, size: 2797568	[47289712]
[minimap]: num: 39, size: 580480	[47289712]
Load file:.\texture\item\10130014.bmp
width: 64	height: 64	format: 21	mem_size:16384
[scene]: num: 80, size: 7397376	[47306096]
[character]: num: -20, size: 1032192	[47306096]
[item]: num: 2, size: 163840	[47306096]
[ui]: num: 88, size: 14910832	[47306096]
[terrain]: num: 80, size: 20713472	[47306096]
[effect]: num: 27, size: 2797568	[47306096]
[minimap]: num: 39, size: 580480	[47306096]
Release file:.\texture\item\sighgreen.BMP
width: 64	height: 64	format: 21	mem_size:16384
[scene]: num: 80, size: 7397376	[47289712]
[character]: num: -20, size: 1032192	[47289712]
[item]: num: 1, size: 147456	[47289712]
[ui]: num: 88, size: 14910832	[47289712]
[terrain]: num: 80, size: 20713472	[47289712]
[effect]: num: 27, size: 2797568	[47289712]
[minimap]: num: 39, size: 580480	[47289712]
Release file:.\texture\item\sighgreen.BMP
width: 64	height: 64	format: 21	mem_size:16384
[scene]: num: 80, size: 7397376	[47273328]
[character]: num: -20, size: 1032192	[47273328]
[item]: num: 0, size: 131072	[47273328]
[ui]: num: 88, size: 14910832	[47273328]
[terrain]: num: 80, size: 20713472	[47273328]
[effect]: num: 27, size: 2797568	[47273328]
[minimap]: num: 39, size: 580480	[47273328]
Load file:.\texture\item\10130014.bmp
width: 64	height: 64	format: 21	mem_size:16384
[scene]: num: 80, size: 7397376	[47289712]
[character]: num: -20, size: 1032192	[47289712]
[item]: num: 1, size: 147456	[47289712]
[ui]: num: 88, size: 14910832	[47289712]
[terrain]: num: 80, size: 20713472	[47289712]
[effect]: num: 27, size: 2797568	[47289712]
[minimap]: num: 39, size: 580480	[47289712]
Release file:.\texture\item\10130014.bmp
width: 64	height: 64	format: 21	mem_size:16384
[scene]: num: 80, size: 7397376	[47273328]
[character]: num: -20, size: 1032192	[47273328]
[item]: num: 0, size: 131072	[47273328]
[ui]: num: 88, size: 14910832	[47273328]
[terrain]: num: 80, size: 20713472	[47273328]
[effect]: num: 27, size: 2797568	[47273328]
[minimap]: num: 39, size: 580480	[47273328]
Load file:.\texture\item\10130014.bmp
width: 64	height: 64	format: 21	mem_size:16384
[scene]: num: 80, size: 7397376	[47289712]
[character]: num: -20, size: 1032192	[47289712]
[item]: num: 1, size: 147456	[47289712]
[ui]: num: 88, size: 14910832	[47289712]
[terrain]: num: 80, size: 20713472	[47289712]
[effect]: num: 27, size: 2797568	[47289712]
[minimap]: num: 39, size: 580480	[47289712]
Release file:.\texture\item\10130014.bmp
width: 64	height: 64	format: 21	mem_size:16384
[scene]: num: 80, size: 7397376	[47273328]
[character]: num: -20, size: 1032192	[47273328]
[item]: num: 0, size: 131072	[47273328]
[ui]: num: 88, size: 14910832	[47273328]
[terrain]: num: 80, size: 20713472	[47273328]
[effect]: num: 27, size: 2797568	[47273328]
[minimap]: num: 39, size: 580480	[47273328]
Load file:.\texture\item\10130014.bmp
width: 64	height: 64	format: 21	mem_size:16384
[scene]: num: 80, size: 7397376	[47289712]
[character]: num: -20, size: 1032192	[47289712]
[item]: num: 1, size: 147456	[47289712]
[ui]: num: 88, size: 14910832	[47289712]
[terrain]: num: 80, size: 20713472	[47289712]
[effect]: num: 27, size: 2797568	[47289712]
[minimap]: num: 39, size: 580480	[47289712]
Release file:.\texture\item\10130014.bmp
width: 64	height: 64	format: 21	mem_size:16384
[scene]: num: 80, size: 7397376	[47273328]
[character]: num: -20, size: 1032192	[47273328]
[item]: num: 0, size: 131072	[47273328]
[ui]: num: 88, size: 14910832	[47273328]
[terrain]: num: 80, size: 20713472	[47273328]
[effect]: num: 27, size: 2797568	[47273328]
[minimap]: num: 39, size: 580480	[47273328]
Load file:.\texture\item\10130014.bmp
width: 64	height: 64	format: 21	mem_size:16384
[scene]: num: 80, size: 7397376	[47289712]
[character]: num: -20, size: 1032192	[47289712]
[item]: num: 1, size: 147456	[47289712]
[ui]: num: 88, size: 14910832	[47289712]
[terrain]: num: 80, size: 20713472	[47289712]
[effect]: num: 27, size: 2797568	[47289712]
[minimap]: num: 39, size: 580480	[47289712]
Release file:.\texture\item\10100009.bmp
width: 64	height: 64	format: 21	mem_size:16384
[scene]: num: 80, size: 7397376	[47273328]
[character]: num: -20, size: 1032192	[47273328]
[item]: num: 0, size: 131072	[47273328]
[ui]: num: 88, size: 14910832	[47273328]
[terrain]: num: 80, size: 20713472	[47273328]
[effect]: num: 27, size: 2797568	[47273328]
[minimap]: num: 39, size: 580480	[47273328]
Load file:.\texture\item\10130014.bmp
width: 64	height: 64	format: 21	mem_size:16384
[scene]: num: 80, size: 7397376	[47289712]
[character]: num: -20, size: 1032192	[47289712]
[item]: num: 1, size: 147456	[47289712]
[ui]: num: 88, size: 14910832	[47289712]
[terrain]: num: 80, size: 20713472	[47289712]
[effect]: num: 27, size: 2797568	[47289712]
[minimap]: num: 39, size: 580480	[47289712]
Load file:.\texture\item\10130014.bmp
width: 64	height: 64	format: 21	mem_size:16384
[scene]: num: 80, size: 7397376	[47306096]
[character]: num: -20, size: 1032192	[47306096]
[item]: num: 2, size: 163840	[47306096]
[ui]: num: 88, size: 14910832	[47306096]
[terrain]: num: 80, size: 20713472	[47306096]
[effect]: num: 27, size: 2797568	[47306096]
[minimap]: num: 39, size: 580480	[47306096]
Release file:.\texture\item\10130014.bmp
width: 64	height: 64	format: 21	mem_size:16384
[scene]: num: 80, size: 7397376	[47289712]
[character]: num: -20, size: 1032192	[47289712]
[item]: num: 1, size: 147456	[47289712]
[ui]: num: 88, size: 14910832	[47289712]
[terrain]: num: 80, size: 20713472	[47289712]
[effect]: num: 27, size: 2797568	[47289712]
[minimap]: num: 39, size: 580480	[47289712]
Load file:.\texture\item\10130014.bmp
width: 64	height: 64	format: 21	mem_size:16384
[scene]: num: 80, size: 7397376	[47306096]
[character]: num: -20, size: 1032192	[47306096]
[item]: num: 2, size: 163840	[47306096]
[ui]: num: 88, size: 14910832	[47306096]
[terrain]: num: 80, size: 20713472	[47306096]
[effect]: num: 27, size: 2797568	[47306096]
[minimap]: num: 39, size: 580480	[47306096]
Release file:.\texture\item\10130014.bmp
width: 64	height: 64	format: 21	mem_size:16384
[scene]: num: 80, size: 7397376	[47289712]
[character]: num: -20, size: 1032192	[47289712]
[item]: num: 1, size: 147456	[47289712]
[ui]: num: 88, size: 14910832	[47289712]
[terrain]: num: 80, size: 20713472	[47289712]
[effect]: num: 27, size: 2797568	[47289712]
[minimap]: num: 39, size: 580480	[47289712]
Load file:.\texture\item\10130014.bmp
width: 64	height: 64	format: 21	mem_size:16384
[scene]: num: 80, size: 7397376	[47306096]
[character]: num: -20, size: 1032192	[47306096]
[item]: num: 2, size: 163840	[47306096]
[ui]: num: 88, size: 14910832	[47306096]
[terrain]: num: 80, size: 20713472	[47306096]
[effect]: num: 27, size: 2797568	[47306096]
[minimap]: num: 39, size: 580480	[47306096]
Release file:.\texture\item\03090092.bmp
width: 64	height: 64	format: 21	mem_size:16384
[scene]: num: 80, size: 7397376	[47289712]
[character]: num: -20, size: 1032192	[47289712]
[item]: num: 1, size: 147456	[47289712]
[ui]: num: 88, size: 14910832	[47289712]
[terrain]: num: 80, size: 20713472	[47289712]
[effect]: num: 27, size: 2797568	[47289712]
[minimap]: num: 39, size: 580480	[47289712]
Release file:.\texture\item\Outside.bmp
width: 0	height: 0	format: 25	mem_size:0
[scene]: num: 80, size: 7397376	[47289712]
[character]: num: -20, size: 1032192	[47289712]
[item]: num: 0, size: 147456	[47289712]
[ui]: num: 88, size: 14910832	[47289712]
[terrain]: num: 80, size: 20713472	[47289712]
[effect]: num: 27, size: 2797568	[47289712]
[minimap]: num: 39, size: 580480	[47289712]
Load file:.\texture\item\grim0027.bmp
width: 256	height: 256	format: 21	mem_size:262144
[scene]: num: 80, size: 7397376	[47551856]
[character]: num: -20, size: 1032192	[47551856]
[item]: num: 1, size: 409600	[47551856]
[ui]: num: 88, size: 14910832	[47551856]
[terrain]: num: 80, size: 20713472	[47551856]
[effect]: num: 27, size: 2797568	[47551856]
[minimap]: num: 39, size: 580480	[47551856]
Release file:.\texture\item\10130014.bmp
width: 64	height: 64	format: 21	mem_size:16384
[scene]: num: 80, size: 7397376	[47535472]
[character]: num: -20, size: 1032192	[47535472]
[item]: num: 0, size: 393216	[47535472]
[ui]: num: 88, size: 14910832	[47535472]
[terrain]: num: 80, size: 20713472	[47535472]
[effect]: num: 27, size: 2797568	[47535472]
[minimap]: num: 39, size: 580480	[47535472]
Load file:.\texture\item\grim0027.bmp
width: 256	height: 256	format: 21	mem_size:262144
[scene]: num: 80, size: 7397376	[47797616]
[character]: num: -20, size: 1032192	[47797616]
[item]: num: 1, size: 655360	[47797616]
[ui]: num: 88, size: 14910832	[47797616]
[terrain]: num: 80, size: 20713472	[47797616]
[effect]: num: 27, size: 2797568	[47797616]
[minimap]: num: 39, size: 580480	[47797616]
Release file:.\texture\character\0055000000.bmp
width: 128	height: 128	format: 21	mem_size:65536
[scene]: num: 80, size: 7397376	[47732080]
[character]: num: -21, size: 966656	[47732080]
[item]: num: 1, size: 655360	[47732080]
[ui]: num: 88, size: 14910832	[47732080]
[terrain]: num: 80, size: 20713472	[47732080]
[effect]: num: 27, size: 2797568	[47732080]
[minimap]: num: 39, size: 580480	[47732080]
Load file:.\texture\character\0139000000.bmp
width: 256	height: 256	format: 21	mem_size:262144
[scene]: num: 80, size: 7397376	[47994224]
[character]: num: -20, size: 1228800	[47994224]
[item]: num: 1, size: 655360	[47994224]
[ui]: num: 88, size: 14910832	[47994224]
[terrain]: num: 80, size: 20713472	[47994224]
[effect]: num: 27, size: 2797568	[47994224]
[minimap]: num: 39, size: 580480	[47994224]
Load file:texture/ui/ui2/system.png
width: 1500	height: 870	format: 21	mem_size:5220000
[scene]: num: 80, size: 7397376	[53214224]
[character]: num: -20, size: 1228800	[53214224]
[item]: num: 1, size: 655360	[53214224]
[ui]: num: 89, size: 20130832	[53214224]
[terrain]: num: 80, size: 20713472	[53214224]
[effect]: num: 27, size: 2797568	[53214224]
[minimap]: num: 39, size: 580480	[53214224]
Load file:.\texture\scene\010199.dds
width: 256	height: 256	format: 21	mem_size:32768
[scene]: num: 81, size: 7430144	[53246992]
[character]: num: -20, size: 1228800	[53246992]
[item]: num: 1, size: 655360	[53246992]
[ui]: num: 89, size: 20130832	[53246992]
[terrain]: num: 80, size: 20713472	[53246992]
[effect]: num: 27, size: 2797568	[53246992]
[minimap]: num: 39, size: 580480	[53246992]
Load file:.\texture\scene\020046.dds
width: 256	height: 256	format: 21	mem_size:32768
[scene]: num: 82, size: 7462912	[53279760]
[character]: num: -20, size: 1228800	[53279760]
[item]: num: 1, size: 655360	[53279760]
[ui]: num: 89, size: 20130832	[53279760]
[terrain]: num: 80, size: 20713472	[53279760]
[effect]: num: 27, size: 2797568	[53279760]
[minimap]: num: 39, size: 580480	[53279760]
Load file:.\texture\scene\020046.dds
width: 256	height: 256	format: 21	mem_size:32768
[scene]: num: 83, size: 7495680	[53312528]
[character]: num: -20, size: 1228800	[53312528]
[item]: num: 1, size: 655360	[53312528]
[ui]: num: 89, size: 20130832	[53312528]
[terrain]: num: 80, size: 20713472	[53312528]
[effect]: num: 27, size: 2797568	[53312528]
[minimap]: num: 39, size: 580480	[53312528]
Load file:.\texture\scene\010199.dds
width: 256	height: 256	format: 21	mem_size:32768
[scene]: num: 84, size: 7528448	[53345296]
[character]: num: -20, size: 1228800	[53345296]
[item]: num: 1, size: 655360	[53345296]
[ui]: num: 89, size: 20130832	[53345296]
[terrain]: num: 80, size: 20713472	[53345296]
[effect]: num: 27, size: 2797568	[53345296]
[minimap]: num: 39, size: 580480	[53345296]
Load file:.\texture\scene\010200.dds
width: 256	height: 256	format: 21	mem_size:32768
[scene]: num: 85, size: 7561216	[53378064]
[character]: num: -20, size: 1228800	[53378064]
[item]: num: 1, size: 655360	[53378064]
[ui]: num: 89, size: 20130832	[53378064]
[terrain]: num: 80, size: 20713472	[53378064]
[effect]: num: 27, size: 2797568	[53378064]
[minimap]: num: 39, size: 580480	[53378064]
Load file:.\texture\scene\020125.dds
width: 256	height: 256	format: 21	mem_size:32768
[scene]: num: 86, size: 7593984	[53410832]
[character]: num: -20, size: 1228800	[53410832]
[item]: num: 1, size: 655360	[53410832]
[ui]: num: 89, size: 20130832	[53410832]
[terrain]: num: 80, size: 20713472	[53410832]
[effect]: num: 27, size: 2797568	[53410832]
[minimap]: num: 39, size: 580480	[53410832]
Load file:.\texture\scene\020046.dds
width: 256	height: 256	format: 21	mem_size:32768
[scene]: num: 87, size: 7626752	[53443600]
[character]: num: -20, size: 1228800	[53443600]
[item]: num: 1, size: 655360	[53443600]
[ui]: num: 89, size: 20130832	[53443600]
[terrain]: num: 80, size: 20713472	[53443600]
[effect]: num: 27, size: 2797568	[53443600]
[minimap]: num: 39, size: 580480	[53443600]
Load file:.\texture\scene\020046.dds
width: 256	height: 256	format: 21	mem_size:32768
[scene]: num: 88, size: 7659520	[53476368]
[character]: num: -20, size: 1228800	[53476368]
[item]: num: 1, size: 655360	[53476368]
[ui]: num: 89, size: 20130832	[53476368]
[terrain]: num: 80, size: 20713472	[53476368]
[effect]: num: 27, size: 2797568	[53476368]
[minimap]: num: 39, size: 580480	[53476368]
Load file:.\texture\scene\020046.dds
width: 256	height: 256	format: 21	mem_size:32768
[scene]: num: 89, size: 7692288	[53509136]
[character]: num: -20, size: 1228800	[53509136]
[item]: num: 1, size: 655360	[53509136]
[ui]: num: 89, size: 20130832	[53509136]
[terrain]: num: 80, size: 20713472	[53509136]
[effect]: num: 27, size: 2797568	[53509136]
[minimap]: num: 39, size: 580480	[53509136]
Load file:.\texture\scene\010199.dds
width: 256	height: 256	format: 21	mem_size:32768
[scene]: num: 90, size: 7725056	[53541904]
[character]: num: -20, size: 1228800	[53541904]
[item]: num: 1, size: 655360	[53541904]
[ui]: num: 89, size: 20130832	[53541904]
[terrain]: num: 80, size: 20713472	[53541904]
[effect]: num: 27, size: 2797568	[53541904]
[minimap]: num: 39, size: 580480	[53541904]
Load file:.\texture\scene\010200.dds
width: 256	height: 256	format: 21	mem_size:32768
[scene]: num: 91, size: 7757824	[53574672]
[character]: num: -20, size: 1228800	[53574672]
[item]: num: 1, size: 655360	[53574672]
[ui]: num: 89, size: 20130832	[53574672]
[terrain]: num: 80, size: 20713472	[53574672]
[effect]: num: 27, size: 2797568	[53574672]
[minimap]: num: 39, size: 580480	[53574672]
Load file:texture/ui/ui2/alert.png
width: 1050	height: 1000	format: 21	mem_size:4200000
[scene]: num: 91, size: 7757824	[57774672]
[character]: num: -20, size: 1228800	[57774672]
[item]: num: 1, size: 655360	[57774672]
[ui]: num: 90, size: 24330832	[57774672]
[terrain]: num: 80, size: 20713472	[57774672]
[effect]: num: 27, size: 2797568	[57774672]
[minimap]: num: 39, size: 580480	[57774672]
Load file:texture/ui/ui2/secret.png
width: 1024	height: 900	format: 21	mem_size:3686400
[scene]: num: 91, size: 7757824	[61461072]
[character]: num: -20, size: 1228800	[61461072]
[item]: num: 1, size: 655360	[61461072]
[ui]: num: 91, size: 28017232	[61461072]
[terrain]: num: 80, size: 20713472	[61461072]
[effect]: num: 27, size: 2797568	[61461072]
[minimap]: num: 39, size: 580480	[61461072]
Release file:.\texture\character\0057000000.bmp
width: 128	height: 128	format: 21	mem_size:65536
[scene]: num: 91, size: 7757824	[61395536]
[character]: num: -21, size: 1163264	[61395536]
[item]: num: 1, size: 655360	[61395536]
[ui]: num: 91, size: 28017232	[61395536]
[terrain]: num: 80, size: 20713472	[61395536]
[effect]: num: 27, size: 2797568	[61395536]
[minimap]: num: 39, size: 580480	[61395536]
Release file:.\texture\character\0000000001.BMP
width: 0	height: 0	format: 25	mem_size:0
[scene]: num: 91, size: 7757824	[61395536]
[character]: num: -22, size: 1163264	[61395536]
[item]: num: 1, size: 655360	[61395536]
[ui]: num: 91, size: 28017232	[61395536]
[terrain]: num: 80, size: 20713472	[61395536]
[effect]: num: 27, size: 2797568	[61395536]
[minimap]: num: 39, size: 580480	[61395536]
Release file:.\texture\character\0000610002.bmp
width: 0	height: 0	format: 25	mem_size:0
[scene]: num: 91, size: 7757824	[61395536]
[character]: num: -23, size: 1163264	[61395536]
[item]: num: 1, size: 655360	[61395536]
[ui]: num: 91, size: 28017232	[61395536]
[terrain]: num: 80, size: 20713472	[61395536]
[effect]: num: 27, size: 2797568	[61395536]
[minimap]: num: 39, size: 580480	[61395536]
Release file:.\texture\character\0000610003.bmp
width: 0	height: 0	format: 25	mem_size:0
[scene]: num: 91, size: 7757824	[61395536]
[character]: num: -24, size: 1163264	[61395536]
[item]: num: 1, size: 655360	[61395536]
[ui]: num: 91, size: 28017232	[61395536]
[terrain]: num: 80, size: 20713472	[61395536]
[effect]: num: 27, size: 2797568	[61395536]
[minimap]: num: 39, size: 580480	[61395536]
Release file:.\texture\character\0000610004.bmp
width: 0	height: 0	format: 25	mem_size:0
[scene]: num: 91, size: 7757824	[61395536]
[character]: num: -25, size: 1163264	[61395536]
[item]: num: 1, size: 655360	[61395536]
[ui]: num: 91, size: 28017232	[61395536]
[terrain]: num: 80, size: 20713472	[61395536]
[effect]: num: 27, size: 2797568	[61395536]
[minimap]: num: 39, size: 580480	[61395536]
Release file:.\texture\character\0053000000.bmp
width: 64	height: 64	format: 21	mem_size:16384
[scene]: num: 91, size: 7757824	[61379152]
[character]: num: -26, size: 1146880	[61379152]
[item]: num: 1, size: 655360	[61379152]
[ui]: num: 91, size: 28017232	[61379152]
[terrain]: num: 80, size: 20713472	[61379152]
[effect]: num: 27, size: 2797568	[61379152]
[minimap]: num: 39, size: 580480	[61379152]
Release file:.\texture\character\0139000000.bmp
width: 256	height: 256	format: 21	mem_size:262144
[scene]: num: 91, size: 7757824	[61117008]
[character]: num: -27, size: 884736	[61117008]
[item]: num: 1, size: 655360	[61117008]
[ui]: num: 91, size: 28017232	[61117008]
[terrain]: num: 80, size: 20713472	[61117008]
[effect]: num: 27, size: 2797568	[61117008]
[minimap]: num: 39, size: 580480	[61117008]
Release file:.\texture\scene\020049.bmp
width: 0	height: 0	format: 25	mem_size:0
[scene]: num: 90, size: 7757824	[61117008]
[character]: num: -27, size: 884736	[61117008]
[item]: num: 1, size: 655360	[61117008]
[ui]: num: 91, size: 28017232	[61117008]
[terrain]: num: 80, size: 20713472	[61117008]
[effect]: num: 27, size: 2797568	[61117008]
[minimap]: num: 39, size: 580480	[61117008]
Release file:.\texture\scene\020049.bmp
width: 0	height: 0	format: 25	mem_size:0
[scene]: num: 89, size: 7757824	[61117008]
[character]: num: -27, size: 884736	[61117008]
[item]: num: 1, size: 655360	[61117008]
[ui]: num: 91, size: 28017232	[61117008]
[terrain]: num: 80, size: 20713472	[61117008]
[effect]: num: 27, size: 2797568	[61117008]
[minimap]: num: 39, size: 580480	[61117008]
Release file:.\texture\scene\010035.bmp
width: 0	height: 0	format: 25	mem_size:0
[scene]: num: 88, size: 7757824	[61117008]
[character]: num: -27, size: 884736	[61117008]
[item]: num: 1, size: 655360	[61117008]
[ui]: num: 91, size: 28017232	[61117008]
[terrain]: num: 80, size: 20713472	[61117008]
[effect]: num: 27, size: 2797568	[61117008]
[minimap]: num: 39, size: 580480	[61117008]
Release file:.\texture\scene\010036.bmp
width: 0	height: 0	format: 25	mem_size:0
[scene]: num: 87, size: 7757824	[61117008]
[character]: num: -27, size: 884736	[61117008]
[item]: num: 1, size: 655360	[61117008]
[ui]: num: 91, size: 28017232	[61117008]
[terrain]: num: 80, size: 20713472	[61117008]
[effect]: num: 27, size: 2797568	[61117008]
[minimap]: num: 39, size: 580480	[61117008]
Release file:.\texture\scene\010056.bmp
width: 0	height: 0	format: 25	mem_size:0
[scene]: num: 86, size: 7757824	[61117008]
[character]: num: -27, size: 884736	[61117008]
[item]: num: 1, size: 655360	[61117008]
[ui]: num: 91, size: 28017232	[61117008]
[terrain]: num: 80, size: 20713472	[61117008]
[effect]: num: 27, size: 2797568	[61117008]
[minimap]: num: 39, size: 580480	[61117008]
Release file:.\texture\scene\010036.bmp
width: 0	height: 0	format: 25	mem_size:0
[scene]: num: 85, size: 7757824	[61117008]
[character]: num: -27, size: 884736	[61117008]
[item]: num: 1, size: 655360	[61117008]
[ui]: num: 91, size: 28017232	[61117008]
[terrain]: num: 80, size: 20713472	[61117008]
[effect]: num: 27, size: 2797568	[61117008]
[minimap]: num: 39, size: 580480	[61117008]
Release file:.\texture\scene\010056.bmp
width: 0	height: 0	format: 25	mem_size:0
[scene]: num: 84, size: 7757824	[61117008]
[character]: num: -27, size: 884736	[61117008]
[item]: num: 1, size: 655360	[61117008]
[ui]: num: 91, size: 28017232	[61117008]
[terrain]: num: 80, size: 20713472	[61117008]
[effect]: num: 27, size: 2797568	[61117008]
[minimap]: num: 39, size: 580480	[61117008]
Release file:.\texture\scene\010035.bmp
width: 0	height: 0	format: 25	mem_size:0
[scene]: num: 83, size: 7757824	[61117008]
[character]: num: -27, size: 884736	[61117008]
[item]: num: 1, size: 655360	[61117008]
[ui]: num: 91, size: 28017232	[61117008]
[terrain]: num: 80, size: 20713472	[61117008]
[effect]: num: 27, size: 2797568	[61117008]
[minimap]: num: 39, size: 580480	[61117008]
Release file:.\texture\scene\010036.bmp
width: 0	height: 0	format: 25	mem_size:0
[scene]: num: 82, size: 7757824	[61117008]
[character]: num: -27, size: 884736	[61117008]
[item]: num: 1, size: 655360	[61117008]
[ui]: num: 91, size: 28017232	[61117008]
[terrain]: num: 80, size: 20713472	[61117008]
[effect]: num: 27, size: 2797568	[61117008]
[minimap]: num: 39, size: 580480	[61117008]
Release file:.\texture\scene\010056.bmp
width: 0	height: 0	format: 25	mem_size:0
[scene]: num: 81, size: 7757824	[61117008]
[character]: num: -27, size: 884736	[61117008]
[item]: num: 1, size: 655360	[61117008]
[ui]: num: 91, size: 28017232	[61117008]
[terrain]: num: 80, size: 20713472	[61117008]
[effect]: num: 27, size: 2797568	[61117008]
[minimap]: num: 39, size: 580480	[61117008]
Release file:.\texture\scene\010035.bmp
width: 0	height: 0	format: 25	mem_size:0
[scene]: num: 80, size: 7757824	[61117008]
[character]: num: -27, size: 884736	[61117008]
[item]: num: 1, size: 655360	[61117008]
[ui]: num: 91, size: 28017232	[61117008]
[terrain]: num: 80, size: 20713472	[61117008]
[effect]: num: 27, size: 2797568	[61117008]
[minimap]: num: 39, size: 580480	[61117008]
Release file:.\texture\scene\010036.bmp
width: 0	height: 0	format: 25	mem_size:0
[scene]: num: 79, size: 7757824	[61117008]
[character]: num: -27, size: 884736	[61117008]
[item]: num: 1, size: 655360	[61117008]
[ui]: num: 91, size: 28017232	[61117008]
[terrain]: num: 80, size: 20713472	[61117008]
[effect]: num: 27, size: 2797568	[61117008]
[minimap]: num: 39, size: 580480	[61117008]
Release file:.\texture\scene\010056.bmp
width: 0	height: 0	format: 25	mem_size:0
[scene]: num: 78, size: 7757824	[61117008]
[character]: num: -27, size: 884736	[61117008]
[item]: num: 1, size: 655360	[61117008]
[ui]: num: 91, size: 28017232	[61117008]
[terrain]: num: 80, size: 20713472	[61117008]
[effect]: num: 27, size: 2797568	[61117008]
[minimap]: num: 39, size: 580480	[61117008]
Release file:.\texture\scene\010035.bmp
width: 0	height: 0	format: 25	mem_size:0
[scene]: num: 77, size: 7757824	[61117008]
[character]: num: -27, size: 884736	[61117008]
[item]: num: 1, size: 655360	[61117008]
[ui]: num: 91, size: 28017232	[61117008]
[terrain]: num: 80, size: 20713472	[61117008]
[effect]: num: 27, size: 2797568	[61117008]
[minimap]: num: 39, size: 580480	[61117008]
Release file:.\texture\scene\010036.bmp
width: 0	height: 0	format: 25	mem_size:0
[scene]: num: 76, size: 7757824	[61117008]
[character]: num: -27, size: 884736	[61117008]
[item]: num: 1, size: 655360	[61117008]
[ui]: num: 91, size: 28017232	[61117008]
[terrain]: num: 80, size: 20713472	[61117008]
[effect]: num: 27, size: 2797568	[61117008]
[minimap]: num: 39, size: 580480	[61117008]
Release file:.\texture\scene\010056.bmp
width: 0	height: 0	format: 25	mem_size:0
[scene]: num: 75, size: 7757824	[61117008]
[character]: num: -27, size: 884736	[61117008]
[item]: num: 1, size: 655360	[61117008]
[ui]: num: 91, size: 28017232	[61117008]
[terrain]: num: 80, size: 20713472	[61117008]
[effect]: num: 27, size: 2797568	[61117008]
[minimap]: num: 39, size: 580480	[61117008]
Release file:.\texture\scene\010035.bmp
width: 0	height: 0	format: 25	mem_size:0
[scene]: num: 74, size: 7757824	[61117008]
[character]: num: -27, size: 884736	[61117008]
[item]: num: 1, size: 655360	[61117008]
[ui]: num: 91, size: 28017232	[61117008]
[terrain]: num: 80, size: 20713472	[61117008]
[effect]: num: 27, size: 2797568	[61117008]
[minimap]: num: 39, size: 580480	[61117008]
Release file:.\texture\scene\010036.bmp
width: 0	height: 0	format: 25	mem_size:0
[scene]: num: 73, size: 7757824	[61117008]
[character]: num: -27, size: 884736	[61117008]
[item]: num: 1, size: 655360	[61117008]
[ui]: num: 91, size: 28017232	[61117008]
[terrain]: num: 80, size: 20713472	[61117008]
[effect]: num: 27, size: 2797568	[61117008]
[minimap]: num: 39, size: 580480	[61117008]
Release file:.\texture\scene\010056.bmp
width: 0	height: 0	format: 25	mem_size:0
[scene]: num: 72, size: 7757824	[61117008]
[character]: num: -27, size: 884736	[61117008]
[item]: num: 1, size: 655360	[61117008]
[ui]: num: 91, size: 28017232	[61117008]
[terrain]: num: 80, size: 20713472	[61117008]
[effect]: num: 27, size: 2797568	[61117008]
[minimap]: num: 39, size: 580480	[61117008]
Release file:.\texture\scene\010036.bmp
width: 0	height: 0	format: 25	mem_size:0
[scene]: num: 71, size: 7757824	[61117008]
[character]: num: -27, size: 884736	[61117008]
[item]: num: 1, size: 655360	[61117008]
[ui]: num: 91, size: 28017232	[61117008]
[terrain]: num: 80, size: 20713472	[61117008]
[effect]: num: 27, size: 2797568	[61117008]
[minimap]: num: 39, size: 580480	[61117008]
Release file:.\texture\scene\010036.bmp
width: 0	height: 0	format: 25	mem_size:0
[scene]: num: 70, size: 7757824	[61117008]
[character]: num: -27, size: 884736	[61117008]
[item]: num: 1, size: 655360	[61117008]
[ui]: num: 91, size: 28017232	[61117008]
[terrain]: num: 80, size: 20713472	[61117008]
[effect]: num: 27, size: 2797568	[61117008]
[minimap]: num: 39, size: 580480	[61117008]
Release file:.\texture\scene\010036.bmp
width: 0	height: 0	format: 25	mem_size:0
[scene]: num: 69, size: 7757824	[61117008]
[character]: num: -27, size: 884736	[61117008]
[item]: num: 1, size: 655360	[61117008]
[ui]: num: 91, size: 28017232	[61117008]
[terrain]: num: 80, size: 20713472	[61117008]
[effect]: num: 27, size: 2797568	[61117008]
[minimap]: num: 39, size: 580480	[61117008]
Release file:.\texture\scene\010008.bmp
width: 0	height: 0	format: 25	mem_size:0
[scene]: num: 68, size: 7757824	[61117008]
[character]: num: -27, size: 884736	[61117008]
[item]: num: 1, size: 655360	[61117008]
[ui]: num: 91, size: 28017232	[61117008]
[terrain]: num: 80, size: 20713472	[61117008]
[effect]: num: 27, size: 2797568	[61117008]
[minimap]: num: 39, size: 580480	[61117008]
Release file:.\texture\scene\010009.bmp
width: 0	height: 0	format: 25	mem_size:0
[scene]: num: 67, size: 7757824	[61117008]
[character]: num: -27, size: 884736	[61117008]
[item]: num: 1, size: 655360	[61117008]
[ui]: num: 91, size: 28017232	[61117008]
[terrain]: num: 80, size: 20713472	[61117008]
[effect]: num: 27, size: 2797568	[61117008]
[minimap]: num: 39, size: 580480	[61117008]
Release file:.\texture\scene\010008.bmp
width: 0	height: 0	format: 25	mem_size:0
[scene]: num: 66, size: 7757824	[61117008]
[character]: num: -27, size: 884736	[61117008]
[item]: num: 1, size: 655360	[61117008]
[ui]: num: 91, size: 28017232	[61117008]
[terrain]: num: 80, size: 20713472	[61117008]
[effect]: num: 27, size: 2797568	[61117008]
[minimap]: num: 39, size: 580480	[61117008]
Release file:.\texture\scene\010009.bmp
width: 0	height: 0	format: 25	mem_size:0
[scene]: num: 65, size: 7757824	[61117008]
[character]: num: -27, size: 884736	[61117008]
[item]: num: 1, size: 655360	[61117008]
[ui]: num: 91, size: 28017232	[61117008]
[terrain]: num: 80, size: 20713472	[61117008]
[effect]: num: 27, size: 2797568	[61117008]
[minimap]: num: 39, size: 580480	[61117008]
Release file:.\texture\scene\010009.bmp
width: 0	height: 0	format: 25	mem_size:0
[scene]: num: 64, size: 7757824	[61117008]
[character]: num: -27, size: 884736	[61117008]
[item]: num: 1, size: 655360	[61117008]
[ui]: num: 91, size: 28017232	[61117008]
[terrain]: num: 80, size: 20713472	[61117008]
[effect]: num: 27, size: 2797568	[61117008]
[minimap]: num: 39, size: 580480	[61117008]
Release file:.\texture\scene\010009.bmp
width: 0	height: 0	format: 25	mem_size:0
[scene]: num: 63, size: 7757824	[61117008]
[character]: num: -27, size: 884736	[61117008]
[item]: num: 1, size: 655360	[61117008]
[ui]: num: 91, size: 28017232	[61117008]
[terrain]: num: 80, size: 20713472	[61117008]
[effect]: num: 27, size: 2797568	[61117008]
[minimap]: num: 39, size: 580480	[61117008]
Release file:.\texture\scene\010009.bmp
width: 0	height: 0	format: 25	mem_size:0
[scene]: num: 62, size: 7757824	[61117008]
[character]: num: -27, size: 884736	[61117008]
[item]: num: 1, size: 655360	[61117008]
[ui]: num: 91, size: 28017232	[61117008]
[terrain]: num: 80, size: 20713472	[61117008]
[effect]: num: 27, size: 2797568	[61117008]
[minimap]: num: 39, size: 580480	[61117008]
Release file:.\texture\scene\010004.bmp
width: 256	height: 256	format: 21	mem_size:32768
[scene]: num: 61, size: 7725056	[61084240]
[character]: num: -27, size: 884736	[61084240]
[item]: num: 1, size: 655360	[61084240]
[ui]: num: 91, size: 28017232	[61084240]
[terrain]: num: 80, size: 20713472	[61084240]
[effect]: num: 27, size: 2797568	[61084240]
[minimap]: num: 39, size: 580480	[61084240]
Release file:.\texture\scene\010004.bmp
width: 256	height: 256	format: 21	mem_size:32768
[scene]: num: 60, size: 7692288	[61051472]
[character]: num: -27, size: 884736	[61051472]
[item]: num: 1, size: 655360	[61051472]
[ui]: num: 91, size: 28017232	[61051472]
[terrain]: num: 80, size: 20713472	[61051472]
[effect]: num: 27, size: 2797568	[61051472]
[minimap]: num: 39, size: 580480	[61051472]
Release file:.\texture\scene\020040.dds
width: 256	height: 256	format: 21	mem_size:262144
[scene]: num: 59, size: 7430144	[60789328]
[character]: num: -27, size: 884736	[60789328]
[item]: num: 1, size: 655360	[60789328]
[ui]: num: 91, size: 28017232	[60789328]
[terrain]: num: 80, size: 20713472	[60789328]
[effect]: num: 27, size: 2797568	[60789328]
[minimap]: num: 39, size: 580480	[60789328]
Release file:.\texture\scene\020034.bmp
width: 256	height: 256	format: 21	mem_size:262144
[scene]: num: 58, size: 7168000	[60527184]
[character]: num: -27, size: 884736	[60527184]
[item]: num: 1, size: 655360	[60527184]
[ui]: num: 91, size: 28017232	[60527184]
[terrain]: num: 80, size: 20713472	[60527184]
[effect]: num: 27, size: 2797568	[60527184]
[minimap]: num: 39, size: 580480	[60527184]
Release file:.\texture\scene\020049.bmp
width: 0	height: 0	format: 25	mem_size:0
[scene]: num: 57, size: 7168000	[60527184]
[character]: num: -27, size: 884736	[60527184]
[item]: num: 1, size: 655360	[60527184]
[ui]: num: 91, size: 28017232	[60527184]
[terrain]: num: 80, size: 20713472	[60527184]
[effect]: num: 27, size: 2797568	[60527184]
[minimap]: num: 39, size: 580480	[60527184]
Release file:.\texture\scene\020064.bmp
width: 128	height: 128	format: 21	mem_size:8192
[scene]: num: 56, size: 7159808	[60518992]
[character]: num: -27, size: 884736	[60518992]
[item]: num: 1, size: 655360	[60518992]
[ui]: num: 91, size: 28017232	[60518992]
[terrain]: num: 80, size: 20713472	[60518992]
[effect]: num: 27, size: 2797568	[60518992]
[minimap]: num: 39, size: 580480	[60518992]
Release file:.\texture\scene\010267.dds
width: 256	height: 256	format: 21	mem_size:32768
[scene]: num: 55, size: 7127040	[60486224]
[character]: num: -27, size: 884736	[60486224]
[item]: num: 1, size: 655360	[60486224]
[ui]: num: 91, size: 28017232	[60486224]
[terrain]: num: 80, size: 20713472	[60486224]
[effect]: num: 27, size: 2797568	[60486224]
[minimap]: num: 39, size: 580480	[60486224]
Release file:.\texture\scene\010270.dds
width: 256	height: 256	format: 21	mem_size:32768
[scene]: num: 54, size: 7094272	[60453456]
[character]: num: -27, size: 884736	[60453456]
[item]: num: 1, size: 655360	[60453456]
[ui]: num: 91, size: 28017232	[60453456]
[terrain]: num: 80, size: 20713472	[60453456]
[effect]: num: 27, size: 2797568	[60453456]
[minimap]: num: 39, size: 580480	[60453456]
Release file:.\texture\scene\010267.dds
width: 256	height: 256	format: 21	mem_size:32768
[scene]: num: 53, size: 7061504	[60420688]
[character]: num: -27, size: 884736	[60420688]
[item]: num: 1, size: 655360	[60420688]
[ui]: num: 91, size: 28017232	[60420688]
[terrain]: num: 80, size: 20713472	[60420688]
[effect]: num: 27, size: 2797568	[60420688]
[minimap]: num: 39, size: 580480	[60420688]
Release file:.\texture\scene\020137.BMP
width: 256	height: 256	format: 21	mem_size:65536
[scene]: num: 52, size: 6995968	[60355152]
[character]: num: -27, size: 884736	[60355152]
[item]: num: 1, size: 655360	[60355152]
[ui]: num: 91, size: 28017232	[60355152]
[terrain]: num: 80, size: 20713472	[60355152]
[effect]: num: 27, size: 2797568	[60355152]
[minimap]: num: 39, size: 580480	[60355152]
Release file:.\texture\scene\020049.bmp
width: 0	height: 0	format: 25	mem_size:0
[scene]: num: 51, size: 6995968	[60355152]
[character]: num: -27, size: 884736	[60355152]
[item]: num: 1, size: 655360	[60355152]
[ui]: num: 91, size: 28017232	[60355152]
[terrain]: num: 80, size: 20713472	[60355152]
[effect]: num: 27, size: 2797568	[60355152]
[minimap]: num: 39, size: 580480	[60355152]
Release file:.\texture\scene\010011.bmp
width: 256	height: 256	format: 21	mem_size:262144
[scene]: num: 50, size: 6733824	[60093008]
[character]: num: -27, size: 884736	[60093008]
[item]: num: 1, size: 655360	[60093008]
[ui]: num: 91, size: 28017232	[60093008]
[terrain]: num: 80, size: 20713472	[60093008]
[effect]: num: 27, size: 2797568	[60093008]
[minimap]: num: 39, size: 580480	[60093008]
Release file:.\texture\scene\010005.bmp
width: 256	height: 256	format: 21	mem_size:32768
[scene]: num: 49, size: 6701056	[60060240]
[character]: num: -27, size: 884736	[60060240]
[item]: num: 1, size: 655360	[60060240]
[ui]: num: 91, size: 28017232	[60060240]
[terrain]: num: 80, size: 20713472	[60060240]
[effect]: num: 27, size: 2797568	[60060240]
[minimap]: num: 39, size: 580480	[60060240]
Release file:.\texture\scene\010011.bmp
width: 256	height: 256	format: 21	mem_size:262144
[scene]: num: 48, size: 6438912	[59798096]
[character]: num: -27, size: 884736	[59798096]
[item]: num: 1, size: 655360	[59798096]
[ui]: num: 91, size: 28017232	[59798096]
[terrain]: num: 80, size: 20713472	[59798096]
[effect]: num: 27, size: 2797568	[59798096]
[minimap]: num: 39, size: 580480	[59798096]
Release file:.\texture\scene\010011.bmp
width: 256	height: 256	format: 21	mem_size:262144
[scene]: num: 47, size: 6176768	[59535952]
[character]: num: -27, size: 884736	[59535952]
[item]: num: 1, size: 655360	[59535952]
[ui]: num: 91, size: 28017232	[59535952]
[terrain]: num: 80, size: 20713472	[59535952]
[effect]: num: 27, size: 2797568	[59535952]
[minimap]: num: 39, size: 580480	[59535952]
Release file:.\texture\scene\010005.bmp
width: 256	height: 256	format: 21	mem_size:32768
[scene]: num: 46, size: 6144000	[59503184]
[character]: num: -27, size: 884736	[59503184]
[item]: num: 1, size: 655360	[59503184]
[ui]: num: 91, size: 28017232	[59503184]
[terrain]: num: 80, size: 20713472	[59503184]
[effect]: num: 27, size: 2797568	[59503184]
[minimap]: num: 39, size: 580480	[59503184]
Release file:.\texture\scene\020006.bmp
width: 0	height: 0	format: 25	mem_size:0
[scene]: num: 45, size: 6144000	[59503184]
[character]: num: -27, size: 884736	[59503184]
[item]: num: 1, size: 655360	[59503184]
[ui]: num: 91, size: 28017232	[59503184]
[terrain]: num: 80, size: 20713472	[59503184]
[effect]: num: 27, size: 2797568	[59503184]
[minimap]: num: 39, size: 580480	[59503184]
Release file:.\texture\scene\020008.bmp
width: 0	height: 0	format: 25	mem_size:0
[scene]: num: 44, size: 6144000	[59503184]
[character]: num: -27, size: 884736	[59503184]
[item]: num: 1, size: 655360	[59503184]
[ui]: num: 91, size: 28017232	[59503184]
[terrain]: num: 80, size: 20713472	[59503184]
[effect]: num: 27, size: 2797568	[59503184]
[minimap]: num: 39, size: 580480	[59503184]
Release file:.\texture\scene\010268.dds
width: 256	height: 256	format: 21	mem_size:262144
[scene]: num: 43, size: 5881856	[59241040]
[character]: num: -27, size: 884736	[59241040]
[item]: num: 1, size: 655360	[59241040]
[ui]: num: 91, size: 28017232	[59241040]
[terrain]: num: 80, size: 20713472	[59241040]
[effect]: num: 27, size: 2797568	[59241040]
[minimap]: num: 39, size: 580480	[59241040]
Release file:.\texture\scene\010270.dds
width: 256	height: 256	format: 21	mem_size:32768
[scene]: num: 42, size: 5849088	[59208272]
[character]: num: -27, size: 884736	[59208272]
[item]: num: 1, size: 655360	[59208272]
[ui]: num: 91, size: 28017232	[59208272]
[terrain]: num: 80, size: 20713472	[59208272]
[effect]: num: 27, size: 2797568	[59208272]
[minimap]: num: 39, size: 580480	[59208272]
Release file:.\texture\scene\010269.dds
width: 128	height: 64	format: 21	mem_size:4096
[scene]: num: 41, size: 5844992	[59204176]
[character]: num: -27, size: 884736	[59204176]
[item]: num: 1, size: 655360	[59204176]
[ui]: num: 91, size: 28017232	[59204176]
[terrain]: num: 80, size: 20713472	[59204176]
[effect]: num: 27, size: 2797568	[59204176]
[minimap]: num: 39, size: 580480	[59204176]
Release file:.\texture\scene\010269.dds
width: 128	height: 64	format: 21	mem_size:4096
[scene]: num: 40, size: 5840896	[59200080]
[character]: num: -27, size: 884736	[59200080]
[item]: num: 1, size: 655360	[59200080]
[ui]: num: 91, size: 28017232	[59200080]
[terrain]: num: 80, size: 20713472	[59200080]
[effect]: num: 27, size: 2797568	[59200080]
[minimap]: num: 39, size: 580480	[59200080]
Release file:.\texture\scene\010270.dds
width: 256	height: 256	format: 21	mem_size:32768
[scene]: num: 39, size: 5808128	[59167312]
[character]: num: -27, size: 884736	[59167312]
[item]: num: 1, size: 655360	[59167312]
[ui]: num: 91, size: 28017232	[59167312]
[terrain]: num: 80, size: 20713472	[59167312]
[effect]: num: 27, size: 2797568	[59167312]
[minimap]: num: 39, size: 580480	[59167312]
Release file:.\texture\scene\010270.dds
width: 256	height: 256	format: 21	mem_size:32768
[scene]: num: 38, size: 5775360	[59134544]
[character]: num: -27, size: 884736	[59134544]
[item]: num: 1, size: 655360	[59134544]
[ui]: num: 91, size: 28017232	[59134544]
[terrain]: num: 80, size: 20713472	[59134544]
[effect]: num: 27, size: 2797568	[59134544]
[minimap]: num: 39, size: 580480	[59134544]
Release file:.\texture\scene\010270.dds
width: 256	height: 256	format: 21	mem_size:32768
[scene]: num: 37, size: 5742592	[59101776]
[character]: num: -27, size: 884736	[59101776]
[item]: num: 1, size: 655360	[59101776]
[ui]: num: 91, size: 28017232	[59101776]
[terrain]: num: 80, size: 20713472	[59101776]
[effect]: num: 27, size: 2797568	[59101776]
[minimap]: num: 39, size: 580480	[59101776]
Release file:.\texture\scene\010270.dds
width: 256	height: 256	format: 21	mem_size:32768
[scene]: num: 36, size: 5709824	[59069008]
[character]: num: -27, size: 884736	[59069008]
[item]: num: 1, size: 655360	[59069008]
[ui]: num: 91, size: 28017232	[59069008]
[terrain]: num: 80, size: 20713472	[59069008]
[effect]: num: 27, size: 2797568	[59069008]
[minimap]: num: 39, size: 580480	[59069008]
Release file:.\texture\scene\010031.bmp
width: 256	height: 256	format: 21	mem_size:32768
[scene]: num: 35, size: 5677056	[59036240]
[character]: num: -27, size: 884736	[59036240]
[item]: num: 1, size: 655360	[59036240]
[ui]: num: 91, size: 28017232	[59036240]
[terrain]: num: 80, size: 20713472	[59036240]
[effect]: num: 27, size: 2797568	[59036240]
[minimap]: num: 39, size: 580480	[59036240]
Release file:.\texture\scene\010032.bmp
width: 256	height: 256	format: 21	mem_size:262144
[scene]: num: 34, size: 5414912	[58774096]
[character]: num: -27, size: 884736	[58774096]
[item]: num: 1, size: 655360	[58774096]
[ui]: num: 91, size: 28017232	[58774096]
[terrain]: num: 80, size: 20713472	[58774096]
[effect]: num: 27, size: 2797568	[58774096]
[minimap]: num: 39, size: 580480	[58774096]
Release file:.\texture\scene\020060.dds
width: 0	height: 0	format: 25	mem_size:0
[scene]: num: 33, size: 5414912	[58774096]
[character]: num: -27, size: 884736	[58774096]
[item]: num: 1, size: 655360	[58774096]
[ui]: num: 91, size: 28017232	[58774096]
[terrain]: num: 80, size: 20713472	[58774096]
[effect]: num: 27, size: 2797568	[58774096]
[minimap]: num: 39, size: 580480	[58774096]
Release file:.\texture\scene\010018.bmp
width: 256	height: 256	format: 21	mem_size:262144
[scene]: num: 32, size: 5152768	[58511952]
[character]: num: -27, size: 884736	[58511952]
[item]: num: 1, size: 655360	[58511952]
[ui]: num: 91, size: 28017232	[58511952]
[terrain]: num: 80, size: 20713472	[58511952]
[effect]: num: 27, size: 2797568	[58511952]
[minimap]: num: 39, size: 580480	[58511952]
Release file:.\texture\scene\010019.bmp
width: 256	height: 256	format: 21	mem_size:32768
[scene]: num: 31, size: 5120000	[58479184]
[character]: num: -27, size: 884736	[58479184]
[item]: num: 1, size: 655360	[58479184]
[ui]: num: 91, size: 28017232	[58479184]
[terrain]: num: 80, size: 20713472	[58479184]
[effect]: num: 27, size: 2797568	[58479184]
[minimap]: num: 39, size: 580480	[58479184]
Release file:.\texture\scene\010018.bmp
width: 256	height: 256	format: 21	mem_size:262144
[scene]: num: 30, size: 4857856	[58217040]
[character]: num: -27, size: 884736	[58217040]
[item]: num: 1, size: 655360	[58217040]
[ui]: num: 91, size: 28017232	[58217040]
[terrain]: num: 80, size: 20713472	[58217040]
[effect]: num: 27, size: 2797568	[58217040]
[minimap]: num: 39, size: 580480	[58217040]
Release file:.\texture\scene\010019.bmp
width: 256	height: 256	format: 21	mem_size:32768
[scene]: num: 29, size: 4825088	[58184272]
[character]: num: -27, size: 884736	[58184272]
[item]: num: 1, size: 655360	[58184272]
[ui]: num: 91, size: 28017232	[58184272]
[terrain]: num: 80, size: 20713472	[58184272]
[effect]: num: 27, size: 2797568	[58184272]
[minimap]: num: 39, size: 580480	[58184272]
Release file:.\texture\scene\020012.bmp
width: 256	height: 256	format: 21	mem_size:32768
[scene]: num: 28, size: 4792320	[58151504]
[character]: num: -27, size: 884736	[58151504]
[item]: num: 1, size: 655360	[58151504]
[ui]: num: 91, size: 28017232	[58151504]
[terrain]: num: 80, size: 20713472	[58151504]
[effect]: num: 27, size: 2797568	[58151504]
[minimap]: num: 39, size: 580480	[58151504]
Release file:.\texture\scene\020017.bmp
width: 128	height: 128	format: 21	mem_size:65536
[scene]: num: 27, size: 4726784	[58085968]
[character]: num: -27, size: 884736	[58085968]
[item]: num: 1, size: 655360	[58085968]
[ui]: num: 91, size: 28017232	[58085968]
[terrain]: num: 80, size: 20713472	[58085968]
[effect]: num: 27, size: 2797568	[58085968]
[minimap]: num: 39, size: 580480	[58085968]
Release file:.\texture\scene\020017.bmp
width: 128	height: 128	format: 21	mem_size:65536
[scene]: num: 26, size: 4661248	[58020432]
[character]: num: -27, size: 884736	[58020432]
[item]: num: 1, size: 655360	[58020432]
[ui]: num: 91, size: 28017232	[58020432]
[terrain]: num: 80, size: 20713472	[58020432]
[effect]: num: 27, size: 2797568	[58020432]
[minimap]: num: 39, size: 580480	[58020432]
Release file:.\texture\scene\020257.dds
width: 256	height: 256	format: 21	mem_size:65536
[scene]: num: 25, size: 4595712	[57954896]
[character]: num: -27, size: 884736	[57954896]
[item]: num: 1, size: 655360	[57954896]
[ui]: num: 91, size: 28017232	[57954896]
[terrain]: num: 80, size: 20713472	[57954896]
[effect]: num: 27, size: 2797568	[57954896]
[minimap]: num: 39, size: 580480	[57954896]
Release file:.\texture\scene\020257.dds
width: 256	height: 256	format: 21	mem_size:65536
[scene]: num: 24, size: 4530176	[57889360]
[character]: num: -27, size: 884736	[57889360]
[item]: num: 1, size: 655360	[57889360]
[ui]: num: 91, size: 28017232	[57889360]
[terrain]: num: 80, size: 20713472	[57889360]
[effect]: num: 27, size: 2797568	[57889360]
[minimap]: num: 39, size: 580480	[57889360]
Release file:.\texture\scene\020257.dds
width: 256	height: 256	format: 21	mem_size:65536
[scene]: num: 23, size: 4464640	[57823824]
[character]: num: -27, size: 884736	[57823824]
[item]: num: 1, size: 655360	[57823824]
[ui]: num: 91, size: 28017232	[57823824]
[terrain]: num: 80, size: 20713472	[57823824]
[effect]: num: 27, size: 2797568	[57823824]
[minimap]: num: 39, size: 580480	[57823824]
Release file:.\texture\scene\020257.dds
width: 256	height: 256	format: 21	mem_size:65536
[scene]: num: 22, size: 4399104	[57758288]
[character]: num: -27, size: 884736	[57758288]
[item]: num: 1, size: 655360	[57758288]
[ui]: num: 91, size: 28017232	[57758288]
[terrain]: num: 80, size: 20713472	[57758288]
[effect]: num: 27, size: 2797568	[57758288]
[minimap]: num: 39, size: 580480	[57758288]
Release file:.\texture\scene\020257.dds
width: 256	height: 256	format: 21	mem_size:65536
[scene]: num: 21, size: 4333568	[57692752]
[character]: num: -27, size: 884736	[57692752]
[item]: num: 1, size: 655360	[57692752]
[ui]: num: 91, size: 28017232	[57692752]
[terrain]: num: 80, size: 20713472	[57692752]
[effect]: num: 27, size: 2797568	[57692752]
[minimap]: num: 39, size: 580480	[57692752]
Release file:.\texture\scene\020062.BMP
width: 256	height: 256	format: 21	mem_size:65536
[scene]: num: 20, size: 4268032	[57627216]
[character]: num: -27, size: 884736	[57627216]
[item]: num: 1, size: 655360	[57627216]
[ui]: num: 91, size: 28017232	[57627216]
[terrain]: num: 80, size: 20713472	[57627216]
[effect]: num: 27, size: 2797568	[57627216]
[minimap]: num: 39, size: 580480	[57627216]
Release file:.\texture\scene\020081.bmp
width: 256	height: 256	format: 21	mem_size:32768
[scene]: num: 19, size: 4235264	[57594448]
[character]: num: -27, size: 884736	[57594448]
[item]: num: 1, size: 655360	[57594448]
[ui]: num: 91, size: 28017232	[57594448]
[terrain]: num: 80, size: 20713472	[57594448]
[effect]: num: 27, size: 2797568	[57594448]
[minimap]: num: 39, size: 580480	[57594448]
Release file:.\texture\scene\020125.bmp
width: 256	height: 256	format: 21	mem_size:32768
[scene]: num: 18, size: 4202496	[57561680]
[character]: num: -27, size: 884736	[57561680]
[item]: num: 1, size: 655360	[57561680]
[ui]: num: 91, size: 28017232	[57561680]
[terrain]: num: 80, size: 20713472	[57561680]
[effect]: num: 27, size: 2797568	[57561680]
[minimap]: num: 39, size: 580480	[57561680]
Release file:.\texture\scene\020013.bmp
width: 256	height: 64	format: 21	mem_size:8192
[scene]: num: 17, size: 4194304	[57553488]
[character]: num: -27, size: 884736	[57553488]
[item]: num: 1, size: 655360	[57553488]
[ui]: num: 91, size: 28017232	[57553488]
[terrain]: num: 80, size: 20713472	[57553488]
[effect]: num: 27, size: 2797568	[57553488]
[minimap]: num: 39, size: 580480	[57553488]
Release file:.\texture\scene\020034.bmp
width: 0	height: 0	format: 25	mem_size:0
[scene]: num: 16, size: 4194304	[57553488]
[character]: num: -27, size: 884736	[57553488]
[item]: num: 1, size: 655360	[57553488]
[ui]: num: 91, size: 28017232	[57553488]
[terrain]: num: 80, size: 20713472	[57553488]
[effect]: num: 27, size: 2797568	[57553488]
[minimap]: num: 39, size: 580480	[57553488]
Release file:.\texture\scene\020013.bmp
width: 256	height: 64	format: 21	mem_size:8192
[scene]: num: 15, size: 4186112	[57545296]
[character]: num: -27, size: 884736	[57545296]
[item]: num: 1, size: 655360	[57545296]
[ui]: num: 91, size: 28017232	[57545296]
[terrain]: num: 80, size: 20713472	[57545296]
[effect]: num: 27, size: 2797568	[57545296]
[minimap]: num: 39, size: 580480	[57545296]
Release file:.\texture\scene\020005.bmp
width: 256	height: 256	format: 21	mem_size:262144
[scene]: num: 14, size: 3923968	[57283152]
[character]: num: -27, size: 884736	[57283152]
[item]: num: 1, size: 655360	[57283152]
[ui]: num: 91, size: 28017232	[57283152]
[terrain]: num: 80, size: 20713472	[57283152]
[effect]: num: 27, size: 2797568	[57283152]
[minimap]: num: 39, size: 580480	[57283152]
Release file:.\texture\scene\010010.bmp
width: 256	height: 256	format: 21	mem_size:32768
[scene]: num: 13, size: 3891200	[57250384]
[character]: num: -27, size: 884736	[57250384]
[item]: num: 1, size: 655360	[57250384]
[ui]: num: 91, size: 28017232	[57250384]
[terrain]: num: 80, size: 20713472	[57250384]
[effect]: num: 27, size: 2797568	[57250384]
[minimap]: num: 39, size: 580480	[57250384]
Release file:.\texture\scene\020001.bmp
width: 256	height: 256	format: 21	mem_size:32768
[scene]: num: 12, size: 3858432	[57217616]
[character]: num: -27, size: 884736	[57217616]
[item]: num: 1, size: 655360	[57217616]
[ui]: num: 91, size: 28017232	[57217616]
[terrain]: num: 80, size: 20713472	[57217616]
[effect]: num: 27, size: 2797568	[57217616]
[minimap]: num: 39, size: 580480	[57217616]
Release file:.\texture\scene\020005.bmp
width: 256	height: 256	format: 21	mem_size:262144
[scene]: num: 11, size: 3596288	[56955472]
[character]: num: -27, size: 884736	[56955472]
[item]: num: 1, size: 655360	[56955472]
[ui]: num: 91, size: 28017232	[56955472]
[terrain]: num: 80, size: 20713472	[56955472]
[effect]: num: 27, size: 2797568	[56955472]
[minimap]: num: 39, size: 580480	[56955472]
Release file:.\texture\scene\020005.bmp
width: 256	height: 256	format: 21	mem_size:262144
[scene]: num: 10, size: 3334144	[56693328]
[character]: num: -27, size: 884736	[56693328]
[item]: num: 1, size: 655360	[56693328]
[ui]: num: 91, size: 28017232	[56693328]
[terrain]: num: 80, size: 20713472	[56693328]
[effect]: num: 27, size: 2797568	[56693328]
[minimap]: num: 39, size: 580480	[56693328]
Release file:.\texture\scene\020095.bmp
width: 256	height: 256	format: 21	mem_size:65536
[scene]: num: 9, size: 3268608	[56627792]
[character]: num: -27, size: 884736	[56627792]
[item]: num: 1, size: 655360	[56627792]
[ui]: num: 91, size: 28017232	[56627792]
[terrain]: num: 80, size: 20713472	[56627792]
[effect]: num: 27, size: 2797568	[56627792]
[minimap]: num: 39, size: 580480	[56627792]
Release file:.\texture\scene\020044.bmp
width: 0	height: 0	format: 25	mem_size:0
[scene]: num: 8, size: 3268608	[56627792]
[character]: num: -27, size: 884736	[56627792]
[item]: num: 1, size: 655360	[56627792]
[ui]: num: 91, size: 28017232	[56627792]
[terrain]: num: 80, size: 20713472	[56627792]
[effect]: num: 27, size: 2797568	[56627792]
[minimap]: num: 39, size: 580480	[56627792]
Release file:.\texture\scene\020060.bmp
width: 0	height: 0	format: 25	mem_size:0
[scene]: num: 7, size: 3268608	[56627792]
[character]: num: -27, size: 884736	[56627792]
[item]: num: 1, size: 655360	[56627792]
[ui]: num: 91, size: 28017232	[56627792]
[terrain]: num: 80, size: 20713472	[56627792]
[effect]: num: 27, size: 2797568	[56627792]
[minimap]: num: 39, size: 580480	[56627792]
Release file:.\texture\scene\020045.bmp
width: 0	height: 0	format: 25	mem_size:0
[scene]: num: 6, size: 3268608	[56627792]
[character]: num: -27, size: 884736	[56627792]
[item]: num: 1, size: 655360	[56627792]
[ui]: num: 91, size: 28017232	[56627792]
[terrain]: num: 80, size: 20713472	[56627792]
[effect]: num: 27, size: 2797568	[56627792]
[minimap]: num: 39, size: 580480	[56627792]
Release file:.\texture\scene\020044.bmp
width: 0	height: 0	format: 25	mem_size:0
[scene]: num: 5, size: 3268608	[56627792]
[character]: num: -27, size: 884736	[56627792]
[item]: num: 1, size: 655360	[56627792]
[ui]: num: 91, size: 28017232	[56627792]
[terrain]: num: 80, size: 20713472	[56627792]
[effect]: num: 27, size: 2797568	[56627792]
[minimap]: num: 39, size: 580480	[56627792]
Release file:.\texture\scene\020045.bmp
width: 0	height: 0	format: 25	mem_size:0
[scene]: num: 4, size: 3268608	[56627792]
[character]: num: -27, size: 884736	[56627792]
[item]: num: 1, size: 655360	[56627792]
[ui]: num: 91, size: 28017232	[56627792]
[terrain]: num: 80, size: 20713472	[56627792]
[effect]: num: 27, size: 2797568	[56627792]
[minimap]: num: 39, size: 580480	[56627792]
Release file:.\texture\scene\020005.bmp
width: 0	height: 0	format: 25	mem_size:0
[scene]: num: 3, size: 3268608	[56627792]
[character]: num: -27, size: 884736	[56627792]
[item]: num: 1, size: 655360	[56627792]
[ui]: num: 91, size: 28017232	[56627792]
[terrain]: num: 80, size: 20713472	[56627792]
[effect]: num: 27, size: 2797568	[56627792]
[minimap]: num: 39, size: 580480	[56627792]
Release file:.\texture\scene\020004.bmp
width: 256	height: 256	format: 21	mem_size:262144
[scene]: num: 2, size: 3006464	[56365648]
[character]: num: -27, size: 884736	[56365648]
[item]: num: 1, size: 655360	[56365648]
[ui]: num: 91, size: 28017232	[56365648]
[terrain]: num: 80, size: 20713472	[56365648]
[effect]: num: 27, size: 2797568	[56365648]
[minimap]: num: 39, size: 580480	[56365648]
Release file:.\texture\scene\020014.bmp
width: 0	height: 0	format: 25	mem_size:0
[scene]: num: 1, size: 3006464	[56365648]
[character]: num: -27, size: 884736	[56365648]
[item]: num: 1, size: 655360	[56365648]
[ui]: num: 91, size: 28017232	[56365648]
[terrain]: num: 80, size: 20713472	[56365648]
[effect]: num: 27, size: 2797568	[56365648]
[minimap]: num: 39, size: 580480	[56365648]
Release file:.\texture\scene\020014.bmp
width: 0	height: 0	format: 25	mem_size:0
[scene]: num: 0, size: 3006464	[56365648]
[character]: num: -27, size: 884736	[56365648]
[item]: num: 1, size: 655360	[56365648]
[ui]: num: 91, size: 28017232	[56365648]
[terrain]: num: 80, size: 20713472	[56365648]
[effect]: num: 27, size: 2797568	[56365648]
[minimap]: num: 39, size: 580480	[56365648]
Release file:.\texture\scene\020013.bmp
width: 256	height: 64	format: 21	mem_size:8192
[scene]: num: -1, size: 2998272	[56357456]
[character]: num: -27, size: 884736	[56357456]
[item]: num: 1, size: 655360	[56357456]
[ui]: num: 91, size: 28017232	[56357456]
[terrain]: num: 80, size: 20713472	[56357456]
[effect]: num: 27, size: 2797568	[56357456]
[minimap]: num: 39, size: 580480	[56357456]
Release file:.\texture\scene\010012.bmp
width: 0	height: 0	format: 25	mem_size:0
[scene]: num: -2, size: 2998272	[56357456]
[character]: num: -27, size: 884736	[56357456]
[item]: num: 1, size: 655360	[56357456]
[ui]: num: 91, size: 28017232	[56357456]
[terrain]: num: 80, size: 20713472	[56357456]
[effect]: num: 27, size: 2797568	[56357456]
[minimap]: num: 39, size: 580480	[56357456]
Release file:.\texture\scene\010013.bmp
width: 0	height: 0	format: 25	mem_size:0
[scene]: num: -3, size: 2998272	[56357456]
[character]: num: -27, size: 884736	[56357456]
[item]: num: 1, size: 655360	[56357456]
[ui]: num: 91, size: 28017232	[56357456]
[terrain]: num: 80, size: 20713472	[56357456]
[effect]: num: 27, size: 2797568	[56357456]
[minimap]: num: 39, size: 580480	[56357456]
Release file:.\texture\scene\010014.bmp
width: 0	height: 0	format: 25	mem_size:0
[scene]: num: -4, size: 2998272	[56357456]
[character]: num: -27, size: 884736	[56357456]
[item]: num: 1, size: 655360	[56357456]
[ui]: num: 91, size: 28017232	[56357456]
[terrain]: num: 80, size: 20713472	[56357456]
[effect]: num: 27, size: 2797568	[56357456]
[minimap]: num: 39, size: 580480	[56357456]
Release file:.\texture\scene\020034.bmp
width: 0	height: 0	format: 25	mem_size:0
[scene]: num: -5, size: 2998272	[56357456]
[character]: num: -27, size: 884736	[56357456]
[item]: num: 1, size: 655360	[56357456]
[ui]: num: 91, size: 28017232	[56357456]
[terrain]: num: 80, size: 20713472	[56357456]
[effect]: num: 27, size: 2797568	[56357456]
[minimap]: num: 39, size: 580480	[56357456]
Release file:.\texture\scene\020049.bmp
width: 0	height: 0	format: 25	mem_size:0
[scene]: num: -6, size: 2998272	[56357456]
[character]: num: -27, size: 884736	[56357456]
[item]: num: 1, size: 655360	[56357456]
[ui]: num: 91, size: 28017232	[56357456]
[terrain]: num: 80, size: 20713472	[56357456]
[effect]: num: 27, size: 2797568	[56357456]
[minimap]: num: 39, size: 580480	[56357456]
Release file:.\texture\scene\020042.bmp
width: 256	height: 128	format: 21	mem_size:131072
[scene]: num: -7, size: 2867200	[56226384]
[character]: num: -27, size: 884736	[56226384]
[item]: num: 1, size: 655360	[56226384]
[ui]: num: 91, size: 28017232	[56226384]
[terrain]: num: 80, size: 20713472	[56226384]
[effect]: num: 27, size: 2797568	[56226384]
[minimap]: num: 39, size: 580480	[56226384]
Release file:.\texture\scene\020043.bmp
width: 128	height: 128	format: 21	mem_size:65536
[scene]: num: -8, size: 2801664	[56160848]
[character]: num: -27, size: 884736	[56160848]
[item]: num: 1, size: 655360	[56160848]
[ui]: num: 91, size: 28017232	[56160848]
[terrain]: num: 80, size: 20713472	[56160848]
[effect]: num: 27, size: 2797568	[56160848]
[minimap]: num: 39, size: 580480	[56160848]
Release file:.\texture\scene\020017.bmp
width: 0	height: 0	format: 25	mem_size:0
[scene]: num: -9, size: 2801664	[56160848]
[character]: num: -27, size: 884736	[56160848]
[item]: num: 1, size: 655360	[56160848]
[ui]: num: 91, size: 28017232	[56160848]
[terrain]: num: 80, size: 20713472	[56160848]
[effect]: num: 27, size: 2797568	[56160848]
[minimap]: num: 39, size: 580480	[56160848]
Release file:.\texture\scene\020048.bmp
width: 0	height: 0	format: 25	mem_size:0
[scene]: num: -10, size: 2801664	[56160848]
[character]: num: -27, size: 884736	[56160848]
[item]: num: 1, size: 655360	[56160848]
[ui]: num: 91, size: 28017232	[56160848]
[terrain]: num: 80, size: 20713472	[56160848]
[effect]: num: 27, size: 2797568	[56160848]
[minimap]: num: 39, size: 580480	[56160848]
Release file:.\texture\scene\020017.bmp
width: 0	height: 0	format: 25	mem_size:0
[scene]: num: -11, size: 2801664	[56160848]
[character]: num: -27, size: 884736	[56160848]
[item]: num: 1, size: 655360	[56160848]
[ui]: num: 91, size: 28017232	[56160848]
[terrain]: num: 80, size: 20713472	[56160848]
[effect]: num: 27, size: 2797568	[56160848]
[minimap]: num: 39, size: 580480	[56160848]
Release file:.\texture\scene\020017.bmp
width: 0	height: 0	format: 25	mem_size:0
[scene]: num: -12, size: 2801664	[56160848]
[character]: num: -27, size: 884736	[56160848]
[item]: num: 1, size: 655360	[56160848]
[ui]: num: 91, size: 28017232	[56160848]
[terrain]: num: 80, size: 20713472	[56160848]
[effect]: num: 27, size: 2797568	[56160848]
[minimap]: num: 39, size: 580480	[56160848]
Release file:.\texture\scene\010010.bmp
width: 256	height: 256	format: 21	mem_size:32768
[scene]: num: -13, size: 2768896	[56128080]
[character]: num: -27, size: 884736	[56128080]
[item]: num: 1, size: 655360	[56128080]
[ui]: num: 91, size: 28017232	[56128080]
[terrain]: num: 80, size: 20713472	[56128080]
[effect]: num: 27, size: 2797568	[56128080]
[minimap]: num: 39, size: 580480	[56128080]
Release file:.\texture\scene\020003.bmp
width: 128	height: 128	format: 21	mem_size:8192
[scene]: num: -14, size: 2760704	[56119888]
[character]: num: -27, size: 884736	[56119888]
[item]: num: 1, size: 655360	[56119888]
[ui]: num: 91, size: 28017232	[56119888]
[terrain]: num: 80, size: 20713472	[56119888]
[effect]: num: 27, size: 2797568	[56119888]
[minimap]: num: 39, size: 580480	[56119888]
Release file:.\texture\scene\020026.bmp
width: 256	height: 256	format: 21	mem_size:262144
[scene]: num: -15, size: 2498560	[55857744]
[character]: num: -27, size: 884736	[55857744]
[item]: num: 1, size: 655360	[55857744]
[ui]: num: 91, size: 28017232	[55857744]
[terrain]: num: 80, size: 20713472	[55857744]
[effect]: num: 27, size: 2797568	[55857744]
[minimap]: num: 39, size: 580480	[55857744]
Release file:.\texture\scene\020095.bmp
width: 256	height: 256	format: 21	mem_size:65536
[scene]: num: -16, size: 2433024	[55792208]
[character]: num: -27, size: 884736	[55792208]
[item]: num: 1, size: 655360	[55792208]
[ui]: num: 91, size: 28017232	[55792208]
[terrain]: num: 80, size: 20713472	[55792208]
[effect]: num: 27, size: 2797568	[55792208]
[minimap]: num: 39, size: 580480	[55792208]
Release file:.\texture\scene\020252.BMP
width: 256	height: 256	format: 21	mem_size:65536
[scene]: num: -17, size: 2367488	[55726672]
[character]: num: -27, size: 884736	[55726672]
[item]: num: 1, size: 655360	[55726672]
[ui]: num: 91, size: 28017232	[55726672]
[terrain]: num: 80, size: 20713472	[55726672]
[effect]: num: 27, size: 2797568	[55726672]
[minimap]: num: 39, size: 580480	[55726672]
Release file:.\texture\scene\020027.bmp
width: 256	height: 256	format: 21	mem_size:262144
[scene]: num: -18, size: 2105344	[55464528]
[character]: num: -27, size: 884736	[55464528]
[item]: num: 1, size: 655360	[55464528]
[ui]: num: 91, size: 28017232	[55464528]
[terrain]: num: 80, size: 20713472	[55464528]
[effect]: num: 27, size: 2797568	[55464528]
[minimap]: num: 39, size: 580480	[55464528]
Release file:.\texture\scene\020046.bmp
width: 0	height: 0	format: 25	mem_size:0
[scene]: num: -19, size: 2105344	[55464528]
[character]: num: -27, size: 884736	[55464528]
[item]: num: 1, size: 655360	[55464528]
[ui]: num: 91, size: 28017232	[55464528]
[terrain]: num: 80, size: 20713472	[55464528]
[effect]: num: 27, size: 2797568	[55464528]
[minimap]: num: 39, size: 580480	[55464528]
Release file:.\texture\scene\020046.bmp
width: 0	height: 0	format: 25	mem_size:0
[scene]: num: -20, size: 2105344	[55464528]
[character]: num: -27, size: 884736	[55464528]
[item]: num: 1, size: 655360	[55464528]
[ui]: num: 91, size: 28017232	[55464528]
[terrain]: num: 80, size: 20713472	[55464528]
[effect]: num: 27, size: 2797568	[55464528]
[minimap]: num: 39, size: 580480	[55464528]
Release file:.\texture\scene\020046.bmp
width: 256	height: 256	format: 21	mem_size:32768
[scene]: num: -21, size: 2072576	[55431760]
[character]: num: -27, size: 884736	[55431760]
[item]: num: 1, size: 655360	[55431760]
[ui]: num: 91, size: 28017232	[55431760]
[terrain]: num: 80, size: 20713472	[55431760]
[effect]: num: 27, size: 2797568	[55431760]
[minimap]: num: 39, size: 580480	[55431760]
Release file:.\texture\scene\020046.bmp
width: 256	height: 256	format: 21	mem_size:32768
[scene]: num: -22, size: 2039808	[55398992]
[character]: num: -27, size: 884736	[55398992]
[item]: num: 1, size: 655360	[55398992]
[ui]: num: 91, size: 28017232	[55398992]
[terrain]: num: 80, size: 20713472	[55398992]
[effect]: num: 27, size: 2797568	[55398992]
[minimap]: num: 39, size: 580480	[55398992]
Release file:.\texture\scene\020046.bmp
width: 0	height: 0	format: 25	mem_size:0
[scene]: num: -23, size: 2039808	[55398992]
[character]: num: -27, size: 884736	[55398992]
[item]: num: 1, size: 655360	[55398992]
[ui]: num: 91, size: 28017232	[55398992]
[terrain]: num: 80, size: 20713472	[55398992]
[effect]: num: 27, size: 2797568	[55398992]
[minimap]: num: 39, size: 580480	[55398992]
Release file:.\texture\scene\020046.bmp
width: 0	height: 0	format: 25	mem_size:0
[scene]: num: -24, size: 2039808	[55398992]
[character]: num: -27, size: 884736	[55398992]
[item]: num: 1, size: 655360	[55398992]
[ui]: num: 91, size: 28017232	[55398992]
[terrain]: num: 80, size: 20713472	[55398992]
[effect]: num: 27, size: 2797568	[55398992]
[minimap]: num: 39, size: 580480	[55398992]
Release file:.\texture\scene\020046.bmp
width: 0	height: 0	format: 25	mem_size:0
[scene]: num: -25, size: 2039808	[55398992]
[character]: num: -27, size: 884736	[55398992]
[item]: num: 1, size: 655360	[55398992]
[ui]: num: 91, size: 28017232	[55398992]
[terrain]: num: 80, size: 20713472	[55398992]
[effect]: num: 27, size: 2797568	[55398992]
[minimap]: num: 39, size: 580480	[55398992]
Release file:.\texture\scene\020046.bmp
width: 256	height: 256	format: 21	mem_size:32768
[scene]: num: -26, size: 2007040	[55366224]
[character]: num: -27, size: 884736	[55366224]
[item]: num: 1, size: 655360	[55366224]
[ui]: num: 91, size: 28017232	[55366224]
[terrain]: num: 80, size: 20713472	[55366224]
[effect]: num: 27, size: 2797568	[55366224]
[minimap]: num: 39, size: 580480	[55366224]
Release file:.\texture\scene\020125.bmp
width: 256	height: 256	format: 21	mem_size:32768
[scene]: num: -27, size: 1974272	[55333456]
[character]: num: -27, size: 884736	[55333456]
[item]: num: 1, size: 655360	[55333456]
[ui]: num: 91, size: 28017232	[55333456]
[terrain]: num: 80, size: 20713472	[55333456]
[effect]: num: 27, size: 2797568	[55333456]
[minimap]: num: 39, size: 580480	[55333456]
Release file:.\texture\scene\010199.bmp
width: 256	height: 256	format: 21	mem_size:32768
[scene]: num: -28, size: 1941504	[55300688]
[character]: num: -27, size: 884736	[55300688]
[item]: num: 1, size: 655360	[55300688]
[ui]: num: 91, size: 28017232	[55300688]
[terrain]: num: 80, size: 20713472	[55300688]
[effect]: num: 27, size: 2797568	[55300688]
[minimap]: num: 39, size: 580480	[55300688]
Release file:.\texture\scene\010200.bmp
width: 256	height: 256	format: 21	mem_size:32768
[scene]: num: -29, size: 1908736	[55267920]
[character]: num: -27, size: 884736	[55267920]
[item]: num: 1, size: 655360	[55267920]
[ui]: num: 91, size: 28017232	[55267920]
[terrain]: num: 80, size: 20713472	[55267920]
[effect]: num: 27, size: 2797568	[55267920]
[minimap]: num: 39, size: 580480	[55267920]
Release file:.\texture\scene\010199.bmp
width: 256	height: 256	format: 21	mem_size:32768
[scene]: num: -30, size: 1875968	[55235152]
[character]: num: -27, size: 884736	[55235152]
[item]: num: 1, size: 655360	[55235152]
[ui]: num: 91, size: 28017232	[55235152]
[terrain]: num: 80, size: 20713472	[55235152]
[effect]: num: 27, size: 2797568	[55235152]
[minimap]: num: 39, size: 580480	[55235152]
Release file:.\texture\scene\010200.bmp
width: 256	height: 256	format: 21	mem_size:32768
[scene]: num: -31, size: 1843200	[55202384]
[character]: num: -27, size: 884736	[55202384]
[item]: num: 1, size: 655360	[55202384]
[ui]: num: 91, size: 28017232	[55202384]
[terrain]: num: 80, size: 20713472	[55202384]
[effect]: num: 27, size: 2797568	[55202384]
[minimap]: num: 39, size: 580480	[55202384]
Release file:.\texture\scene\010199.bmp
width: 256	height: 256	format: 21	mem_size:32768
[scene]: num: -32, size: 1810432	[55169616]
[character]: num: -27, size: 884736	[55169616]
[item]: num: 1, size: 655360	[55169616]
[ui]: num: 91, size: 28017232	[55169616]
[terrain]: num: 80, size: 20713472	[55169616]
[effect]: num: 27, size: 2797568	[55169616]
[minimap]: num: 39, size: 580480	[55169616]
Release file:.\texture\scene\010199.bmp
width: 0	height: 0	format: 25	mem_size:0
[scene]: num: -33, size: 1810432	[55169616]
[character]: num: -27, size: 884736	[55169616]
[item]: num: 1, size: 655360	[55169616]
[ui]: num: 91, size: 28017232	[55169616]
[terrain]: num: 80, size: 20713472	[55169616]
[effect]: num: 27, size: 2797568	[55169616]
[minimap]: num: 39, size: 580480	[55169616]
Release file:.\texture\scene\010200.bmp
width: 0	height: 0	format: 25	mem_size:0
[scene]: num: -34, size: 1810432	[55169616]
[character]: num: -27, size: 884736	[55169616]
[item]: num: 1, size: 655360	[55169616]
[ui]: num: 91, size: 28017232	[55169616]
[terrain]: num: 80, size: 20713472	[55169616]
[effect]: num: 27, size: 2797568	[55169616]
[minimap]: num: 39, size: 580480	[55169616]
Release file:.\texture\scene\020163.BMP
width: 256	height: 256	format: 21	mem_size:65536
[scene]: num: -35, size: 1744896	[55104080]
[character]: num: -27, size: 884736	[55104080]
[item]: num: 1, size: 655360	[55104080]
[ui]: num: 91, size: 28017232	[55104080]
[terrain]: num: 80, size: 20713472	[55104080]
[effect]: num: 27, size: 2797568	[55104080]
[minimap]: num: 39, size: 580480	[55104080]
Release file:.\texture\scene\020163.BMP
width: 256	height: 256	format: 21	mem_size:65536
[scene]: num: -36, size: 1679360	[55038544]
[character]: num: -27, size: 884736	[55038544]
[item]: num: 1, size: 655360	[55038544]
[ui]: num: 91, size: 28017232	[55038544]
[terrain]: num: 80, size: 20713472	[55038544]
[effect]: num: 27, size: 2797568	[55038544]
[minimap]: num: 39, size: 580480	[55038544]
Release file:.\texture\scene\020163.BMP
width: 256	height: 256	format: 21	mem_size:65536
[scene]: num: -37, size: 1613824	[54973008]
[character]: num: -27, size: 884736	[54973008]
[item]: num: 1, size: 655360	[54973008]
[ui]: num: 91, size: 28017232	[54973008]
[terrain]: num: 80, size: 20713472	[54973008]
[effect]: num: 27, size: 2797568	[54973008]
[minimap]: num: 39, size: 580480	[54973008]
Release file:.\texture\scene\020172.bmp
width: 256	height: 256	format: 21	mem_size:32768
[scene]: num: -38, size: 1581056	[54940240]
[character]: num: -27, size: 884736	[54940240]
[item]: num: 1, size: 655360	[54940240]
[ui]: num: 91, size: 28017232	[54940240]
[terrain]: num: 80, size: 20713472	[54940240]
[effect]: num: 27, size: 2797568	[54940240]
[minimap]: num: 39, size: 580480	[54940240]
Release file:.\texture\scene\020163.BMP
width: 256	height: 256	format: 21	mem_size:65536
[scene]: num: -39, size: 1515520	[54874704]
[character]: num: -27, size: 884736	[54874704]
[item]: num: 1, size: 655360	[54874704]
[ui]: num: 91, size: 28017232	[54874704]
[terrain]: num: 80, size: 20713472	[54874704]
[effect]: num: 27, size: 2797568	[54874704]
[minimap]: num: 39, size: 580480	[54874704]
Release file:.\texture\scene\020010.bmp
width: 256	height: 256	format: 21	mem_size:32768
[scene]: num: -40, size: 1482752	[54841936]
[character]: num: -27, size: 884736	[54841936]
[item]: num: 1, size: 655360	[54841936]
[ui]: num: 91, size: 28017232	[54841936]
[terrain]: num: 80, size: 20713472	[54841936]
[effect]: num: 27, size: 2797568	[54841936]
[minimap]: num: 39, size: 580480	[54841936]
Release file:.\texture\scene\020011.bmp
width: 256	height: 256	format: 21	mem_size:32768
[scene]: num: -41, size: 1449984	[54809168]
[character]: num: -27, size: 884736	[54809168]
[item]: num: 1, size: 655360	[54809168]
[ui]: num: 91, size: 28017232	[54809168]
[terrain]: num: 80, size: 20713472	[54809168]
[effect]: num: 27, size: 2797568	[54809168]
[minimap]: num: 39, size: 580480	[54809168]
Release file:.\texture\scene\020010.bmp
width: 256	height: 256	format: 21	mem_size:32768
[scene]: num: -42, size: 1417216	[54776400]
[character]: num: -27, size: 884736	[54776400]
[item]: num: 1, size: 655360	[54776400]
[ui]: num: 91, size: 28017232	[54776400]
[terrain]: num: 80, size: 20713472	[54776400]
[effect]: num: 27, size: 2797568	[54776400]
[minimap]: num: 39, size: 580480	[54776400]
Release file:.\texture\scene\020011.bmp
width: 256	height: 256	format: 21	mem_size:32768
[scene]: num: -43, size: 1384448	[54743632]
[character]: num: -27, size: 884736	[54743632]
[item]: num: 1, size: 655360	[54743632]
[ui]: num: 91, size: 28017232	[54743632]
[terrain]: num: 80, size: 20713472	[54743632]
[effect]: num: 27, size: 2797568	[54743632]
[minimap]: num: 39, size: 580480	[54743632]
Release file:.\texture\scene\020010.bmp
width: 256	height: 256	format: 21	mem_size:32768
[scene]: num: -44, size: 1351680	[54710864]
[character]: num: -27, size: 884736	[54710864]
[item]: num: 1, size: 655360	[54710864]
[ui]: num: 91, size: 28017232	[54710864]
[terrain]: num: 80, size: 20713472	[54710864]
[effect]: num: 27, size: 2797568	[54710864]
[minimap]: num: 39, size: 580480	[54710864]
Release file:.\texture\scene\020011.bmp
width: 256	height: 256	format: 21	mem_size:32768
[scene]: num: -45, size: 1318912	[54678096]
[character]: num: -27, size: 884736	[54678096]
[item]: num: 1, size: 655360	[54678096]
[ui]: num: 91, size: 28017232	[54678096]
[terrain]: num: 80, size: 20713472	[54678096]
[effect]: num: 27, size: 2797568	[54678096]
[minimap]: num: 39, size: 580480	[54678096]
Release file:.\texture\scene\020097.bmp
width: 256	height: 256	format: 21	mem_size:65536
[scene]: num: -46, size: 1253376	[54612560]
[character]: num: -27, size: 884736	[54612560]
[item]: num: 1, size: 655360	[54612560]
[ui]: num: 91, size: 28017232	[54612560]
[terrain]: num: 80, size: 20713472	[54612560]
[effect]: num: 27, size: 2797568	[54612560]
[minimap]: num: 39, size: 580480	[54612560]
Release file:.\texture\scene\020097.bmp
width: 256	height: 256	format: 21	mem_size:65536
[scene]: num: -47, size: 1187840	[54547024]
[character]: num: -27, size: 884736	[54547024]
[item]: num: 1, size: 655360	[54547024]
[ui]: num: 91, size: 28017232	[54547024]
[terrain]: num: 80, size: 20713472	[54547024]
[effect]: num: 27, size: 2797568	[54547024]
[minimap]: num: 39, size: 580480	[54547024]
Release file:.\texture\scene\020097.bmp
width: 256	height: 256	format: 21	mem_size:65536
[scene]: num: -48, size: 1122304	[54481488]
[character]: num: -27, size: 884736	[54481488]
[item]: num: 1, size: 655360	[54481488]
[ui]: num: 91, size: 28017232	[54481488]
[terrain]: num: 80, size: 20713472	[54481488]
[effect]: num: 27, size: 2797568	[54481488]
[minimap]: num: 39, size: 580480	[54481488]
Release file:.\texture\scene\020097.bmp
width: 256	height: 256	format: 21	mem_size:65536
[scene]: num: -49, size: 1056768	[54415952]
[character]: num: -27, size: 884736	[54415952]
[item]: num: 1, size: 655360	[54415952]
[ui]: num: 91, size: 28017232	[54415952]
[terrain]: num: 80, size: 20713472	[54415952]
[effect]: num: 27, size: 2797568	[54415952]
[minimap]: num: 39, size: 580480	[54415952]
Release file:.\texture\scene\020097.bmp
width: 256	height: 256	format: 21	mem_size:65536
[scene]: num: -50, size: 991232	[54350416]
[character]: num: -27, size: 884736	[54350416]
[item]: num: 1, size: 655360	[54350416]
[ui]: num: 91, size: 28017232	[54350416]
[terrain]: num: 80, size: 20713472	[54350416]
[effect]: num: 27, size: 2797568	[54350416]
[minimap]: num: 39, size: 580480	[54350416]
Release file:.\texture\scene\020097.bmp
width: 256	height: 256	format: 21	mem_size:65536
[scene]: num: -51, size: 925696	[54284880]
[character]: num: -27, size: 884736	[54284880]
[item]: num: 1, size: 655360	[54284880]
[ui]: num: 91, size: 28017232	[54284880]
[terrain]: num: 80, size: 20713472	[54284880]
[effect]: num: 27, size: 2797568	[54284880]
[minimap]: num: 39, size: 580480	[54284880]
Release file:.\texture\scene\020173.bmp
width: 256	height: 128	format: 21	mem_size:16384
[scene]: num: -52, size: 909312	[54268496]
[character]: num: -27, size: 884736	[54268496]
[item]: num: 1, size: 655360	[54268496]
[ui]: num: 91, size: 28017232	[54268496]
[terrain]: num: 80, size: 20713472	[54268496]
[effect]: num: 27, size: 2797568	[54268496]
[minimap]: num: 39, size: 580480	[54268496]
Release file:.\texture\scene\020173.bmp
width: 256	height: 128	format: 21	mem_size:16384
[scene]: num: -53, size: 892928	[54252112]
[character]: num: -27, size: 884736	[54252112]
[item]: num: 1, size: 655360	[54252112]
[ui]: num: 91, size: 28017232	[54252112]
[terrain]: num: 80, size: 20713472	[54252112]
[effect]: num: 27, size: 2797568	[54252112]
[minimap]: num: 39, size: 580480	[54252112]
Release file:.\texture\scene\020173.bmp
width: 256	height: 128	format: 21	mem_size:16384
[scene]: num: -54, size: 876544	[54235728]
[character]: num: -27, size: 884736	[54235728]
[item]: num: 1, size: 655360	[54235728]
[ui]: num: 91, size: 28017232	[54235728]
[terrain]: num: 80, size: 20713472	[54235728]
[effect]: num: 27, size: 2797568	[54235728]
[minimap]: num: 39, size: 580480	[54235728]
Release file:.\texture\scene\020173.bmp
width: 256	height: 128	format: 21	mem_size:16384
[scene]: num: -55, size: 860160	[54219344]
[character]: num: -27, size: 884736	[54219344]
[item]: num: 1, size: 655360	[54219344]
[ui]: num: 91, size: 28017232	[54219344]
[terrain]: num: 80, size: 20713472	[54219344]
[effect]: num: 27, size: 2797568	[54219344]
[minimap]: num: 39, size: 580480	[54219344]
Release file:.\texture\scene\020173.bmp
width: 256	height: 128	format: 21	mem_size:16384
[scene]: num: -56, size: 843776	[54202960]
[character]: num: -27, size: 884736	[54202960]
[item]: num: 1, size: 655360	[54202960]
[ui]: num: 91, size: 28017232	[54202960]
[terrain]: num: 80, size: 20713472	[54202960]
[effect]: num: 27, size: 2797568	[54202960]
[minimap]: num: 39, size: 580480	[54202960]
Release file:.\texture\scene\020173.bmp
width: 256	height: 128	format: 21	mem_size:16384
[scene]: num: -57, size: 827392	[54186576]
[character]: num: -27, size: 884736	[54186576]
[item]: num: 1, size: 655360	[54186576]
[ui]: num: 91, size: 28017232	[54186576]
[terrain]: num: 80, size: 20713472	[54186576]
[effect]: num: 27, size: 2797568	[54186576]
[minimap]: num: 39, size: 580480	[54186576]
Release file:.\texture\scene\020173.bmp
width: 256	height: 128	format: 21	mem_size:16384
[scene]: num: -58, size: 811008	[54170192]
[character]: num: -27, size: 884736	[54170192]
[item]: num: 1, size: 655360	[54170192]
[ui]: num: 91, size: 28017232	[54170192]
[terrain]: num: 80, size: 20713472	[54170192]
[effect]: num: 27, size: 2797568	[54170192]
[minimap]: num: 39, size: 580480	[54170192]
Release file:.\texture\scene\020156.bmp
width: 256	height: 128	format: 21	mem_size:32768
[scene]: num: -59, size: 778240	[54137424]
[character]: num: -27, size: 884736	[54137424]
[item]: num: 1, size: 655360	[54137424]
[ui]: num: 91, size: 28017232	[54137424]
[terrain]: num: 80, size: 20713472	[54137424]
[effect]: num: 27, size: 2797568	[54137424]
[minimap]: num: 39, size: 580480	[54137424]
Release file:.\texture\scene\020156.bmp
width: 256	height: 128	format: 21	mem_size:32768
[scene]: num: -60, size: 745472	[54104656]
[character]: num: -27, size: 884736	[54104656]
[item]: num: 1, size: 655360	[54104656]
[ui]: num: 91, size: 28017232	[54104656]
[terrain]: num: 80, size: 20713472	[54104656]
[effect]: num: 27, size: 2797568	[54104656]
[minimap]: num: 39, size: 580480	[54104656]
Release file:.\texture\scene\020156.bmp
width: 256	height: 128	format: 21	mem_size:32768
[scene]: num: -61, size: 712704	[54071888]
[character]: num: -27, size: 884736	[54071888]
[item]: num: 1, size: 655360	[54071888]
[ui]: num: 91, size: 28017232	[54071888]
[terrain]: num: 80, size: 20713472	[54071888]
[effect]: num: 27, size: 2797568	[54071888]
[minimap]: num: 39, size: 580480	[54071888]
Release file:.\texture\scene\020095.bmp
width: 256	height: 256	format: 21	mem_size:65536
[scene]: num: -62, size: 647168	[54006352]
[character]: num: -27, size: 884736	[54006352]
[item]: num: 1, size: 655360	[54006352]
[ui]: num: 91, size: 28017232	[54006352]
[terrain]: num: 80, size: 20713472	[54006352]
[effect]: num: 27, size: 2797568	[54006352]
[minimap]: num: 39, size: 580480	[54006352]
Release file:.\texture\scene\020027.bmp
width: 256	height: 256	format: 21	mem_size:262144
[scene]: num: -63, size: 385024	[53744208]
[character]: num: -27, size: 884736	[53744208]
[item]: num: 1, size: 655360	[53744208]
[ui]: num: 91, size: 28017232	[53744208]
[terrain]: num: 80, size: 20713472	[53744208]
[effect]: num: 27, size: 2797568	[53744208]
[minimap]: num: 39, size: 580480	[53744208]
Release file:.\texture\scene\020028.dds
width: 128	height: 128	format: 21	mem_size:16384
[scene]: num: -64, size: 368640	[53727824]
[character]: num: -27, size: 884736	[53727824]
[item]: num: 1, size: 655360	[53727824]
[ui]: num: 91, size: 28017232	[53727824]
[terrain]: num: 80, size: 20713472	[53727824]
[effect]: num: 27, size: 2797568	[53727824]
[minimap]: num: 39, size: 580480	[53727824]
Release file:.\texture\scene\020046.bmp
width: 256	height: 256	format: 21	mem_size:32768
[scene]: num: -65, size: 335872	[53695056]
[character]: num: -27, size: 884736	[53695056]
[item]: num: 1, size: 655360	[53695056]
[ui]: num: 91, size: 28017232	[53695056]
[terrain]: num: 80, size: 20713472	[53695056]
[effect]: num: 27, size: 2797568	[53695056]
[minimap]: num: 39, size: 580480	[53695056]
Release file:.\texture\scene\020046.bmp
width: 256	height: 256	format: 21	mem_size:32768
[scene]: num: -66, size: 303104	[53662288]
[character]: num: -27, size: 884736	[53662288]
[item]: num: 1, size: 655360	[53662288]
[ui]: num: 91, size: 28017232	[53662288]
[terrain]: num: 80, size: 20713472	[53662288]
[effect]: num: 27, size: 2797568	[53662288]
[minimap]: num: 39, size: 580480	[53662288]
Release file:.\texture\scene\020046.bmp
width: 256	height: 256	format: 21	mem_size:32768
[scene]: num: -67, size: 270336	[53629520]
[character]: num: -27, size: 884736	[53629520]
[item]: num: 1, size: 655360	[53629520]
[ui]: num: 91, size: 28017232	[53629520]
[terrain]: num: 80, size: 20713472	[53629520]
[effect]: num: 27, size: 2797568	[53629520]
[minimap]: num: 39, size: 580480	[53629520]
Release file:.\texture\scene\020046.bmp
width: 256	height: 256	format: 21	mem_size:32768
[scene]: num: -68, size: 237568	[53596752]
[character]: num: -27, size: 884736	[53596752]
[item]: num: 1, size: 655360	[53596752]
[ui]: num: 91, size: 28017232	[53596752]
[terrain]: num: 80, size: 20713472	[53596752]
[effect]: num: 27, size: 2797568	[53596752]
[minimap]: num: 39, size: 580480	[53596752]
Release file:.\texture\scene\020046.bmp
width: 256	height: 256	format: 21	mem_size:32768
[scene]: num: -69, size: 204800	[53563984]
[character]: num: -27, size: 884736	[53563984]
[item]: num: 1, size: 655360	[53563984]
[ui]: num: 91, size: 28017232	[53563984]
[terrain]: num: 80, size: 20713472	[53563984]
[effect]: num: 27, size: 2797568	[53563984]
[minimap]: num: 39, size: 580480	[53563984]
Release file:.\texture\scene\020163.BMP
width: 256	height: 256	format: 21	mem_size:65536
[scene]: num: -70, size: 139264	[53498448]
[character]: num: -27, size: 884736	[53498448]
[item]: num: 1, size: 655360	[53498448]
[ui]: num: 91, size: 28017232	[53498448]
[terrain]: num: 80, size: 20713472	[53498448]
[effect]: num: 27, size: 2797568	[53498448]
[minimap]: num: 39, size: 580480	[53498448]
Release file:.\texture\scene\020172.bmp
width: 256	height: 256	format: 21	mem_size:32768
[scene]: num: -71, size: 106496	[53465680]
[character]: num: -27, size: 884736	[53465680]
[item]: num: 1, size: 655360	[53465680]
[ui]: num: 91, size: 28017232	[53465680]
[terrain]: num: 80, size: 20713472	[53465680]
[effect]: num: 27, size: 2797568	[53465680]
[minimap]: num: 39, size: 580480	[53465680]
Release file:.\texture\scene\020163.BMP
width: 256	height: 256	format: 21	mem_size:65536
[scene]: num: -72, size: 40960	[53400144]
[character]: num: -27, size: 884736	[53400144]
[item]: num: 1, size: 655360	[53400144]
[ui]: num: 91, size: 28017232	[53400144]
[terrain]: num: 80, size: 20713472	[53400144]
[effect]: num: 27, size: 2797568	[53400144]
[minimap]: num: 39, size: 580480	[53400144]
Release file:.\texture\scene\020254.BMP
width: 256	height: 256	format: 21	mem_size:65536
[scene]: num: -73, size: -24576	[53334608]
[character]: num: -27, size: 884736	[53334608]
[item]: num: 1, size: 655360	[53334608]
[ui]: num: 91, size: 28017232	[53334608]
[terrain]: num: 80, size: 20713472	[53334608]
[effect]: num: 27, size: 2797568	[53334608]
[minimap]: num: 39, size: 580480	[53334608]
Release file:.\texture\item\targeta.BMP
width: 64	height: 64	format: 21	mem_size:16384
[scene]: num: -73, size: -24576	[53318224]
[character]: num: -27, size: 884736	[53318224]
[item]: num: 0, size: 638976	[53318224]
[ui]: num: 91, size: 28017232	[53318224]
[terrain]: num: 80, size: 20713472	[53318224]
[effect]: num: 27, size: 2797568	[53318224]
[minimap]: num: 39, size: 580480	[53318224]
Release file:.\texture\item\targeta.BMP
width: 64	height: 64	format: 21	mem_size:16384
[scene]: num: -73, size: -24576	[53301840]
[character]: num: -27, size: 884736	[53301840]
[item]: num: -1, size: 622592	[53301840]
[ui]: num: 91, size: 28017232	[53301840]
[terrain]: num: 80, size: 20713472	[53301840]
[effect]: num: 27, size: 2797568	[53301840]
[minimap]: num: 39, size: 580480	[53301840]
Release file:.\texture\item\target.bmp
width: 64	height: 64	format: 21	mem_size:16384
[scene]: num: -73, size: -24576	[53285456]
[character]: num: -27, size: 884736	[53285456]
[item]: num: -2, size: 606208	[53285456]
[ui]: num: 91, size: 28017232	[53285456]
[terrain]: num: 80, size: 20713472	[53285456]
[effect]: num: 27, size: 2797568	[53285456]
[minimap]: num: 39, size: 580480	[53285456]
Release file:.\texture\item\target.bmp
width: 64	height: 64	format: 21	mem_size:16384
[scene]: num: -73, size: -24576	[53269072]
[character]: num: -27, size: 884736	[53269072]
[item]: num: -3, size: 589824	[53269072]
[ui]: num: 91, size: 28017232	[53269072]
[terrain]: num: 80, size: 20713472	[53269072]
[effect]: num: 27, size: 2797568	[53269072]
[minimap]: num: 39, size: 580480	[53269072]
Release file:.\texture\item\gm.bmp
width: 64	height: 64	format: 21	mem_size:16384
[scene]: num: -73, size: -24576	[53252688]
[character]: num: -27, size: 884736	[53252688]
[item]: num: -4, size: 573440	[53252688]
[ui]: num: 91, size: 28017232	[53252688]
[terrain]: num: 80, size: 20713472	[53252688]
[effect]: num: 27, size: 2797568	[53252688]
[minimap]: num: 39, size: 580480	[53252688]
Release file:.\texture\item\grim0027.bmp
width: 256	height: 256	format: 21	mem_size:262144
[scene]: num: -73, size: -24576	[52990544]
[character]: num: -27, size: 884736	[52990544]
[item]: num: -5, size: 311296	[52990544]
[ui]: num: 91, size: 28017232	[52990544]
[terrain]: num: 80, size: 20713472	[52990544]
[effect]: num: 27, size: 2797568	[52990544]
[minimap]: num: 39, size: 580480	[52990544]
Release file:.\texture\item\1.BMP
width: 0	height: 0	format: 25	mem_size:0
[scene]: num: -73, size: -24576	[52990544]
[character]: num: -27, size: 884736	[52990544]
[item]: num: -6, size: 311296	[52990544]
[ui]: num: 91, size: 28017232	[52990544]
[terrain]: num: 80, size: 20713472	[52990544]
[effect]: num: 27, size: 2797568	[52990544]
[minimap]: num: 39, size: 580480	[52990544]
Release file:.\texture\item\grim0027.bmp
width: 256	height: 256	format: 21	mem_size:262144
[scene]: num: -73, size: -24576	[52728400]
[character]: num: -27, size: 884736	[52728400]
[item]: num: -7, size: 49152	[52728400]
[ui]: num: 91, size: 28017232	[52728400]
[terrain]: num: 80, size: 20713472	[52728400]
[effect]: num: 27, size: 2797568	[52728400]
[minimap]: num: 39, size: 580480	[52728400]
Release file:.\texture\item\1.BMP
width: 0	height: 0	format: 25	mem_size:0
[scene]: num: -73, size: -24576	[52728400]
[character]: num: -27, size: 884736	[52728400]
[item]: num: -8, size: 49152	[52728400]
[ui]: num: 91, size: 28017232	[52728400]
[terrain]: num: 80, size: 20713472	[52728400]
[effect]: num: 27, size: 2797568	[52728400]
[minimap]: num: 39, size: 580480	[52728400]
Release file:.\texture\item\10130014.bmp
width: 64	height: 64	format: 21	mem_size:16384
[scene]: num: -73, size: -24576	[52712016]
[character]: num: -27, size: 884736	[52712016]
[item]: num: -9, size: 32768	[52712016]
[ui]: num: 91, size: 28017232	[52712016]
[terrain]: num: 80, size: 20713472	[52712016]
[effect]: num: 27, size: 2797568	[52712016]
[minimap]: num: 39, size: 580480	[52712016]
Release file:.\texture\item\10130014.bmp
width: 64	height: 64	format: 21	mem_size:16384
[scene]: num: -73, size: -24576	[52695632]
[character]: num: -27, size: 884736	[52695632]
[item]: num: -10, size: 16384	[52695632]
[ui]: num: 91, size: 28017232	[52695632]
[terrain]: num: 80, size: 20713472	[52695632]
[effect]: num: 27, size: 2797568	[52695632]
[minimap]: num: 39, size: 580480	[52695632]
Release file:.\texture\item\10130014.bmp
width: 64	height: 64	format: 21	mem_size:16384
[scene]: num: -73, size: -24576	[52679248]
[character]: num: -27, size: 884736	[52679248]
[item]: num: -11, size: 0	[52679248]
[ui]: num: 91, size: 28017232	[52679248]
[terrain]: num: 80, size: 20713472	[52679248]
[effect]: num: 27, size: 2797568	[52679248]
[minimap]: num: 39, size: 580480	[52679248]
Release file:
width: 256	height: 256	format: 21	mem_size:0
[scene]: num: -73, size: -24576	[52679248]
[character]: num: -27, size: 884736	[52679248]
[item]: num: -11, size: 0	[52679248]
[ui]: num: 91, size: 28017232	[52679248]
[terrain]: num: 80, size: 20713472	[52679248]
[effect]: num: 27, size: 2797568	[52679248]
[minimap]: num: 39, size: 580480	[52679248]
Release file:
width: 256	height: 256	format: 21	mem_size:0
[scene]: num: -73, size: -24576	[52679248]
[character]: num: -27, size: 884736	[52679248]
[item]: num: -11, size: 0	[52679248]
[ui]: num: 91, size: 28017232	[52679248]
[terrain]: num: 80, size: 20713472	[52679248]
[effect]: num: 27, size: 2797568	[52679248]
[minimap]: num: 39, size: 580480	[52679248]
Release file:texture\ui\minimap\mapsea.bmp
width: 64	height: 64	format: 21	mem_size:16384
[scene]: num: -73, size: -24576	[52662864]
[character]: num: -27, size: 884736	[52662864]
[item]: num: -11, size: 0	[52662864]
[ui]: num: 90, size: 28000848	[52662864]
[terrain]: num: 80, size: 20713472	[52662864]
[effect]: num: 27, size: 2797568	[52662864]
[minimap]: num: 38, size: 564096	[52662864]
Release file:texture\ui\minimap\0.tga
width: 16	height: 16	format: 21	mem_size:1024
[scene]: num: -73, size: -24576	[52661840]
[character]: num: -27, size: 884736	[52661840]
[item]: num: -11, size: 0	[52661840]
[ui]: num: 89, size: 27999824	[52661840]
[terrain]: num: 80, size: 20713472	[52661840]
[effect]: num: 27, size: 2797568	[52661840]
[minimap]: num: 37, size: 563072	[52661840]
Release file:texture\ui\minimap\1.tga
width: 12	height: 12	format: 21	mem_size:576
[scene]: num: -73, size: -24576	[52661264]
[character]: num: -27, size: 884736	[52661264]
[item]: num: -11, size: 0	[52661264]
[ui]: num: 88, size: 27999248	[52661264]
[terrain]: num: 80, size: 20713472	[52661264]
[effect]: num: 27, size: 2797568	[52661264]
[minimap]: num: 36, size: 562496	[52661264]
Release file:texture\ui\minimap\2.tga
width: 12	height: 12	format: 21	mem_size:576
[scene]: num: -73, size: -24576	[52660688]
[character]: num: -27, size: 884736	[52660688]
[item]: num: -11, size: 0	[52660688]
[ui]: num: 87, size: 27998672	[52660688]
[terrain]: num: 80, size: 20713472	[52660688]
[effect]: num: 27, size: 2797568	[52660688]
[minimap]: num: 35, size: 561920	[52660688]
Release file:texture\ui\minimap\3.tga
width: 12	height: 12	format: 21	mem_size:576
[scene]: num: -73, size: -24576	[52660112]
[character]: num: -27, size: 884736	[52660112]
[item]: num: -11, size: 0	[52660112]
[ui]: num: 86, size: 27998096	[52660112]
[terrain]: num: 80, size: 20713472	[52660112]
[effect]: num: 27, size: 2797568	[52660112]
[minimap]: num: 34, size: 561344	[52660112]
Release file:texture\ui\minimap\4.tga
width: 12	height: 12	format: 21	mem_size:576
[scene]: num: -73, size: -24576	[52659536]
[character]: num: -27, size: 884736	[52659536]
[item]: num: -11, size: 0	[52659536]
[ui]: num: 85, size: 27997520	[52659536]
[terrain]: num: 80, size: 20713472	[52659536]
[effect]: num: 27, size: 2797568	[52659536]
[minimap]: num: 33, size: 560768	[52659536]
Release file:texture\ui\minimap\5.tga
width: 12	height: 12	format: 21	mem_size:576
[scene]: num: -73, size: -24576	[52658960]
[character]: num: -27, size: 884736	[52658960]
[item]: num: -11, size: 0	[52658960]
[ui]: num: 84, size: 27996944	[52658960]
[terrain]: num: 80, size: 20713472	[52658960]
[effect]: num: 27, size: 2797568	[52658960]
[minimap]: num: 32, size: 560192	[52658960]
Release file:texture\ui\minimap\6.tga
width: 12	height: 12	format: 21	mem_size:576
[scene]: num: -73, size: -24576	[52658384]
[character]: num: -27, size: 884736	[52658384]
[item]: num: -11, size: 0	[52658384]
[ui]: num: 83, size: 27996368	[52658384]
[terrain]: num: 80, size: 20713472	[52658384]
[effect]: num: 27, size: 2797568	[52658384]
[minimap]: num: 31, size: 559616	[52658384]
Release file:texture\ui\minimap\7.tga
width: 12	height: 12	format: 21	mem_size:576
[scene]: num: -73, size: -24576	[52657808]
[character]: num: -27, size: 884736	[52657808]
[item]: num: -11, size: 0	[52657808]
[ui]: num: 82, size: 27995792	[52657808]
[terrain]: num: 80, size: 20713472	[52657808]
[effect]: num: 27, size: 2797568	[52657808]
[minimap]: num: 30, size: 559040	[52657808]
Release file:texture\ui\minimap\8.tga
width: 12	height: 12	format: 21	mem_size:576
[scene]: num: -73, size: -24576	[52657232]
[character]: num: -27, size: 884736	[52657232]
[item]: num: -11, size: 0	[52657232]
[ui]: num: 81, size: 27995216	[52657232]
[terrain]: num: 80, size: 20713472	[52657232]
[effect]: num: 27, size: 2797568	[52657232]
[minimap]: num: 29, size: 558464	[52657232]
Release file:texture\ui\minimap\9.tga
width: 12	height: 12	format: 21	mem_size:576
[scene]: num: -73, size: -24576	[52656656]
[character]: num: -27, size: 884736	[52656656]
[item]: num: -11, size: 0	[52656656]
[ui]: num: 80, size: 27994640	[52656656]
[terrain]: num: 80, size: 20713472	[52656656]
[effect]: num: 27, size: 2797568	[52656656]
[minimap]: num: 28, size: 557888	[52656656]
Release file:texture\ui\minimap\10.tga
width: 12	height: 12	format: 21	mem_size:576
[scene]: num: -73, size: -24576	[52656080]
[character]: num: -27, size: 884736	[52656080]
[item]: num: -11, size: 0	[52656080]
[ui]: num: 79, size: 27994064	[52656080]
[terrain]: num: 80, size: 20713472	[52656080]
[effect]: num: 27, size: 2797568	[52656080]
[minimap]: num: 27, size: 557312	[52656080]
Release file:texture\ui\minimap\11.tga
width: 12	height: 12	format: 21	mem_size:576
[scene]: num: -73, size: -24576	[52655504]
[character]: num: -27, size: 884736	[52655504]
[item]: num: -11, size: 0	[52655504]
[ui]: num: 78, size: 27993488	[52655504]
[terrain]: num: 80, size: 20713472	[52655504]
[effect]: num: 27, size: 2797568	[52655504]
[minimap]: num: 26, size: 556736	[52655504]
Release file:texture\ui\minimap\12.tga
width: 12	height: 12	format: 21	mem_size:576
[scene]: num: -73, size: -24576	[52654928]
[character]: num: -27, size: 884736	[52654928]
[item]: num: -11, size: 0	[52654928]
[ui]: num: 77, size: 27992912	[52654928]
[terrain]: num: 80, size: 20713472	[52654928]
[effect]: num: 27, size: 2797568	[52654928]
[minimap]: num: 25, size: 556160	[52654928]
Release file:texture\ui\minimap\13.tga
width: 12	height: 12	format: 21	mem_size:576
[scene]: num: -73, size: -24576	[52654352]
[character]: num: -27, size: 884736	[52654352]
[item]: num: -11, size: 0	[52654352]
[ui]: num: 76, size: 27992336	[52654352]
[terrain]: num: 80, size: 20713472	[52654352]
[effect]: num: 27, size: 2797568	[52654352]
[minimap]: num: 24, size: 555584	[52654352]
Release file:texture\ui\minimap\14.tga
width: 12	height: 12	format: 21	mem_size:576
[scene]: num: -73, size: -24576	[52653776]
[character]: num: -27, size: 884736	[52653776]
[item]: num: -11, size: 0	[52653776]
[ui]: num: 75, size: 27991760	[52653776]
[terrain]: num: 80, size: 20713472	[52653776]
[effect]: num: 27, size: 2797568	[52653776]
[minimap]: num: 23, size: 555008	[52653776]
Release file:texture\ui\minimap\15.tga
width: 12	height: 12	format: 21	mem_size:576
[scene]: num: -73, size: -24576	[52653200]
[character]: num: -27, size: 884736	[52653200]
[item]: num: -11, size: 0	[52653200]
[ui]: num: 74, size: 27991184	[52653200]
[terrain]: num: 80, size: 20713472	[52653200]
[effect]: num: 27, size: 2797568	[52653200]
[minimap]: num: 22, size: 554432	[52653200]
Release file:texture\ui\minimap\arraw.tga
width: 16	height: 16	format: 21	mem_size:1024
[scene]: num: -73, size: -24576	[52652176]
[character]: num: -27, size: 884736	[52652176]
[item]: num: -11, size: 0	[52652176]
[ui]: num: 73, size: 27990160	[52652176]
[terrain]: num: 80, size: 20713472	[52652176]
[effect]: num: 27, size: 2797568	[52652176]
[minimap]: num: 21, size: 553408	[52652176]
Release file:texture\ui\minimap\shop.tga
width: 16	height: 16	format: 21	mem_size:1024
[scene]: num: -73, size: -24576	[52651152]
[character]: num: -27, size: 884736	[52651152]
[item]: num: -11, size: 0	[52651152]
[ui]: num: 72, size: 27989136	[52651152]
[terrain]: num: 80, size: 20713472	[52651152]
[effect]: num: 27, size: 2797568	[52651152]
[minimap]: num: 20, size: 552384	[52651152]
Release file:texture\ui\minimap\mapsea.bmp
width: 64	height: 64	format: 21	mem_size:16384
[scene]: num: -73, size: -24576	[52634768]
[character]: num: -27, size: 884736	[52634768]
[item]: num: -11, size: 0	[52634768]
[ui]: num: 71, size: 27972752	[52634768]
[terrain]: num: 80, size: 20713472	[52634768]
[effect]: num: 27, size: 2797568	[52634768]
[minimap]: num: 19, size: 536000	[52634768]
Release file:texture\ui\minimap\0.tga
width: 16	height: 16	format: 21	mem_size:1024
[scene]: num: -73, size: -24576	[52633744]
[character]: num: -27, size: 884736	[52633744]
[item]: num: -11, size: 0	[52633744]
[ui]: num: 70, size: 27971728	[52633744]
[terrain]: num: 80, size: 20713472	[52633744]
[effect]: num: 27, size: 2797568	[52633744]
[minimap]: num: 18, size: 534976	[52633744]
Release file:texture\ui\minimap\1.tga
width: 12	height: 12	format: 21	mem_size:576
[scene]: num: -73, size: -24576	[52633168]
[character]: num: -27, size: 884736	[52633168]
[item]: num: -11, size: 0	[52633168]
[ui]: num: 69, size: 27971152	[52633168]
[terrain]: num: 80, size: 20713472	[52633168]
[effect]: num: 27, size: 2797568	[52633168]
[minimap]: num: 17, size: 534400	[52633168]
Release file:texture\ui\minimap\2.tga
width: 12	height: 12	format: 21	mem_size:576
[scene]: num: -73, size: -24576	[52632592]
[character]: num: -27, size: 884736	[52632592]
[item]: num: -11, size: 0	[52632592]
[ui]: num: 68, size: 27970576	[52632592]
[terrain]: num: 80, size: 20713472	[52632592]
[effect]: num: 27, size: 2797568	[52632592]
[minimap]: num: 16, size: 533824	[52632592]
Release file:texture\ui\minimap\3.tga
width: 12	height: 12	format: 21	mem_size:576
[scene]: num: -73, size: -24576	[52632016]
[character]: num: -27, size: 884736	[52632016]
[item]: num: -11, size: 0	[52632016]
[ui]: num: 67, size: 27970000	[52632016]
[terrain]: num: 80, size: 20713472	[52632016]
[effect]: num: 27, size: 2797568	[52632016]
[minimap]: num: 15, size: 533248	[52632016]
Release file:texture\ui\minimap\4.tga
width: 12	height: 12	format: 21	mem_size:576
[scene]: num: -73, size: -24576	[52631440]
[character]: num: -27, size: 884736	[52631440]
[item]: num: -11, size: 0	[52631440]
[ui]: num: 66, size: 27969424	[52631440]
[terrain]: num: 80, size: 20713472	[52631440]
[effect]: num: 27, size: 2797568	[52631440]
[minimap]: num: 14, size: 532672	[52631440]
Release file:texture\ui\minimap\5.tga
width: 12	height: 12	format: 21	mem_size:576
[scene]: num: -73, size: -24576	[52630864]
[character]: num: -27, size: 884736	[52630864]
[item]: num: -11, size: 0	[52630864]
[ui]: num: 65, size: 27968848	[52630864]
[terrain]: num: 80, size: 20713472	[52630864]
[effect]: num: 27, size: 2797568	[52630864]
[minimap]: num: 13, size: 532096	[52630864]
Release file:texture\ui\minimap\6.tga
width: 12	height: 12	format: 21	mem_size:576
[scene]: num: -73, size: -24576	[52630288]
[character]: num: -27, size: 884736	[52630288]
[item]: num: -11, size: 0	[52630288]
[ui]: num: 64, size: 27968272	[52630288]
[terrain]: num: 80, size: 20713472	[52630288]
[effect]: num: 27, size: 2797568	[52630288]
[minimap]: num: 12, size: 531520	[52630288]
Release file:texture\ui\minimap\7.tga
width: 12	height: 12	format: 21	mem_size:576
[scene]: num: -73, size: -24576	[52629712]
[character]: num: -27, size: 884736	[52629712]
[item]: num: -11, size: 0	[52629712]
[ui]: num: 63, size: 27967696	[52629712]
[terrain]: num: 80, size: 20713472	[52629712]
[effect]: num: 27, size: 2797568	[52629712]
[minimap]: num: 11, size: 530944	[52629712]
Release file:texture\ui\minimap\8.tga
width: 12	height: 12	format: 21	mem_size:576
[scene]: num: -73, size: -24576	[52629136]
[character]: num: -27, size: 884736	[52629136]
[item]: num: -11, size: 0	[52629136]
[ui]: num: 62, size: 27967120	[52629136]
[terrain]: num: 80, size: 20713472	[52629136]
[effect]: num: 27, size: 2797568	[52629136]
[minimap]: num: 10, size: 530368	[52629136]
Release file:texture\ui\minimap\9.tga
width: 12	height: 12	format: 21	mem_size:576
[scene]: num: -73, size: -24576	[52628560]
[character]: num: -27, size: 884736	[52628560]
[item]: num: -11, size: 0	[52628560]
[ui]: num: 61, size: 27966544	[52628560]
[terrain]: num: 80, size: 20713472	[52628560]
[effect]: num: 27, size: 2797568	[52628560]
[minimap]: num: 9, size: 529792	[52628560]
Release file:texture\ui\minimap\10.tga
width: 12	height: 12	format: 21	mem_size:576
[scene]: num: -73, size: -24576	[52627984]
[character]: num: -27, size: 884736	[52627984]
[item]: num: -11, size: 0	[52627984]
[ui]: num: 60, size: 27965968	[52627984]
[terrain]: num: 80, size: 20713472	[52627984]
[effect]: num: 27, size: 2797568	[52627984]
[minimap]: num: 8, size: 529216	[52627984]
Release file:texture\ui\minimap\11.tga
width: 12	height: 12	format: 21	mem_size:576
[scene]: num: -73, size: -24576	[52627408]
[character]: num: -27, size: 884736	[52627408]
[item]: num: -11, size: 0	[52627408]
[ui]: num: 59, size: 27965392	[52627408]
[terrain]: num: 80, size: 20713472	[52627408]
[effect]: num: 27, size: 2797568	[52627408]
[minimap]: num: 7, size: 528640	[52627408]
Release file:texture\ui\minimap\12.tga
width: 12	height: 12	format: 21	mem_size:576
[scene]: num: -73, size: -24576	[52626832]
[character]: num: -27, size: 884736	[52626832]
[item]: num: -11, size: 0	[52626832]
[ui]: num: 58, size: 27964816	[52626832]
[terrain]: num: 80, size: 20713472	[52626832]
[effect]: num: 27, size: 2797568	[52626832]
[minimap]: num: 6, size: 528064	[52626832]
Release file:texture\ui\minimap\13.tga
width: 12	height: 12	format: 21	mem_size:576
[scene]: num: -73, size: -24576	[52626256]
[character]: num: -27, size: 884736	[52626256]
[item]: num: -11, size: 0	[52626256]
[ui]: num: 57, size: 27964240	[52626256]
[terrain]: num: 80, size: 20713472	[52626256]
[effect]: num: 27, size: 2797568	[52626256]
[minimap]: num: 5, size: 527488	[52626256]
Release file:texture\ui\minimap\14.tga
width: 12	height: 12	format: 21	mem_size:576
[scene]: num: -73, size: -24576	[52625680]
[character]: num: -27, size: 884736	[52625680]
[item]: num: -11, size: 0	[52625680]
[ui]: num: 56, size: 27963664	[52625680]
[terrain]: num: 80, size: 20713472	[52625680]
[effect]: num: 27, size: 2797568	[52625680]
[minimap]: num: 4, size: 526912	[52625680]
Release file:texture\ui\minimap\15.tga
width: 12	height: 12	format: 21	mem_size:576
[scene]: num: -73, size: -24576	[52625104]
[character]: num: -27, size: 884736	[52625104]
[item]: num: -11, size: 0	[52625104]
[ui]: num: 55, size: 27963088	[52625104]
[terrain]: num: 80, size: 20713472	[52625104]
[effect]: num: 27, size: 2797568	[52625104]
[minimap]: num: 3, size: 526336	[52625104]
Release file:texture\ui\minimap\arraw.tga
width: 16	height: 16	format: 21	mem_size:1024
[scene]: num: -73, size: -24576	[52624080]
[character]: num: -27, size: 884736	[52624080]
[item]: num: -11, size: 0	[52624080]
[ui]: num: 54, size: 27962064	[52624080]
[terrain]: num: 80, size: 20713472	[52624080]
[effect]: num: 27, size: 2797568	[52624080]
[minimap]: num: 2, size: 525312	[52624080]
Release file:texture\ui\minimap\shop.tga
width: 16	height: 16	format: 21	mem_size:1024
[scene]: num: -73, size: -24576	[52623056]
[character]: num: -27, size: 884736	[52623056]
[item]: num: -11, size: 0	[52623056]
[ui]: num: 53, size: 27961040	[52623056]
[terrain]: num: 80, size: 20713472	[52623056]
[effect]: num: 27, size: 2797568	[52623056]
[minimap]: num: 1, size: 524288	[52623056]
Release file:
width: 64	height: 64	format: 21	mem_size:16384
[scene]: num: -73, size: -24576	[52606672]
[character]: num: -27, size: 884736	[52606672]
[item]: num: -11, size: 0	[52606672]
[ui]: num: 53, size: 27961040	[52606672]
[terrain]: num: 80, size: 20713472	[52606672]
[effect]: num: 27, size: 2797568	[52606672]
[minimap]: num: 1, size: 524288	[52606672]
Release file:
width: 64	height: 64	format: 21	mem_size:16384
[scene]: num: -73, size: -24576	[52590288]
[character]: num: -27, size: 884736	[52590288]
[item]: num: -11, size: 0	[52590288]
[ui]: num: 53, size: 27961040	[52590288]
[terrain]: num: 80, size: 20713472	[52590288]
[effect]: num: 27, size: 2797568	[52590288]
[minimap]: num: 1, size: 524288	[52590288]
Release file:
width: 64	height: 64	format: 21	mem_size:16384
[scene]: num: -73, size: -24576	[52573904]
[character]: num: -27, size: 884736	[52573904]
[item]: num: -11, size: 0	[52573904]
[ui]: num: 53, size: 27961040	[52573904]
[terrain]: num: 80, size: 20713472	[52573904]
[effect]: num: 27, size: 2797568	[52573904]
[minimap]: num: 1, size: 524288	[52573904]
Release file:
width: 64	height: 64	format: 21	mem_size:16384
[scene]: num: -73, size: -24576	[52557520]
[character]: num: -27, size: 884736	[52557520]
[item]: num: -11, size: 0	[52557520]
[ui]: num: 53, size: 27961040	[52557520]
[terrain]: num: 80, size: 20713472	[52557520]
[effect]: num: 27, size: 2797568	[52557520]
[minimap]: num: 1, size: 524288	[52557520]
Release file:
width: 64	height: 64	format: 21	mem_size:16384
[scene]: num: -73, size: -24576	[52541136]
[character]: num: -27, size: 884736	[52541136]
[item]: num: -11, size: 0	[52541136]
[ui]: num: 53, size: 27961040	[52541136]
[terrain]: num: 80, size: 20713472	[52541136]
[effect]: num: 27, size: 2797568	[52541136]
[minimap]: num: 1, size: 524288	[52541136]
Release file:
width: 64	height: 64	format: 21	mem_size:16384
[scene]: num: -73, size: -24576	[52524752]
[character]: num: -27, size: 884736	[52524752]
[item]: num: -11, size: 0	[52524752]
[ui]: num: 53, size: 27961040	[52524752]
[terrain]: num: 80, size: 20713472	[52524752]
[effect]: num: 27, size: 2797568	[52524752]
[minimap]: num: 1, size: 524288	[52524752]
Release file:
width: 64	height: 64	format: 21	mem_size:16384
[scene]: num: -73, size: -24576	[52508368]
[character]: num: -27, size: 884736	[52508368]
[item]: num: -11, size: 0	[52508368]
[ui]: num: 53, size: 27961040	[52508368]
[terrain]: num: 80, size: 20713472	[52508368]
[effect]: num: 27, size: 2797568	[52508368]
[minimap]: num: 1, size: 524288	[52508368]
Release file:
width: 64	height: 64	format: 21	mem_size:16384
[scene]: num: -73, size: -24576	[52491984]
[character]: num: -27, size: 884736	[52491984]
[item]: num: -11, size: 0	[52491984]
[ui]: num: 53, size: 27961040	[52491984]
[terrain]: num: 80, size: 20713472	[52491984]
[effect]: num: 27, size: 2797568	[52491984]
[minimap]: num: 1, size: 524288	[52491984]
Release file:
width: 64	height: 64	format: 21	mem_size:16384
[scene]: num: -73, size: -24576	[52475600]
[character]: num: -27, size: 884736	[52475600]
[item]: num: -11, size: 0	[52475600]
[ui]: num: 53, size: 27961040	[52475600]
[terrain]: num: 80, size: 20713472	[52475600]
[effect]: num: 27, size: 2797568	[52475600]
[minimap]: num: 1, size: 524288	[52475600]
Release file:
width: 256	height: 256	format: 21	mem_size:0
[scene]: num: -73, size: -24576	[52475600]
[character]: num: -27, size: 884736	[52475600]
[item]: num: -11, size: 0	[52475600]
[ui]: num: 53, size: 27961040	[52475600]
[terrain]: num: 80, size: 20713472	[52475600]
[effect]: num: 27, size: 2797568	[52475600]
[minimap]: num: 1, size: 524288	[52475600]
Release file:
width: 256	height: 256	format: 21	mem_size:0
[scene]: num: -73, size: -24576	[52475600]
[character]: num: -27, size: 884736	[52475600]
[item]: num: -11, size: 0	[52475600]
[ui]: num: 53, size: 27961040	[52475600]
[terrain]: num: 80, size: 20713472	[52475600]
[effect]: num: 27, size: 2797568	[52475600]
[minimap]: num: 1, size: 524288	[52475600]
Release file:
width: 256	height: 256	format: 21	mem_size:0
[scene]: num: -73, size: -24576	[52475600]
[character]: num: -27, size: 884736	[52475600]
[item]: num: -11, size: 0	[52475600]
[ui]: num: 53, size: 27961040	[52475600]
[terrain]: num: 80, size: 20713472	[52475600]
[effect]: num: 27, size: 2797568	[52475600]
[minimap]: num: 1, size: 524288	[52475600]
Release file:
width: 256	height: 256	format: 21	mem_size:0
[scene]: num: -73, size: -24576	[52475600]
[character]: num: -27, size: 884736	[52475600]
[item]: num: -11, size: 0	[52475600]
[ui]: num: 53, size: 27961040	[52475600]
[terrain]: num: 80, size: 20713472	[52475600]
[effect]: num: 27, size: 2797568	[52475600]
[minimap]: num: 1, size: 524288	[52475600]
Release file:
width: 256	height: 256	format: 21	mem_size:0
[scene]: num: -73, size: -24576	[52475600]
[character]: num: -27, size: 884736	[52475600]
[item]: num: -11, size: 0	[52475600]
[ui]: num: 53, size: 27961040	[52475600]
[terrain]: num: 80, size: 20713472	[52475600]
[effect]: num: 27, size: 2797568	[52475600]
[minimap]: num: 1, size: 524288	[52475600]
Release file:
width: 256	height: 256	format: 21	mem_size:0
[scene]: num: -73, size: -24576	[52475600]
[character]: num: -27, size: 884736	[52475600]
[item]: num: -11, size: 0	[52475600]
[ui]: num: 53, size: 27961040	[52475600]
[terrain]: num: 80, size: 20713472	[52475600]
[effect]: num: 27, size: 2797568	[52475600]
[minimap]: num: 1, size: 524288	[52475600]
Release file:
width: 256	height: 256	format: 21	mem_size:0
[scene]: num: -73, size: -24576	[52475600]
[character]: num: -27, size: 884736	[52475600]
[item]: num: -11, size: 0	[52475600]
[ui]: num: 53, size: 27961040	[52475600]
[terrain]: num: 80, size: 20713472	[52475600]
[effect]: num: 27, size: 2797568	[52475600]
[minimap]: num: 1, size: 524288	[52475600]
Release file:
width: 256	height: 256	format: 21	mem_size:0
[scene]: num: -73, size: -24576	[52475600]
[character]: num: -27, size: 884736	[52475600]
[item]: num: -11, size: 0	[52475600]
[ui]: num: 53, size: 27961040	[52475600]
[terrain]: num: 80, size: 20713472	[52475600]
[effect]: num: 27, size: 2797568	[52475600]
[minimap]: num: 1, size: 524288	[52475600]
Release file:
width: 256	height: 256	format: 21	mem_size:0
[scene]: num: -73, size: -24576	[52475600]
[character]: num: -27, size: 884736	[52475600]
[item]: num: -11, size: 0	[52475600]
[ui]: num: 53, size: 27961040	[52475600]
[terrain]: num: 80, size: 20713472	[52475600]
[effect]: num: 27, size: 2797568	[52475600]
[minimap]: num: 1, size: 524288	[52475600]
Release file:
width: 256	height: 256	format: 21	mem_size:0
[scene]: num: -73, size: -24576	[52475600]
[character]: num: -27, size: 884736	[52475600]
[item]: num: -11, size: 0	[52475600]
[ui]: num: 53, size: 27961040	[52475600]
[terrain]: num: 80, size: 20713472	[52475600]
[effect]: num: 27, size: 2797568	[52475600]
[minimap]: num: 1, size: 524288	[52475600]
Release file:
width: 256	height: 256	format: 21	mem_size:0
[scene]: num: -73, size: -24576	[52475600]
[character]: num: -27, size: 884736	[52475600]
[item]: num: -11, size: 0	[52475600]
[ui]: num: 53, size: 27961040	[52475600]
[terrain]: num: 80, size: 20713472	[52475600]
[effect]: num: 27, size: 2797568	[52475600]
[minimap]: num: 1, size: 524288	[52475600]
Release file:
width: 256	height: 256	format: 21	mem_size:0
[scene]: num: -73, size: -24576	[52475600]
[character]: num: -27, size: 884736	[52475600]
[item]: num: -11, size: 0	[52475600]
[ui]: num: 53, size: 27961040	[52475600]
[terrain]: num: 80, size: 20713472	[52475600]
[effect]: num: 27, size: 2797568	[52475600]
[minimap]: num: 1, size: 524288	[52475600]
Release file:
width: 256	height: 256	format: 21	mem_size:0
[scene]: num: -73, size: -24576	[52475600]
[character]: num: -27, size: 884736	[52475600]
[item]: num: -11, size: 0	[52475600]
[ui]: num: 53, size: 27961040	[52475600]
[terrain]: num: 80, size: 20713472	[52475600]
[effect]: num: 27, size: 2797568	[52475600]
[minimap]: num: 1, size: 524288	[52475600]
Release file:
width: 256	height: 256	format: 21	mem_size:0
[scene]: num: -73, size: -24576	[52475600]
[character]: num: -27, size: 884736	[52475600]
[item]: num: -11, size: 0	[52475600]
[ui]: num: 53, size: 27961040	[52475600]
[terrain]: num: 80, size: 20713472	[52475600]
[effect]: num: 27, size: 2797568	[52475600]
[minimap]: num: 1, size: 524288	[52475600]
Release file:
width: 256	height: 256	format: 21	mem_size:0
[scene]: num: -73, size: -24576	[52475600]
[character]: num: -27, size: 884736	[52475600]
[item]: num: -11, size: 0	[52475600]
[ui]: num: 53, size: 27961040	[52475600]
[terrain]: num: 80, size: 20713472	[52475600]
[effect]: num: 27, size: 2797568	[52475600]
[minimap]: num: 1, size: 524288	[52475600]
Release file:
width: 256	height: 256	format: 21	mem_size:0
[scene]: num: -73, size: -24576	[52475600]
[character]: num: -27, size: 884736	[52475600]
[item]: num: -11, size: 0	[52475600]
[ui]: num: 53, size: 27961040	[52475600]
[terrain]: num: 80, size: 20713472	[52475600]
[effect]: num: 27, size: 2797568	[52475600]
[minimap]: num: 1, size: 524288	[52475600]
Release file:
width: 256	height: 256	format: 21	mem_size:0
[scene]: num: -73, size: -24576	[52475600]
[character]: num: -27, size: 884736	[52475600]
[item]: num: -11, size: 0	[52475600]
[ui]: num: 53, size: 27961040	[52475600]
[terrain]: num: 80, size: 20713472	[52475600]
[effect]: num: 27, size: 2797568	[52475600]
[minimap]: num: 1, size: 524288	[52475600]
Release file:
width: 256	height: 256	format: 21	mem_size:0
[scene]: num: -73, size: -24576	[52475600]
[character]: num: -27, size: 884736	[52475600]
[item]: num: -11, size: 0	[52475600]
[ui]: num: 53, size: 27961040	[52475600]
[terrain]: num: 80, size: 20713472	[52475600]
[effect]: num: 27, size: 2797568	[52475600]
[minimap]: num: 1, size: 524288	[52475600]
Release file:
width: 256	height: 256	format: 21	mem_size:0
[scene]: num: -73, size: -24576	[52475600]
[character]: num: -27, size: 884736	[52475600]
[item]: num: -11, size: 0	[52475600]
[ui]: num: 53, size: 27961040	[52475600]
[terrain]: num: 80, size: 20713472	[52475600]
[effect]: num: 27, size: 2797568	[52475600]
[minimap]: num: 1, size: 524288	[52475600]
Release file:
width: 256	height: 256	format: 21	mem_size:0
[scene]: num: -73, size: -24576	[52475600]
[character]: num: -27, size: 884736	[52475600]
[item]: num: -11, size: 0	[52475600]
[ui]: num: 53, size: 27961040	[52475600]
[terrain]: num: 80, size: 20713472	[52475600]
[effect]: num: 27, size: 2797568	[52475600]
[minimap]: num: 1, size: 524288	[52475600]
Release file:
width: 256	height: 256	format: 21	mem_size:0
[scene]: num: -73, size: -24576	[52475600]
[character]: num: -27, size: 884736	[52475600]
[item]: num: -11, size: 0	[52475600]
[ui]: num: 53, size: 27961040	[52475600]
[terrain]: num: 80, size: 20713472	[52475600]
[effect]: num: 27, size: 2797568	[52475600]
[minimap]: num: 1, size: 524288	[52475600]
Release file:
width: 256	height: 256	format: 21	mem_size:0
[scene]: num: -73, size: -24576	[52475600]
[character]: num: -27, size: 884736	[52475600]
[item]: num: -11, size: 0	[52475600]
[ui]: num: 53, size: 27961040	[52475600]
[terrain]: num: 80, size: 20713472	[52475600]
[effect]: num: 27, size: 2797568	[52475600]
[minimap]: num: 1, size: 524288	[52475600]
Release file:
width: 256	height: 256	format: 21	mem_size:0
[scene]: num: -73, size: -24576	[52475600]
[character]: num: -27, size: 884736	[52475600]
[item]: num: -11, size: 0	[52475600]
[ui]: num: 53, size: 27961040	[52475600]
[terrain]: num: 80, size: 20713472	[52475600]
[effect]: num: 27, size: 2797568	[52475600]
[minimap]: num: 1, size: 524288	[52475600]
Release file:
width: 256	height: 256	format: 21	mem_size:0
[scene]: num: -73, size: -24576	[52475600]
[character]: num: -27, size: 884736	[52475600]
[item]: num: -11, size: 0	[52475600]
[ui]: num: 53, size: 27961040	[52475600]
[terrain]: num: 80, size: 20713472	[52475600]
[effect]: num: 27, size: 2797568	[52475600]
[minimap]: num: 1, size: 524288	[52475600]
Release file:
width: 256	height: 256	format: 21	mem_size:0
[scene]: num: -73, size: -24576	[52475600]
[character]: num: -27, size: 884736	[52475600]
[item]: num: -11, size: 0	[52475600]
[ui]: num: 53, size: 27961040	[52475600]
[terrain]: num: 80, size: 20713472	[52475600]
[effect]: num: 27, size: 2797568	[52475600]
[minimap]: num: 1, size: 524288	[52475600]
Release file:
width: 256	height: 256	format: 21	mem_size:0
[scene]: num: -73, size: -24576	[52475600]
[character]: num: -27, size: 884736	[52475600]
[item]: num: -11, size: 0	[52475600]
[ui]: num: 53, size: 27961040	[52475600]
[terrain]: num: 80, size: 20713472	[52475600]
[effect]: num: 27, size: 2797568	[52475600]
[minimap]: num: 1, size: 524288	[52475600]
Release file:
width: 256	height: 256	format: 21	mem_size:0
[scene]: num: -73, size: -24576	[52475600]
[character]: num: -27, size: 884736	[52475600]
[item]: num: -11, size: 0	[52475600]
[ui]: num: 53, size: 27961040	[52475600]
[terrain]: num: 80, size: 20713472	[52475600]
[effect]: num: 27, size: 2797568	[52475600]
[minimap]: num: 1, size: 524288	[52475600]
Release file:
width: 256	height: 256	format: 21	mem_size:0
[scene]: num: -73, size: -24576	[52475600]
[character]: num: -27, size: 884736	[52475600]
[item]: num: -11, size: 0	[52475600]
[ui]: num: 53, size: 27961040	[52475600]
[terrain]: num: 80, size: 20713472	[52475600]
[effect]: num: 27, size: 2797568	[52475600]
[minimap]: num: 1, size: 524288	[52475600]
Release file:
width: 256	height: 256	format: 21	mem_size:0
[scene]: num: -73, size: -24576	[52475600]
[character]: num: -27, size: 884736	[52475600]
[item]: num: -11, size: 0	[52475600]
[ui]: num: 53, size: 27961040	[52475600]
[terrain]: num: 80, size: 20713472	[52475600]
[effect]: num: 27, size: 2797568	[52475600]
[minimap]: num: 1, size: 524288	[52475600]
Release file:
width: 256	height: 256	format: 21	mem_size:0
[scene]: num: -73, size: -24576	[52475600]
[character]: num: -27, size: 884736	[52475600]
[item]: num: -11, size: 0	[52475600]
[ui]: num: 53, size: 27961040	[52475600]
[terrain]: num: 80, size: 20713472	[52475600]
[effect]: num: 27, size: 2797568	[52475600]
[minimap]: num: 1, size: 524288	[52475600]
Release file:
width: 256	height: 256	format: 21	mem_size:0
[scene]: num: -73, size: -24576	[52475600]
[character]: num: -27, size: 884736	[52475600]
[item]: num: -11, size: 0	[52475600]
[ui]: num: 53, size: 27961040	[52475600]
[terrain]: num: 80, size: 20713472	[52475600]
[effect]: num: 27, size: 2797568	[52475600]
[minimap]: num: 1, size: 524288	[52475600]
Release file:
width: 256	height: 256	format: 21	mem_size:0
[scene]: num: -73, size: -24576	[52475600]
[character]: num: -27, size: 884736	[52475600]
[item]: num: -11, size: 0	[52475600]
[ui]: num: 53, size: 27961040	[52475600]
[terrain]: num: 80, size: 20713472	[52475600]
[effect]: num: 27, size: 2797568	[52475600]
[minimap]: num: 1, size: 524288	[52475600]
Release file:
width: 256	height: 256	format: 21	mem_size:0
[scene]: num: -73, size: -24576	[52475600]
[character]: num: -27, size: 884736	[52475600]
[item]: num: -11, size: 0	[52475600]
[ui]: num: 53, size: 27961040	[52475600]
[terrain]: num: 80, size: 20713472	[52475600]
[effect]: num: 27, size: 2797568	[52475600]
[minimap]: num: 1, size: 524288	[52475600]
Release file:
width: 256	height: 256	format: 21	mem_size:0
[scene]: num: -73, size: -24576	[52475600]
[character]: num: -27, size: 884736	[52475600]
[item]: num: -11, size: 0	[52475600]
[ui]: num: 53, size: 27961040	[52475600]
[terrain]: num: 80, size: 20713472	[52475600]
[effect]: num: 27, size: 2797568	[52475600]
[minimap]: num: 1, size: 524288	[52475600]
Release file:.\texture\character\grim920001.bmp
width: 256	height: 256	format: 21	mem_size:262144
[scene]: num: -73, size: -24576	[52213456]
[character]: num: -28, size: 622592	[52213456]
[item]: num: -11, size: 0	[52213456]
[ui]: num: 53, size: 27961040	[52213456]
[terrain]: num: 80, size: 20713472	[52213456]
[effect]: num: 27, size: 2797568	[52213456]
[minimap]: num: 1, size: 524288	[52213456]
Release file:.\texture\character\0000000000.bmp
width: 64	height: 64	format: 21	mem_size:16384
[scene]: num: -73, size: -24576	[52197072]
[character]: num: -29, size: 606208	[52197072]
[item]: num: -11, size: 0	[52197072]
[ui]: num: 53, size: 27961040	[52197072]
[terrain]: num: 80, size: 20713472	[52197072]
[effect]: num: 27, size: 2797568	[52197072]
[minimap]: num: 1, size: 524288	[52197072]
Release file:.\texture\character\grim610002.bmp
width: 256	height: 256	format: 21	mem_size:262144
[scene]: num: -73, size: -24576	[51934928]
[character]: num: -30, size: 344064	[51934928]
[item]: num: -11, size: 0	[51934928]
[ui]: num: 53, size: 27961040	[51934928]
[terrain]: num: 80, size: 20713472	[51934928]
[effect]: num: 27, size: 2797568	[51934928]
[minimap]: num: 1, size: 524288	[51934928]
Release file:.\texture\character\grim610003.bmp
width: 128	height: 128	format: 21	mem_size:65536
[scene]: num: -73, size: -24576	[51869392]
[character]: num: -31, size: 278528	[51869392]
[item]: num: -11, size: 0	[51869392]
[ui]: num: 53, size: 27961040	[51869392]
[terrain]: num: 80, size: 20713472	[51869392]
[effect]: num: 27, size: 2797568	[51869392]
[minimap]: num: 1, size: 524288	[51869392]
Release file:.\texture\character\grim610004.bmp
width: 64	height: 64	format: 21	mem_size:16384
[scene]: num: -73, size: -24576	[51853008]
[character]: num: -32, size: 262144	[51853008]
[item]: num: -11, size: 0	[51853008]
[ui]: num: 53, size: 27961040	[51853008]
[terrain]: num: 80, size: 20713472	[51853008]
[effect]: num: 27, size: 2797568	[51853008]
[minimap]: num: 1, size: 524288	[51853008]
Release file:.\texture\character\0307000000.bmp
width: 256	height: 256	format: 21	mem_size:262144
[scene]: num: -73, size: -24576	[51590864]
[character]: num: -33, size: 0	[51590864]
[item]: num: -11, size: 0	[51590864]
[ui]: num: 53, size: 27961040	[51590864]
[terrain]: num: 80, size: 20713472	[51590864]
[effect]: num: 27, size: 2797568	[51590864]
[minimap]: num: 1, size: 524288	[51590864]
Release file:texture\effect\1.tga
width: 32	height: 32	format: 21	mem_size:4096
[scene]: num: -73, size: -24576	[51586768]
[character]: num: -33, size: 0	[51586768]
[item]: num: -11, size: 0	[51586768]
[ui]: num: 53, size: 27961040	[51586768]
[terrain]: num: 80, size: 20713472	[51586768]
[effect]: num: 26, size: 2793472	[51586768]
[minimap]: num: 1, size: 524288	[51586768]
Release file:texture\effect\backnumber.tga
width: 32	height: 32	format: 21	mem_size:4096
[scene]: num: -73, size: -24576	[51582672]
[character]: num: -33, size: 0	[51582672]
[item]: num: -11, size: 0	[51582672]
[ui]: num: 53, size: 27961040	[51582672]
[terrain]: num: 80, size: 20713472	[51582672]
[effect]: num: 25, size: 2789376	[51582672]
[minimap]: num: 1, size: 524288	[51582672]
Release file:texture\effect\bd.tga
width: 256	height: 256	format: 21	mem_size:262144
[scene]: num: -73, size: -24576	[51320528]
[character]: num: -33, size: 0	[51320528]
[item]: num: -11, size: 0	[51320528]
[ui]: num: 53, size: 27961040	[51320528]
[terrain]: num: 80, size: 20713472	[51320528]
[effect]: num: 24, size: 2527232	[51320528]
[minimap]: num: 1, size: 524288	[51320528]
Release file:texture\effect\cape.tga
width: 256	height: 512	format: 21	mem_size:524288
[scene]: num: -73, size: -24576	[50796240]
[character]: num: -33, size: 0	[50796240]
[item]: num: -11, size: 0	[50796240]
[ui]: num: 53, size: 27961040	[50796240]
[terrain]: num: 80, size: 20713472	[50796240]
[effect]: num: 23, size: 2002944	[50796240]
[minimap]: num: 1, size: 524288	[50796240]
Release file:texture\effect\eff0031.tga
width: 64	height: 64	format: 21	mem_size:16384
[scene]: num: -73, size: -24576	[50779856]
[character]: num: -33, size: 0	[50779856]
[item]: num: -11, size: 0	[50779856]
[ui]: num: 53, size: 27961040	[50779856]
[terrain]: num: 80, size: 20713472	[50779856]
[effect]: num: 22, size: 1986560	[50779856]
[minimap]: num: 1, size: 524288	[50779856]
Release file:texture\effect\eff0049.tga
width: 128	height: 128	format: 21	mem_size:65536
[scene]: num: -73, size: -24576	[50714320]
[character]: num: -33, size: 0	[50714320]
[item]: num: -11, size: 0	[50714320]
[ui]: num: 53, size: 27961040	[50714320]
[terrain]: num: 80, size: 20713472	[50714320]
[effect]: num: 21, size: 1921024	[50714320]
[minimap]: num: 1, size: 524288	[50714320]
Release file:texture\effect\eff0050.tga
width: 64	height: 64	format: 21	mem_size:16384
[scene]: num: -73, size: -24576	[50697936]
[character]: num: -33, size: 0	[50697936]
[item]: num: -11, size: 0	[50697936]
[ui]: num: 53, size: 27961040	[50697936]
[terrain]: num: 80, size: 20713472	[50697936]
[effect]: num: 20, size: 1904640	[50697936]
[minimap]: num: 1, size: 524288	[50697936]
Release file:texture\effect\eff0078.tga
width: 256	height: 256	format: 21	mem_size:262144
[scene]: num: -73, size: -24576	[50435792]
[character]: num: -33, size: 0	[50435792]
[item]: num: -11, size: 0	[50435792]
[ui]: num: 53, size: 27961040	[50435792]
[terrain]: num: 80, size: 20713472	[50435792]
[effect]: num: 19, size: 1642496	[50435792]
[minimap]: num: 1, size: 524288	[50435792]
Release file:texture\effect\eff0125.tga
width: 64	height: 64	format: 21	mem_size:16384
[scene]: num: -73, size: -24576	[50419408]
[character]: num: -33, size: 0	[50419408]
[item]: num: -11, size: 0	[50419408]
[ui]: num: 53, size: 27961040	[50419408]
[terrain]: num: 80, size: 20713472	[50419408]
[effect]: num: 18, size: 1626112	[50419408]
[minimap]: num: 1, size: 524288	[50419408]
Release file:texture\effect\eff3013.tga
width: 64	height: 64	format: 21	mem_size:16384
[scene]: num: -73, size: -24576	[50403024]
[character]: num: -33, size: 0	[50403024]
[item]: num: -11, size: 0	[50403024]
[ui]: num: 53, size: 27961040	[50403024]
[terrain]: num: 80, size: 20713472	[50403024]
[effect]: num: 17, size: 1609728	[50403024]
[minimap]: num: 1, size: 524288	[50403024]
Release file:texture\effect\eff3018.tga
width: 128	height: 128	format: 21	mem_size:65536
[scene]: num: -73, size: -24576	[50337488]
[character]: num: -33, size: 0	[50337488]
[item]: num: -11, size: 0	[50337488]
[ui]: num: 53, size: 27961040	[50337488]
[terrain]: num: 80, size: 20713472	[50337488]
[effect]: num: 16, size: 1544192	[50337488]
[minimap]: num: 1, size: 524288	[50337488]
Release file:texture\effect\eff3023.tga
width: 256	height: 256	format: 21	mem_size:262144
[scene]: num: -73, size: -24576	[50075344]
[character]: num: -33, size: 0	[50075344]
[item]: num: -11, size: 0	[50075344]
[ui]: num: 53, size: 27961040	[50075344]
[terrain]: num: 80, size: 20713472	[50075344]
[effect]: num: 15, size: 1282048	[50075344]
[minimap]: num: 1, size: 524288	[50075344]
Release file:texture\effect\eidolon3.tga
width: 128	height: 128	format: 21	mem_size:65536
[scene]: num: -73, size: -24576	[50009808]
[character]: num: -33, size: 0	[50009808]
[item]: num: -11, size: 0	[50009808]
[ui]: num: 53, size: 27961040	[50009808]
[terrain]: num: 80, size: 20713472	[50009808]
[effect]: num: 14, size: 1216512	[50009808]
[minimap]: num: 1, size: 524288	[50009808]
Release file:texture\effect\fjlxiao1.tga
width: 256	height: 256	format: 21	mem_size:262144
[scene]: num: -73, size: -24576	[49747664]
[character]: num: -33, size: 0	[49747664]
[item]: num: -11, size: 0	[49747664]
[ui]: num: 53, size: 27961040	[49747664]
[terrain]: num: 80, size: 20713472	[49747664]
[effect]: num: 13, size: 954368	[49747664]
[minimap]: num: 1, size: 524288	[49747664]
Release file:texture\effect\fx_m_t0085.tga
width: 64	height: 64	format: 21	mem_size:16384
[scene]: num: -73, size: -24576	[49731280]
[character]: num: -33, size: 0	[49731280]
[item]: num: -11, size: 0	[49731280]
[ui]: num: 53, size: 27961040	[49731280]
[terrain]: num: 80, size: 20713472	[49731280]
[effect]: num: 12, size: 937984	[49731280]
[minimap]: num: 1, size: 524288	[49731280]
Release file:texture\effect\hh1.tga
width: 128	height: 128	format: 21	mem_size:65536
[scene]: num: -73, size: -24576	[49665744]
[character]: num: -33, size: 0	[49665744]
[item]: num: -11, size: 0	[49665744]
[ui]: num: 53, size: 27961040	[49665744]
[terrain]: num: 80, size: 20713472	[49665744]
[effect]: num: 11, size: 872448	[49665744]
[minimap]: num: 1, size: 524288	[49665744]
Release file:texture\effect\jyffz4.tga
width: 64	height: 64	format: 21	mem_size:16384
[scene]: num: -73, size: -24576	[49649360]
[character]: num: -33, size: 0	[49649360]
[item]: num: -11, size: 0	[49649360]
[ui]: num: 53, size: 27961040	[49649360]
[terrain]: num: 80, size: 20713472	[49649360]
[effect]: num: 10, size: 856064	[49649360]
[minimap]: num: 1, size: 524288	[49649360]
Release file:texture\effect\pug.tga
width: 128	height: 128	format: 21	mem_size:65536
[scene]: num: -73, size: -24576	[49583824]
[character]: num: -33, size: 0	[49583824]
[item]: num: -11, size: 0	[49583824]
[ui]: num: 53, size: 27961040	[49583824]
[terrain]: num: 80, size: 20713472	[49583824]
[effect]: num: 9, size: 790528	[49583824]
[minimap]: num: 1, size: 524288	[49583824]
Release file:texture\effect\range.tga
width: 128	height: 128	format: 21	mem_size:65536
[scene]: num: -73, size: -24576	[49518288]
[character]: num: -33, size: 0	[49518288]
[item]: num: -11, size: 0	[49518288]
[ui]: num: 53, size: 27961040	[49518288]
[terrain]: num: 80, size: 20713472	[49518288]
[effect]: num: 8, size: 724992	[49518288]
[minimap]: num: 1, size: 524288	[49518288]
Release file:texture\effect\sel1.tga
width: 128	height: 128	format: 21	mem_size:65536
[scene]: num: -73, size: -24576	[49452752]
[character]: num: -33, size: 0	[49452752]
[item]: num: -11, size: 0	[49452752]
[ui]: num: 53, size: 27961040	[49452752]
[terrain]: num: 80, size: 20713472	[49452752]
[effect]: num: 7, size: 659456	[49452752]
[minimap]: num: 1, size: 524288	[49452752]
Release file:texture\effect\smoke1.tga
width: 32	height: 32	format: 21	mem_size:4096
[scene]: num: -73, size: -24576	[49448656]
[character]: num: -33, size: 0	[49448656]
[item]: num: -11, size: 0	[49448656]
[ui]: num: 53, size: 27961040	[49448656]
[terrain]: num: 80, size: 20713472	[49448656]
[effect]: num: 6, size: 655360	[49448656]
[minimap]: num: 1, size: 524288	[49448656]
Release file:texture\effect\subblood.tga
width: 512	height: 64	format: 21	mem_size:131072
[scene]: num: -73, size: -24576	[49317584]
[character]: num: -33, size: 0	[49317584]
[item]: num: -11, size: 0	[49317584]
[ui]: num: 53, size: 27961040	[49317584]
[terrain]: num: 80, size: 20713472	[49317584]
[effect]: num: 5, size: 524288	[49317584]
[minimap]: num: 1, size: 524288	[49317584]
Release file:texture\effect\submiss2.tga
width: 256	height: 64	format: 21	mem_size:65536
[scene]: num: -73, size: -24576	[49252048]
[character]: num: -33, size: 0	[49252048]
[item]: num: -11, size: 0	[49252048]
[ui]: num: 53, size: 27961040	[49252048]
[terrain]: num: 80, size: 20713472	[49252048]
[effect]: num: 4, size: 458752	[49252048]
[minimap]: num: 1, size: 524288	[49252048]
Release file:texture\effect\tysohx.tga
width: 128	height: 128	format: 21	mem_size:65536
[scene]: num: -73, size: -24576	[49186512]
[character]: num: -33, size: 0	[49186512]
[item]: num: -11, size: 0	[49186512]
[ui]: num: 53, size: 27961040	[49186512]
[terrain]: num: 80, size: 20713472	[49186512]
[effect]: num: 3, size: 393216	[49186512]
[minimap]: num: 1, size: 524288	[49186512]
Release file:texture\effect\tysohx2.tga
width: 128	height: 128	format: 21	mem_size:65536
[scene]: num: -73, size: -24576	[49120976]
[character]: num: -33, size: 0	[49120976]
[item]: num: -11, size: 0	[49120976]
[ui]: num: 53, size: 27961040	[49120976]
[terrain]: num: 80, size: 20713472	[49120976]
[effect]: num: 2, size: 327680	[49120976]
[minimap]: num: 1, size: 524288	[49120976]
Release file:texture\effect\tysonngjy3.tga
width: 256	height: 256	format: 21	mem_size:262144
[scene]: num: -73, size: -24576	[48858832]
[character]: num: -33, size: 0	[48858832]
[item]: num: -11, size: 0	[48858832]
[ui]: num: 53, size: 27961040	[48858832]
[terrain]: num: 80, size: 20713472	[48858832]
[effect]: num: 1, size: 65536	[48858832]
[minimap]: num: 1, size: 524288	[48858832]
Release file:texture\effect\vipneck.tga
width: 128	height: 128	format: 21	mem_size:65536
[scene]: num: -73, size: -24576	[48793296]
[character]: num: -33, size: 0	[48793296]
[item]: num: -11, size: 0	[48793296]
[ui]: num: 53, size: 27961040	[48793296]
[terrain]: num: 80, size: 20713472	[48793296]
[effect]: num: 0, size: 0	[48793296]
[minimap]: num: 1, size: 524288	[48793296]
Release file:.\texture\item\0102001801.tga
width: 0	height: 0	format: 25	mem_size:0
[scene]: num: -73, size: -24576	[48793296]
[character]: num: -33, size: 0	[48793296]
[item]: num: -12, size: 0	[48793296]
[ui]: num: 53, size: 27961040	[48793296]
[terrain]: num: 80, size: 20713472	[48793296]
[effect]: num: 0, size: 0	[48793296]
[minimap]: num: 1, size: 524288	[48793296]
Release file:.\texture\item\01020019.tga
width: 0	height: 0	format: 25	mem_size:0
[scene]: num: -73, size: -24576	[48793296]
[character]: num: -33, size: 0	[48793296]
[item]: num: -13, size: 0	[48793296]
[ui]: num: 53, size: 27961040	[48793296]
[terrain]: num: 80, size: 20713472	[48793296]
[effect]: num: 0, size: 0	[48793296]
[minimap]: num: 1, size: 524288	[48793296]
Release file:.\texture\item\01020026.tga
width: 0	height: 0	format: 25	mem_size:0
[scene]: num: -73, size: -24576	[48793296]
[character]: num: -33, size: 0	[48793296]
[item]: num: -14, size: 0	[48793296]
[ui]: num: 53, size: 27961040	[48793296]
[terrain]: num: 80, size: 20713472	[48793296]
[effect]: num: 0, size: 0	[48793296]
[minimap]: num: 1, size: 524288	[48793296]
Release file:.\texture\item\01020029.tga
width: 0	height: 0	format: 25	mem_size:0
[scene]: num: -73, size: -24576	[48793296]
[character]: num: -33, size: 0	[48793296]
[item]: num: -15, size: 0	[48793296]
[ui]: num: 53, size: 27961040	[48793296]
[terrain]: num: 80, size: 20713472	[48793296]
[effect]: num: 0, size: 0	[48793296]
[minimap]: num: 1, size: 524288	[48793296]
Release file:.\texture\item\ÍÁÖø.tga
width: 0	height: 0	format: 25	mem_size:0
[scene]: num: -73, size: -24576	[48793296]
[character]: num: -33, size: 0	[48793296]
[item]: num: -16, size: 0	[48793296]
[ui]: num: 53, size: 27961040	[48793296]
[terrain]: num: 80, size: 20713472	[48793296]
[effect]: num: 0, size: 0	[48793296]
[minimap]: num: 1, size: 524288	[48793296]
Release file:.\texture\item\10100014eff.tga
width: 0	height: 0	format: 25	mem_size:0
[scene]: num: -73, size: -24576	[48793296]
[character]: num: -33, size: 0	[48793296]
[item]: num: -17, size: 0	[48793296]
[ui]: num: 53, size: 27961040	[48793296]
[terrain]: num: 80, size: 20713472	[48793296]
[effect]: num: 0, size: 0	[48793296]
[minimap]: num: 1, size: 524288	[48793296]
Release file:.\texture\item\hl_scjlight.tga
width: 0	height: 0	format: 25	mem_size:0
[scene]: num: -73, size: -24576	[48793296]
[character]: num: -33, size: 0	[48793296]
[item]: num: -18, size: 0	[48793296]
[ui]: num: 53, size: 27961040	[48793296]
[terrain]: num: 80, size: 20713472	[48793296]
[effect]: num: 0, size: 0	[48793296]
[minimap]: num: 1, size: 524288	[48793296]
Release file:.\texture\item\10100016eff.tga
width: 0	height: 0	format: 25	mem_size:0
[scene]: num: -73, size: -24576	[48793296]
[character]: num: -33, size: 0	[48793296]
[item]: num: -19, size: 0	[48793296]
[ui]: num: 53, size: 27961040	[48793296]
[terrain]: num: 80, size: 20713472	[48793296]
[effect]: num: 0, size: 0	[48793296]
[minimap]: num: 1, size: 524288	[48793296]
Release file:.\texture\item\10100017.tga
width: 0	height: 0	format: 25	mem_size:0
[scene]: num: -73, size: -24576	[48793296]
[character]: num: -33, size: 0	[48793296]
[item]: num: -20, size: 0	[48793296]
[ui]: num: 53, size: 27961040	[48793296]
[terrain]: num: 80, size: 20713472	[48793296]
[effect]: num: 0, size: 0	[48793296]
[minimap]: num: 1, size: 524288	[48793296]
Release file:.\texture\item\10100018eff.tga
width: 0	height: 0	format: 25	mem_size:0
[scene]: num: -73, size: -24576	[48793296]
[character]: num: -33, size: 0	[48793296]
[item]: num: -21, size: 0	[48793296]
[ui]: num: 53, size: 27961040	[48793296]
[terrain]: num: 80, size: 20713472	[48793296]
[effect]: num: 0, size: 0	[48793296]
[minimap]: num: 1, size: 524288	[48793296]
Release file:.\texture\item\10110005eff.tga
width: 0	height: 0	format: 25	mem_size:0
[scene]: num: -73, size: -24576	[48793296]
[character]: num: -33, size: 0	[48793296]
[item]: num: -22, size: 0	[48793296]
[ui]: num: 53, size: 27961040	[48793296]
[terrain]: num: 80, size: 20713472	[48793296]
[effect]: num: 0, size: 0	[48793296]
[minimap]: num: 1, size: 524288	[48793296]
Release file:.\texture\item\10110006eff.tga
width: 0	height: 0	format: 25	mem_size:0
[scene]: num: -73, size: -24576	[48793296]
[character]: num: -33, size: 0	[48793296]
[item]: num: -23, size: 0	[48793296]
[ui]: num: 53, size: 27961040	[48793296]
[terrain]: num: 80, size: 20713472	[48793296]
[effect]: num: 0, size: 0	[48793296]
[minimap]: num: 1, size: 524288	[48793296]
Release file:.\texture\item\10110007eff.tga
width: 0	height: 0	format: 25	mem_size:0
[scene]: num: -73, size: -24576	[48793296]
[character]: num: -33, size: 0	[48793296]
[item]: num: -24, size: 0	[48793296]
[ui]: num: 53, size: 27961040	[48793296]
[terrain]: num: 80, size: 20713472	[48793296]
[effect]: num: 0, size: 0	[48793296]
[minimap]: num: 1, size: 524288	[48793296]
Release file:.\texture\item\101110008eff.tga
width: 0	height: 0	format: 25	mem_size:0
[scene]: num: -73, size: -24576	[48793296]
[character]: num: -33, size: 0	[48793296]
[item]: num: -25, size: 0	[48793296]
[ui]: num: 53, size: 27961040	[48793296]
[terrain]: num: 80, size: 20713472	[48793296]
[effect]: num: 0, size: 0	[48793296]
[minimap]: num: 1, size: 524288	[48793296]
Release file:.\texture\item\10130025eff.tga
width: 0	height: 0	format: 25	mem_size:0
[scene]: num: -73, size: -24576	[48793296]
[character]: num: -33, size: 0	[48793296]
[item]: num: -26, size: 0	[48793296]
[ui]: num: 53, size: 27961040	[48793296]
[terrain]: num: 80, size: 20713472	[48793296]
[effect]: num: 0, size: 0	[48793296]
[minimap]: num: 1, size: 524288	[48793296]
Release file:.\texture\item\10130026eff.tga
width: 0	height: 0	format: 25	mem_size:0
[scene]: num: -73, size: -24576	[48793296]
[character]: num: -33, size: 0	[48793296]
[item]: num: -27, size: 0	[48793296]
[ui]: num: 53, size: 27961040	[48793296]
[terrain]: num: 80, size: 20713472	[48793296]
[effect]: num: 0, size: 0	[48793296]
[minimap]: num: 1, size: 524288	[48793296]
Release file:.\texture\item\0227000001.bmp
width: 0	height: 0	format: 25	mem_size:0
[scene]: num: -73, size: -24576	[48793296]
[character]: num: -33, size: 0	[48793296]
[item]: num: -28, size: 0	[48793296]
[ui]: num: 53, size: 27961040	[48793296]
[terrain]: num: 80, size: 20713472	[48793296]
[effect]: num: 0, size: 0	[48793296]
[minimap]: num: 1, size: 524288	[48793296]
Release file:.\texture\item\0227000001.bmp
width: 0	height: 0	format: 25	mem_size:0
[scene]: num: -73, size: -24576	[48793296]
[character]: num: -33, size: 0	[48793296]
[item]: num: -29, size: 0	[48793296]
[ui]: num: 53, size: 27961040	[48793296]
[terrain]: num: 80, size: 20713472	[48793296]
[effect]: num: 0, size: 0	[48793296]
[minimap]: num: 1, size: 524288	[48793296]
Release file:.\texture\item\0227000001.bmp
width: 0	height: 0	format: 25	mem_size:0
[scene]: num: -73, size: -24576	[48793296]
[character]: num: -33, size: 0	[48793296]
[item]: num: -30, size: 0	[48793296]
[ui]: num: 53, size: 27961040	[48793296]
[terrain]: num: 80, size: 20713472	[48793296]
[effect]: num: 0, size: 0	[48793296]
[minimap]: num: 1, size: 524288	[48793296]
Release file:.\texture\item\ÂùÁ¦.tga
width: 0	height: 0	format: 25	mem_size:0
[scene]: num: -73, size: -24576	[48793296]
[character]: num: -33, size: 0	[48793296]
[item]: num: -31, size: 0	[48793296]
[ui]: num: 53, size: 27961040	[48793296]
[terrain]: num: 80, size: 20713472	[48793296]
[effect]: num: 0, size: 0	[48793296]
[minimap]: num: 1, size: 524288	[48793296]
Release file:.\texture\item\s0001.tga
width: 0	height: 0	format: 25	mem_size:0
[scene]: num: -73, size: -24576	[48793296]
[character]: num: -33, size: 0	[48793296]
[item]: num: -32, size: 0	[48793296]
[ui]: num: 53, size: 27961040	[48793296]
[terrain]: num: 80, size: 20713472	[48793296]
[effect]: num: 0, size: 0	[48793296]
[minimap]: num: 1, size: 524288	[48793296]
Release file:.\texture\item\0227000001.bmp
width: 0	height: 0	format: 25	mem_size:0
[scene]: num: -73, size: -24576	[48793296]
[character]: num: -33, size: 0	[48793296]
[item]: num: -33, size: 0	[48793296]
[ui]: num: 53, size: 27961040	[48793296]
[terrain]: num: 80, size: 20713472	[48793296]
[effect]: num: 0, size: 0	[48793296]
[minimap]: num: 1, size: 524288	[48793296]
Release file:.\texture\item\0227000001.bmp
width: 0	height: 0	format: 25	mem_size:0
[scene]: num: -73, size: -24576	[48793296]
[character]: num: -33, size: 0	[48793296]
[item]: num: -34, size: 0	[48793296]
[ui]: num: 53, size: 27961040	[48793296]
[terrain]: num: 80, size: 20713472	[48793296]
[effect]: num: 0, size: 0	[48793296]
[minimap]: num: 1, size: 524288	[48793296]
Release file:.\texture\item\0227000001.bmp
width: 0	height: 0	format: 25	mem_size:0
[scene]: num: -73, size: -24576	[48793296]
[character]: num: -33, size: 0	[48793296]
[item]: num: -35, size: 0	[48793296]
[ui]: num: 53, size: 27961040	[48793296]
[terrain]: num: 80, size: 20713472	[48793296]
[effect]: num: 0, size: 0	[48793296]
[minimap]: num: 1, size: 524288	[48793296]
Release file:.\texture\item\0227000001.bmp
width: 0	height: 0	format: 25	mem_size:0
[scene]: num: -73, size: -24576	[48793296]
[character]: num: -33, size: 0	[48793296]
[item]: num: -36, size: 0	[48793296]
[ui]: num: 53, size: 27961040	[48793296]
[terrain]: num: 80, size: 20713472	[48793296]
[effect]: num: 0, size: 0	[48793296]
[minimap]: num: 1, size: 524288	[48793296]
Release file:.\texture\item\¾«ÁéÊÈÑª.tga
width: 0	height: 0	format: 25	mem_size:0
[scene]: num: -73, size: -24576	[48793296]
[character]: num: -33, size: 0	[48793296]
[item]: num: -37, size: 0	[48793296]
[ui]: num: 53, size: 27961040	[48793296]
[terrain]: num: 80, size: 20713472	[48793296]
[effect]: num: 0, size: 0	[48793296]
[minimap]: num: 1, size: 524288	[48793296]
Release file:.\texture\item\s0001.tga
width: 0	height: 0	format: 25	mem_size:0
[scene]: num: -73, size: -24576	[48793296]
[character]: num: -33, size: 0	[48793296]
[item]: num: -38, size: 0	[48793296]
[ui]: num: 53, size: 27961040	[48793296]
[terrain]: num: 80, size: 20713472	[48793296]
[effect]: num: 0, size: 0	[48793296]
[minimap]: num: 1, size: 524288	[48793296]
Release file:.\texture\item\0227000001.bmp
width: 0	height: 0	format: 25	mem_size:0
[scene]: num: -73, size: -24576	[48793296]
[character]: num: -33, size: 0	[48793296]
[item]: num: -39, size: 0	[48793296]
[ui]: num: 53, size: 27961040	[48793296]
[terrain]: num: 80, size: 20713472	[48793296]
[effect]: num: 0, size: 0	[48793296]
[minimap]: num: 1, size: 524288	[48793296]
Release file:.\texture\item\0227000001.bmp
width: 0	height: 0	format: 25	mem_size:0
[scene]: num: -73, size: -24576	[48793296]
[character]: num: -33, size: 0	[48793296]
[item]: num: -40, size: 0	[48793296]
[ui]: num: 53, size: 27961040	[48793296]
[terrain]: num: 80, size: 20713472	[48793296]
[effect]: num: 0, size: 0	[48793296]
[minimap]: num: 1, size: 524288	[48793296]
Release file:.\texture\item\0227000001.bmp
width: 0	height: 0	format: 25	mem_size:0
[scene]: num: -73, size: -24576	[48793296]
[character]: num: -33, size: 0	[48793296]
[item]: num: -41, size: 0	[48793296]
[ui]: num: 53, size: 27961040	[48793296]
[terrain]: num: 80, size: 20713472	[48793296]
[effect]: num: 0, size: 0	[48793296]
[minimap]: num: 1, size: 524288	[48793296]
Release file:.\texture\item\0227000001.bmp
width: 0	height: 0	format: 25	mem_size:0
[scene]: num: -73, size: -24576	[48793296]
[character]: num: -33, size: 0	[48793296]
[item]: num: -42, size: 0	[48793296]
[ui]: num: 53, size: 27961040	[48793296]
[terrain]: num: 80, size: 20713472	[48793296]
[effect]: num: 0, size: 0	[48793296]
[minimap]: num: 1, size: 524288	[48793296]
Release file:.\texture\item\·´»÷.tga
width: 0	height: 0	format: 25	mem_size:0
[scene]: num: -73, size: -24576	[48793296]
[character]: num: -33, size: 0	[48793296]
[item]: num: -43, size: 0	[48793296]
[ui]: num: 53, size: 27961040	[48793296]
[terrain]: num: 80, size: 20713472	[48793296]
[effect]: num: 0, size: 0	[48793296]
[minimap]: num: 1, size: 524288	[48793296]
Release file:.\texture\item\s0001.tga
width: 0	height: 0	format: 25	mem_size:0
[scene]: num: -73, size: -24576	[48793296]
[character]: num: -33, size: 0	[48793296]
[item]: num: -44, size: 0	[48793296]
[ui]: num: 53, size: 27961040	[48793296]
[terrain]: num: 80, size: 20713472	[48793296]
[effect]: num: 0, size: 0	[48793296]
[minimap]: num: 1, size: 524288	[48793296]
Release file:.\texture\item\jj1 .tga
width: 0	height: 0	format: 25	mem_size:0
[scene]: num: -73, size: -24576	[48793296]
[character]: num: -33, size: 0	[48793296]
[item]: num: -45, size: 0	[48793296]
[ui]: num: 53, size: 27961040	[48793296]
[terrain]: num: 80, size: 20713472	[48793296]
[effect]: num: 0, size: 0	[48793296]
[minimap]: num: 1, size: 524288	[48793296]
Release file:.\texture\item\s0001.tga
width: 0	height: 0	format: 25	mem_size:0
[scene]: num: -73, size: -24576	[48793296]
[character]: num: -33, size: 0	[48793296]
[item]: num: -46, size: 0	[48793296]
[ui]: num: 53, size: 27961040	[48793296]
[terrain]: num: 80, size: 20713472	[48793296]
[effect]: num: 0, size: 0	[48793296]
[minimap]: num: 1, size: 524288	[48793296]
Release file:.\texture\item\elf05.tga
width: 0	height: 0	format: 25	mem_size:0
[scene]: num: -73, size: -24576	[48793296]
[character]: num: -33, size: 0	[48793296]
[item]: num: -47, size: 0	[48793296]
[ui]: num: 53, size: 27961040	[48793296]
[terrain]: num: 80, size: 20713472	[48793296]
[effect]: num: 0, size: 0	[48793296]
[minimap]: num: 1, size: 524288	[48793296]
Release file:.\texture\item\ÕÐ¼Ü.tga
width: 0	height: 0	format: 25	mem_size:0
[scene]: num: -73, size: -24576	[48793296]
[character]: num: -33, size: 0	[48793296]
[item]: num: -48, size: 0	[48793296]
[ui]: num: 53, size: 27961040	[48793296]
[terrain]: num: 80, size: 20713472	[48793296]
[effect]: num: 0, size: 0	[48793296]
[minimap]: num: 1, size: 524288	[48793296]
Release file:.\texture\item\02(2).tga
width: 0	height: 0	format: 25	mem_size:0
[scene]: num: -73, size: -24576	[48793296]
[character]: num: -33, size: 0	[48793296]
[item]: num: -49, size: 0	[48793296]
[ui]: num: 53, size: 27961040	[48793296]
[terrain]: num: 80, size: 20713472	[48793296]
[effect]: num: 0, size: 0	[48793296]
[minimap]: num: 1, size: 524288	[48793296]
Release file:.\texture\item\1.BMP
width: 0	height: 0	format: 25	mem_size:0
[scene]: num: -73, size: -24576	[48793296]
[character]: num: -33, size: 0	[48793296]
[item]: num: -50, size: 0	[48793296]
[ui]: num: 53, size: 27961040	[48793296]
[terrain]: num: 80, size: 20713472	[48793296]
[effect]: num: 0, size: 0	[48793296]
[minimap]: num: 1, size: 524288	[48793296]
Release file:.\texture\item\1.BMP
width: 0	height: 0	format: 25	mem_size:0
[scene]: num: -73, size: -24576	[48793296]
[character]: num: -33, size: 0	[48793296]
[item]: num: -51, size: 0	[48793296]
[ui]: num: 53, size: 27961040	[48793296]
[terrain]: num: 80, size: 20713472	[48793296]
[effect]: num: 0, size: 0	[48793296]
[minimap]: num: 1, size: 524288	[48793296]
Release file:.\texture\item\1.BMP
width: 0	height: 0	format: 25	mem_size:0
[scene]: num: -73, size: -24576	[48793296]
[character]: num: -33, size: 0	[48793296]
[item]: num: -52, size: 0	[48793296]
[ui]: num: 53, size: 27961040	[48793296]
[terrain]: num: 80, size: 20713472	[48793296]
[effect]: num: 0, size: 0	[48793296]
[minimap]: num: 1, size: 524288	[48793296]
Release file:.\texture\item\1.BMP
width: 0	height: 0	format: 25	mem_size:0
[scene]: num: -73, size: -24576	[48793296]
[character]: num: -33, size: 0	[48793296]
[item]: num: -53, size: 0	[48793296]
[ui]: num: 53, size: 27961040	[48793296]
[terrain]: num: 80, size: 20713472	[48793296]
[effect]: num: 0, size: 0	[48793296]
[minimap]: num: 1, size: 524288	[48793296]
Release file:.\texture\item\angel_wing2.tga
width: 0	height: 0	format: 25	mem_size:0
[scene]: num: -73, size: -24576	[48793296]
[character]: num: -33, size: 0	[48793296]
[item]: num: -54, size: 0	[48793296]
[ui]: num: 53, size: 27961040	[48793296]
[terrain]: num: 80, size: 20713472	[48793296]
[effect]: num: 0, size: 0	[48793296]
[minimap]: num: 1, size: 524288	[48793296]
Release file:.\texture\item\1.BMP
width: 0	height: 0	format: 25	mem_size:0
[scene]: num: -73, size: -24576	[48793296]
[character]: num: -33, size: 0	[48793296]
[item]: num: -55, size: 0	[48793296]
[ui]: num: 53, size: 27961040	[48793296]
[terrain]: num: 80, size: 20713472	[48793296]
[effect]: num: 0, size: 0	[48793296]
[minimap]: num: 1, size: 524288	[48793296]
Release file:.\texture\item\1.BMP
width: 0	height: 0	format: 25	mem_size:0
[scene]: num: -73, size: -24576	[48793296]
[character]: num: -33, size: 0	[48793296]
[item]: num: -56, size: 0	[48793296]
[ui]: num: 53, size: 27961040	[48793296]
[terrain]: num: 80, size: 20713472	[48793296]
[effect]: num: 0, size: 0	[48793296]
[minimap]: num: 1, size: 524288	[48793296]
Release file:.\texture\item\ballelf.tga
width: 0	height: 0	format: 25	mem_size:0
[scene]: num: -73, size: -24576	[48793296]
[character]: num: -33, size: 0	[48793296]
[item]: num: -57, size: 0	[48793296]
[ui]: num: 53, size: 27961040	[48793296]
[terrain]: num: 80, size: 20713472	[48793296]
[effect]: num: 0, size: 0	[48793296]
[minimap]: num: 1, size: 524288	[48793296]
Release file:.\texture\item\1.BMP
width: 0	height: 0	format: 25	mem_size:0
[scene]: num: -73, size: -24576	[48793296]
[character]: num: -33, size: 0	[48793296]
[item]: num: -58, size: 0	[48793296]
[ui]: num: 53, size: 27961040	[48793296]
[terrain]: num: 80, size: 20713472	[48793296]
[effect]: num: 0, size: 0	[48793296]
[minimap]: num: 1, size: 524288	[48793296]
Release file:.\texture\item\1.BMP
width: 0	height: 0	format: 25	mem_size:0
[scene]: num: -73, size: -24576	[48793296]
[character]: num: -33, size: 0	[48793296]
[item]: num: -59, size: 0	[48793296]
[ui]: num: 53, size: 27961040	[48793296]
[terrain]: num: 80, size: 20713472	[48793296]
[effect]: num: 0, size: 0	[48793296]
[minimap]: num: 1, size: 524288	[48793296]
Release file:.\texture\item\1.BMP
width: 0	height: 0	format: 25	mem_size:0
[scene]: num: -73, size: -24576	[48793296]
[character]: num: -33, size: 0	[48793296]
[item]: num: -60, size: 0	[48793296]
[ui]: num: 53, size: 27961040	[48793296]
[terrain]: num: 80, size: 20713472	[48793296]
[effect]: num: 0, size: 0	[48793296]
[minimap]: num: 1, size: 524288	[48793296]
Release file:.\texture\item\fbone.TGA
width: 0	height: 0	format: 25	mem_size:0
[scene]: num: -73, size: -24576	[48793296]
[character]: num: -33, size: 0	[48793296]
[item]: num: -61, size: 0	[48793296]
[ui]: num: 53, size: 27961040	[48793296]
[terrain]: num: 80, size: 20713472	[48793296]
[effect]: num: 0, size: 0	[48793296]
[minimap]: num: 1, size: 524288	[48793296]
Release file:.\texture\item\fbone.TGA
width: 0	height: 0	format: 25	mem_size:0
[scene]: num: -73, size: -24576	[48793296]
[character]: num: -33, size: 0	[48793296]
[item]: num: -62, size: 0	[48793296]
[ui]: num: 53, size: 27961040	[48793296]
[terrain]: num: 80, size: 20713472	[48793296]
[effect]: num: 0, size: 0	[48793296]
[minimap]: num: 1, size: 524288	[48793296]
Release file:.\texture\item\boom.TGA
width: 0	height: 0	format: 25	mem_size:0
[scene]: num: -73, size: -24576	[48793296]
[character]: num: -33, size: 0	[48793296]
[item]: num: -63, size: 0	[48793296]
[ui]: num: 53, size: 27961040	[48793296]
[terrain]: num: 80, size: 20713472	[48793296]
[effect]: num: 0, size: 0	[48793296]
[minimap]: num: 1, size: 524288	[48793296]
Release file:.\texture\item\01880001.tga
width: 0	height: 0	format: 25	mem_size:0
[scene]: num: -73, size: -24576	[48793296]
[character]: num: -33, size: 0	[48793296]
[item]: num: -64, size: 0	[48793296]
[ui]: num: 53, size: 27961040	[48793296]
[terrain]: num: 80, size: 20713472	[48793296]
[effect]: num: 0, size: 0	[48793296]
[minimap]: num: 1, size: 524288	[48793296]
Release file:.\texture\item\01880001.tga
width: 0	height: 0	format: 25	mem_size:0
[scene]: num: -73, size: -24576	[48793296]
[character]: num: -33, size: 0	[48793296]
[item]: num: -65, size: 0	[48793296]
[ui]: num: 53, size: 27961040	[48793296]
[terrain]: num: 80, size: 20713472	[48793296]
[effect]: num: 0, size: 0	[48793296]
[minimap]: num: 1, size: 524288	[48793296]
Release file:.\texture\item\01880001.tga
width: 0	height: 0	format: 25	mem_size:0
[scene]: num: -73, size: -24576	[48793296]
[character]: num: -33, size: 0	[48793296]
[item]: num: -66, size: 0	[48793296]
[ui]: num: 53, size: 27961040	[48793296]
[terrain]: num: 80, size: 20713472	[48793296]
[effect]: num: 0, size: 0	[48793296]
[minimap]: num: 1, size: 524288	[48793296]
Release file:.\texture\item\1.BMP
width: 0	height: 0	format: 25	mem_size:0
[scene]: num: -73, size: -24576	[48793296]
[character]: num: -33, size: 0	[48793296]
[item]: num: -67, size: 0	[48793296]
[ui]: num: 53, size: 27961040	[48793296]
[terrain]: num: 80, size: 20713472	[48793296]
[effect]: num: 0, size: 0	[48793296]
[minimap]: num: 1, size: 524288	[48793296]
Release file:.\texture\item\1.BMP
width: 0	height: 0	format: 25	mem_size:0
[scene]: num: -73, size: -24576	[48793296]
[character]: num: -33, size: 0	[48793296]
[item]: num: -68, size: 0	[48793296]
[ui]: num: 53, size: 27961040	[48793296]
[terrain]: num: 80, size: 20713472	[48793296]
[effect]: num: 0, size: 0	[48793296]
[minimap]: num: 1, size: 524288	[48793296]
Release file:.\texture\item\1.BMP
width: 0	height: 0	format: 25	mem_size:0
[scene]: num: -73, size: -24576	[48793296]
[character]: num: -33, size: 0	[48793296]
[item]: num: -69, size: 0	[48793296]
[ui]: num: 53, size: 27961040	[48793296]
[terrain]: num: 80, size: 20713472	[48793296]
[effect]: num: 0, size: 0	[48793296]
[minimap]: num: 1, size: 524288	[48793296]
Release file:.\texture\item\1.BMP
width: 0	height: 0	format: 25	mem_size:0
[scene]: num: -73, size: -24576	[48793296]
[character]: num: -33, size: 0	[48793296]
[item]: num: -70, size: 0	[48793296]
[ui]: num: 53, size: 27961040	[48793296]
[terrain]: num: 80, size: 20713472	[48793296]
[effect]: num: 0, size: 0	[48793296]
[minimap]: num: 1, size: 524288	[48793296]
Release file:.\texture\item\dachi3.tga
width: 0	height: 0	format: 25	mem_size:0
[scene]: num: -73, size: -24576	[48793296]
[character]: num: -33, size: 0	[48793296]
[item]: num: -71, size: 0	[48793296]
[ui]: num: 53, size: 27961040	[48793296]
[terrain]: num: 80, size: 20713472	[48793296]
[effect]: num: 0, size: 0	[48793296]
[minimap]: num: 1, size: 524288	[48793296]
Release file:.\texture\item\1.BMP
width: 0	height: 0	format: 25	mem_size:0
[scene]: num: -73, size: -24576	[48793296]
[character]: num: -33, size: 0	[48793296]
[item]: num: -72, size: 0	[48793296]
[ui]: num: 53, size: 27961040	[48793296]
[terrain]: num: 80, size: 20713472	[48793296]
[effect]: num: 0, size: 0	[48793296]
[minimap]: num: 1, size: 524288	[48793296]
Release file:.\texture\item\1.BMP
width: 0	height: 0	format: 25	mem_size:0
[scene]: num: -73, size: -24576	[48793296]
[character]: num: -33, size: 0	[48793296]
[item]: num: -73, size: 0	[48793296]
[ui]: num: 53, size: 27961040	[48793296]
[terrain]: num: 80, size: 20713472	[48793296]
[effect]: num: 0, size: 0	[48793296]
[minimap]: num: 1, size: 524288	[48793296]
Release file:.\texture\item\1.BMP
width: 0	height: 0	format: 25	mem_size:0
[scene]: num: -73, size: -24576	[48793296]
[character]: num: -33, size: 0	[48793296]
[item]: num: -74, size: 0	[48793296]
[ui]: num: 53, size: 27961040	[48793296]
[terrain]: num: 80, size: 20713472	[48793296]
[effect]: num: 0, size: 0	[48793296]
[minimap]: num: 1, size: 524288	[48793296]
Release file:.\texture\item\1.BMP
width: 0	height: 0	format: 25	mem_size:0
[scene]: num: -73, size: -24576	[48793296]
[character]: num: -33, size: 0	[48793296]
[item]: num: -75, size: 0	[48793296]
[ui]: num: 53, size: 27961040	[48793296]
[terrain]: num: 80, size: 20713472	[48793296]
[effect]: num: 0, size: 0	[48793296]
[minimap]: num: 1, size: 524288	[48793296]
Release file:.\texture\item\eidolon1.tga
width: 0	height: 0	format: 25	mem_size:0
[scene]: num: -73, size: -24576	[48793296]
[character]: num: -33, size: 0	[48793296]
[item]: num: -76, size: 0	[48793296]
[ui]: num: 53, size: 27961040	[48793296]
[terrain]: num: 80, size: 20713472	[48793296]
[effect]: num: 0, size: 0	[48793296]
[minimap]: num: 1, size: 524288	[48793296]
Release file:.\texture\item\eidolon2.tga
width: 0	height: 0	format: 25	mem_size:0
[scene]: num: -73, size: -24576	[48793296]
[character]: num: -33, size: 0	[48793296]
[item]: num: -77, size: 0	[48793296]
[ui]: num: 53, size: 27961040	[48793296]
[terrain]: num: 80, size: 20713472	[48793296]
[effect]: num: 0, size: 0	[48793296]
[minimap]: num: 1, size: 524288	[48793296]
Release file:.\texture\item\1.BMP
width: 0	height: 0	format: 25	mem_size:0
[scene]: num: -73, size: -24576	[48793296]
[character]: num: -33, size: 0	[48793296]
[item]: num: -78, size: 0	[48793296]
[ui]: num: 53, size: 27961040	[48793296]
[terrain]: num: 80, size: 20713472	[48793296]
[effect]: num: 0, size: 0	[48793296]
[minimap]: num: 1, size: 524288	[48793296]
Release file:.\texture\item\1.TGA
width: 0	height: 0	format: 25	mem_size:0
[scene]: num: -73, size: -24576	[48793296]
[character]: num: -33, size: 0	[48793296]
[item]: num: -79, size: 0	[48793296]
[ui]: num: 53, size: 27961040	[48793296]
[terrain]: num: 80, size: 20713472	[48793296]
[effect]: num: 0, size: 0	[48793296]
[minimap]: num: 1, size: 524288	[48793296]
Release file:.\texture\item\22.TGA
width: 0	height: 0	format: 25	mem_size:0
[scene]: num: -73, size: -24576	[48793296]
[character]: num: -33, size: 0	[48793296]
[item]: num: -80, size: 0	[48793296]
[ui]: num: 53, size: 27961040	[48793296]
[terrain]: num: 80, size: 20713472	[48793296]
[effect]: num: 0, size: 0	[48793296]
[minimap]: num: 1, size: 524288	[48793296]
Release file:.\texture\item\³á°ò01.bmp
width: 0	height: 0	format: 25	mem_size:0
[scene]: num: -73, size: -24576	[48793296]
[character]: num: -33, size: 0	[48793296]
[item]: num: -81, size: 0	[48793296]
[ui]: num: 53, size: 27961040	[48793296]
[terrain]: num: 80, size: 20713472	[48793296]
[effect]: num: 0, size: 0	[48793296]
[minimap]: num: 1, size: 524288	[48793296]
Release file:.\texture\item\³á°ò02.bmp
width: 0	height: 0	format: 25	mem_size:0
[scene]: num: -73, size: -24576	[48793296]
[character]: num: -33, size: 0	[48793296]
[item]: num: -82, size: 0	[48793296]
[ui]: num: 53, size: 27961040	[48793296]
[terrain]: num: 80, size: 20713472	[48793296]
[effect]: num: 0, size: 0	[48793296]
[minimap]: num: 1, size: 524288	[48793296]
Release file:.\texture\item\fdeathhead.tga
width: 0	height: 0	format: 25	mem_size:0
[scene]: num: -73, size: -24576	[48793296]
[character]: num: -33, size: 0	[48793296]
[item]: num: -83, size: 0	[48793296]
[ui]: num: 53, size: 27961040	[48793296]
[terrain]: num: 80, size: 20713472	[48793296]
[effect]: num: 0, size: 0	[48793296]
[minimap]: num: 1, size: 524288	[48793296]
Release file:.\texture\item\·´»÷.tga
width: 0	height: 0	format: 25	mem_size:0
[scene]: num: -73, size: -24576	[48793296]
[character]: num: -33, size: 0	[48793296]
[item]: num: -84, size: 0	[48793296]
[ui]: num: 53, size: 27961040	[48793296]
[terrain]: num: 80, size: 20713472	[48793296]
[effect]: num: 0, size: 0	[48793296]
[minimap]: num: 1, size: 524288	[48793296]
Release file:.\texture\item\jingling02.bmp
width: 0	height: 0	format: 25	mem_size:0
[scene]: num: -73, size: -24576	[48793296]
[character]: num: -33, size: 0	[48793296]
[item]: num: -85, size: 0	[48793296]
[ui]: num: 53, size: 27961040	[48793296]
[terrain]: num: 80, size: 20713472	[48793296]
[effect]: num: 0, size: 0	[48793296]
[minimap]: num: 1, size: 524288	[48793296]
Release file:.\texture\item\jingling.bmp
width: 0	height: 0	format: 25	mem_size:0
[scene]: num: -73, size: -24576	[48793296]
[character]: num: -33, size: 0	[48793296]
[item]: num: -86, size: 0	[48793296]
[ui]: num: 53, size: 27961040	[48793296]
[terrain]: num: 80, size: 20713472	[48793296]
[effect]: num: 0, size: 0	[48793296]
[minimap]: num: 1, size: 524288	[48793296]
Release file:.\texture\item\¾«Áé04.bmp
width: 0	height: 0	format: 25	mem_size:0
[scene]: num: -73, size: -24576	[48793296]
[character]: num: -33, size: 0	[48793296]
[item]: num: -87, size: 0	[48793296]
[ui]: num: 53, size: 27961040	[48793296]
[terrain]: num: 80, size: 20713472	[48793296]
[effect]: num: 0, size: 0	[48793296]
[minimap]: num: 1, size: 524288	[48793296]
Release file:.\texture\item\fjlxiao.tga
width: 0	height: 0	format: 25	mem_size:0
[scene]: num: -73, size: -24576	[48793296]
[character]: num: -33, size: 0	[48793296]
[item]: num: -88, size: 0	[48793296]
[ui]: num: 53, size: 27961040	[48793296]
[terrain]: num: 80, size: 20713472	[48793296]
[effect]: num: 0, size: 0	[48793296]
[minimap]: num: 1, size: 524288	[48793296]
Release file:.\texture\item\Flag.tga
width: 0	height: 0	format: 25	mem_size:0
[scene]: num: -73, size: -24576	[48793296]
[character]: num: -33, size: 0	[48793296]
[item]: num: -89, size: 0	[48793296]
[ui]: num: 53, size: 27961040	[48793296]
[terrain]: num: 80, size: 20713472	[48793296]
[effect]: num: 0, size: 0	[48793296]
[minimap]: num: 1, size: 524288	[48793296]
Release file:.\texture\item\fjq.psd
width: 0	height: 0	format: 25	mem_size:0
[scene]: num: -73, size: -24576	[48793296]
[character]: num: -33, size: 0	[48793296]
[item]: num: -90, size: 0	[48793296]
[ui]: num: 53, size: 27961040	[48793296]
[terrain]: num: 80, size: 20713472	[48793296]
[effect]: num: 0, size: 0	[48793296]
[minimap]: num: 1, size: 524288	[48793296]
Release file:.\texture\item\flq.tga
width: 0	height: 0	format: 25	mem_size:0
[scene]: num: -73, size: -24576	[48793296]
[character]: num: -33, size: 0	[48793296]
[item]: num: -91, size: 0	[48793296]
[ui]: num: 53, size: 27961040	[48793296]
[terrain]: num: 80, size: 20713472	[48793296]
[effect]: num: 0, size: 0	[48793296]
[minimap]: num: 1, size: 524288	[48793296]
Release file:.\texture\item\1.BMP
width: 0	height: 0	format: 25	mem_size:0
[scene]: num: -73, size: -24576	[48793296]
[character]: num: -33, size: 0	[48793296]
[item]: num: -92, size: 0	[48793296]
[ui]: num: 53, size: 27961040	[48793296]
[terrain]: num: 80, size: 20713472	[48793296]
[effect]: num: 0, size: 0	[48793296]
[minimap]: num: 1, size: 524288	[48793296]
Release file:.\texture\item\1.BMP
width: 0	height: 0	format: 25	mem_size:0
[scene]: num: -73, size: -24576	[48793296]
[character]: num: -33, size: 0	[48793296]
[item]: num: -93, size: 0	[48793296]
[ui]: num: 53, size: 27961040	[48793296]
[terrain]: num: 80, size: 20713472	[48793296]
[effect]: num: 0, size: 0	[48793296]
[minimap]: num: 1, size: 524288	[48793296]
Release file:.\texture\item\eff0142.tga
width: 0	height: 0	format: 25	mem_size:0
[scene]: num: -73, size: -24576	[48793296]
[character]: num: -33, size: 0	[48793296]
[item]: num: -94, size: 0	[48793296]
[ui]: num: 53, size: 27961040	[48793296]
[terrain]: num: 80, size: 20713472	[48793296]
[effect]: num: 0, size: 0	[48793296]
[minimap]: num: 1, size: 524288	[48793296]
Release file:.\texture\item\wing4.tga
width: 0	height: 0	format: 25	mem_size:0
[scene]: num: -73, size: -24576	[48793296]
[character]: num: -33, size: 0	[48793296]
[item]: num: -95, size: 0	[48793296]
[ui]: num: 53, size: 27961040	[48793296]
[terrain]: num: 80, size: 20713472	[48793296]
[effect]: num: 0, size: 0	[48793296]
[minimap]: num: 1, size: 524288	[48793296]
Release file:.\texture\item\jgg08.tga
width: 0	height: 0	format: 25	mem_size:0
[scene]: num: -73, size: -24576	[48793296]
[character]: num: -33, size: 0	[48793296]
[item]: num: -96, size: 0	[48793296]
[ui]: num: 53, size: 27961040	[48793296]
[terrain]: num: 80, size: 20713472	[48793296]
[effect]: num: 0, size: 0	[48793296]
[minimap]: num: 1, size: 524288	[48793296]
Release file:.\texture\item\hlgreeneff0248.tga
width: 0	height: 0	format: 25	mem_size:0
[scene]: num: -73, size: -24576	[48793296]
[character]: num: -33, size: 0	[48793296]
[item]: num: -97, size: 0	[48793296]
[ui]: num: 53, size: 27961040	[48793296]
[terrain]: num: 80, size: 20713472	[48793296]
[effect]: num: 0, size: 0	[48793296]
[minimap]: num: 1, size: 524288	[48793296]
Release file:.\texture\item\N2501.BMP
width: 0	height: 0	format: 25	mem_size:0
[scene]: num: -73, size: -24576	[48793296]
[character]: num: -33, size: 0	[48793296]
[item]: num: -98, size: 0	[48793296]
[ui]: num: 53, size: 27961040	[48793296]
[terrain]: num: 80, size: 20713472	[48793296]
[effect]: num: 0, size: 0	[48793296]
[minimap]: num: 1, size: 524288	[48793296]
Release file:.\texture\item\1.BMP
width: 0	height: 0	format: 25	mem_size:0
[scene]: num: -73, size: -24576	[48793296]
[character]: num: -33, size: 0	[48793296]
[item]: num: -99, size: 0	[48793296]
[ui]: num: 53, size: 27961040	[48793296]
[terrain]: num: 80, size: 20713472	[48793296]
[effect]: num: 0, size: 0	[48793296]
[minimap]: num: 1, size: 524288	[48793296]
Release file:.\texture\item\1.BMP
width: 0	height: 0	format: 25	mem_size:0
[scene]: num: -73, size: -24576	[48793296]
[character]: num: -33, size: 0	[48793296]
[item]: num: -100, size: 0	[48793296]
[ui]: num: 53, size: 27961040	[48793296]
[terrain]: num: 80, size: 20713472	[48793296]
[effect]: num: 0, size: 0	[48793296]
[minimap]: num: 1, size: 524288	[48793296]
Release file:.\texture\item\eff0097.tga
width: 0	height: 0	format: 25	mem_size:0
[scene]: num: -73, size: -24576	[48793296]
[character]: num: -33, size: 0	[48793296]
[item]: num: -101, size: 0	[48793296]
[ui]: num: 53, size: 27961040	[48793296]
[terrain]: num: 80, size: 20713472	[48793296]
[effect]: num: 0, size: 0	[48793296]
[minimap]: num: 1, size: 524288	[48793296]
Release file:.\texture\item\1.BMP
width: 0	height: 0	format: 25	mem_size:0
[scene]: num: -73, size: -24576	[48793296]
[character]: num: -33, size: 0	[48793296]
[item]: num: -102, size: 0	[48793296]
[ui]: num: 53, size: 27961040	[48793296]
[terrain]: num: 80, size: 20713472	[48793296]
[effect]: num: 0, size: 0	[48793296]
[minimap]: num: 1, size: 524288	[48793296]
Release file:.\texture\item\1.BMP
width: 0	height: 0	format: 25	mem_size:0
[scene]: num: -73, size: -24576	[48793296]
[character]: num: -33, size: 0	[48793296]
[item]: num: -103, size: 0	[48793296]
[ui]: num: 53, size: 27961040	[48793296]
[terrain]: num: 80, size: 20713472	[48793296]
[effect]: num: 0, size: 0	[48793296]
[minimap]: num: 1, size: 524288	[48793296]
Release file:.\texture\item\iron.tga
width: 0	height: 0	format: 25	mem_size:0
[scene]: num: -73, size: -24576	[48793296]
[character]: num: -33, size: 0	[48793296]
[item]: num: -104, size: 0	[48793296]
[ui]: num: 53, size: 27961040	[48793296]
[terrain]: num: 80, size: 20713472	[48793296]
[effect]: num: 0, size: 0	[48793296]
[minimap]: num: 1, size: 524288	[48793296]
Release file:.\texture\item\½ð±Ò.bmp
width: 0	height: 0	format: 25	mem_size:0
[scene]: num: -73, size: -24576	[48793296]
[character]: num: -33, size: 0	[48793296]
[item]: num: -105, size: 0	[48793296]
[ui]: num: 53, size: 27961040	[48793296]
[terrain]: num: 80, size: 20713472	[48793296]
[effect]: num: 0, size: 0	[48793296]
[minimap]: num: 1, size: 524288	[48793296]
Release file:.\texture\item\¾£¼¬ .tga
width: 0	height: 0	format: 25	mem_size:0
[scene]: num: -73, size: -24576	[48793296]
[character]: num: -33, size: 0	[48793296]
[item]: num: -106, size: 0	[48793296]
[ui]: num: 53, size: 27961040	[48793296]
[terrain]: num: 80, size: 20713472	[48793296]
[effect]: num: 0, size: 0	[48793296]
[minimap]: num: 1, size: 524288	[48793296]
Release file:.\texture\item\04010014.bmp
width: 0	height: 0	format: 25	mem_size:0
[scene]: num: -73, size: -24576	[48793296]
[character]: num: -33, size: 0	[48793296]
[item]: num: -107, size: 0	[48793296]
[ui]: num: 53, size: 27961040	[48793296]
[terrain]: num: 80, size: 20713472	[48793296]
[effect]: num: 0, size: 0	[48793296]
[minimap]: num: 1, size: 524288	[48793296]
Release file:.\texture\item\01010044.bmp
width: 0	height: 0	format: 25	mem_size:0
[scene]: num: -73, size: -24576	[48793296]
[character]: num: -33, size: 0	[48793296]
[item]: num: -108, size: 0	[48793296]
[ui]: num: 53, size: 27961040	[48793296]
[terrain]: num: 80, size: 20713472	[48793296]
[effect]: num: 0, size: 0	[48793296]
[minimap]: num: 1, size: 524288	[48793296]
Release file:.\texture\item\01010037.bmp
width: 0	height: 0	format: 25	mem_size:0
[scene]: num: -73, size: -24576	[48793296]
[character]: num: -33, size: 0	[48793296]
[item]: num: -109, size: 0	[48793296]
[ui]: num: 53, size: 27961040	[48793296]
[terrain]: num: 80, size: 20713472	[48793296]
[effect]: num: 0, size: 0	[48793296]
[minimap]: num: 1, size: 524288	[48793296]
Release file:.\texture\item\01010043.bmp
width: 0	height: 0	format: 25	mem_size:0
[scene]: num: -73, size: -24576	[48793296]
[character]: num: -33, size: 0	[48793296]
[item]: num: -110, size: 0	[48793296]
[ui]: num: 53, size: 27961040	[48793296]
[terrain]: num: 80, size: 20713472	[48793296]
[effect]: num: 0, size: 0	[48793296]
[minimap]: num: 1, size: 524288	[48793296]
Release file:.\texture\item\1.BMP
width: 0	height: 0	format: 25	mem_size:0
[scene]: num: -73, size: -24576	[48793296]
[character]: num: -33, size: 0	[48793296]
[item]: num: -111, size: 0	[48793296]
[ui]: num: 53, size: 27961040	[48793296]
[terrain]: num: 80, size: 20713472	[48793296]
[effect]: num: 0, size: 0	[48793296]
[minimap]: num: 1, size: 524288	[48793296]
Release file:.\texture\item\eff0225.tga
width: 0	height: 0	format: 25	mem_size:0
[scene]: num: -73, size: -24576	[48793296]
[character]: num: -33, size: 0	[48793296]
[item]: num: -112, size: 0	[48793296]
[ui]: num: 53, size: 27961040	[48793296]
[terrain]: num: 80, size: 20713472	[48793296]
[effect]: num: 0, size: 0	[48793296]
[minimap]: num: 1, size: 524288	[48793296]
Release file:.\texture\item\eff0122.tga
width: 0	height: 0	format: 25	mem_size:0
[scene]: num: -73, size: -24576	[48793296]
[character]: num: -33, size: 0	[48793296]
[item]: num: -113, size: 0	[48793296]
[ui]: num: 53, size: 27961040	[48793296]
[terrain]: num: 80, size: 20713472	[48793296]
[effect]: num: 0, size: 0	[48793296]
[minimap]: num: 1, size: 524288	[48793296]
Release file:.\texture\item\ÆÆ¼×.tga
width: 0	height: 0	format: 25	mem_size:0
[scene]: num: -73, size: -24576	[48793296]
[character]: num: -33, size: 0	[48793296]
[item]: num: -114, size: 0	[48793296]
[ui]: num: 53, size: 27961040	[48793296]
[terrain]: num: 80, size: 20713472	[48793296]
[effect]: num: 0, size: 0	[48793296]
[minimap]: num: 1, size: 524288	[48793296]
Release file:.\texture\item\ui2.psd
width: 0	height: 0	format: 25	mem_size:0
[scene]: num: -73, size: -24576	[48793296]
[character]: num: -33, size: 0	[48793296]
[item]: num: -115, size: 0	[48793296]
[ui]: num: 52, size: 27961040	[48793296]
[terrain]: num: 80, size: 20713472	[48793296]
[effect]: num: 0, size: 0	[48793296]
[minimap]: num: 1, size: 524288	[48793296]
Release file:.\texture\item\dachi3.tga
width: 0	height: 0	format: 25	mem_size:0
[scene]: num: -73, size: -24576	[48793296]
[character]: num: -33, size: 0	[48793296]
[item]: num: -116, size: 0	[48793296]
[ui]: num: 52, size: 27961040	[48793296]
[terrain]: num: 80, size: 20713472	[48793296]
[effect]: num: 0, size: 0	[48793296]
[minimap]: num: 1, size: 524288	[48793296]
Release file:.\texture\item\1.BMP
width: 0	height: 0	format: 25	mem_size:0
[scene]: num: -73, size: -24576	[48793296]
[character]: num: -33, size: 0	[48793296]
[item]: num: -117, size: 0	[48793296]
[ui]: num: 52, size: 27961040	[48793296]
[terrain]: num: 80, size: 20713472	[48793296]
[effect]: num: 0, size: 0	[48793296]
[minimap]: num: 1, size: 524288	[48793296]
Release file:.\texture\item\1.BMP
width: 0	height: 0	format: 25	mem_size:0
[scene]: num: -73, size: -24576	[48793296]
[character]: num: -33, size: 0	[48793296]
[item]: num: -118, size: 0	[48793296]
[ui]: num: 52, size: 27961040	[48793296]
[terrain]: num: 80, size: 20713472	[48793296]
[effect]: num: 0, size: 0	[48793296]
[minimap]: num: 1, size: 524288	[48793296]
Release file:.\texture\item\scj1.psd
width: 0	height: 0	format: 25	mem_size:0
[scene]: num: -73, size: -24576	[48793296]
[character]: num: -33, size: 0	[48793296]
[item]: num: -119, size: 0	[48793296]
[ui]: num: 52, size: 27961040	[48793296]
[terrain]: num: 80, size: 20713472	[48793296]
[effect]: num: 0, size: 0	[48793296]
[minimap]: num: 1, size: 524288	[48793296]
Release file:.\texture\item\scj1.psd
width: 0	height: 0	format: 25	mem_size:0
[scene]: num: -73, size: -24576	[48793296]
[character]: num: -33, size: 0	[48793296]
[item]: num: -120, size: 0	[48793296]
[ui]: num: 52, size: 27961040	[48793296]
[terrain]: num: 80, size: 20713472	[48793296]
[effect]: num: 0, size: 0	[48793296]
[minimap]: num: 1, size: 524288	[48793296]
Release file:.\texture\item\scj1.psd
width: 0	height: 0	format: 25	mem_size:0
[scene]: num: -73, size: -24576	[48793296]
[character]: num: -33, size: 0	[48793296]
[item]: num: -121, size: 0	[48793296]
[ui]: num: 52, size: 27961040	[48793296]
[terrain]: num: 80, size: 20713472	[48793296]
[effect]: num: 0, size: 0	[48793296]
[minimap]: num: 1, size: 524288	[48793296]
Release file:.\texture\item\1.BMP
width: 0	height: 0	format: 25	mem_size:0
[scene]: num: -73, size: -24576	[48793296]
[character]: num: -33, size: 0	[48793296]
[item]: num: -122, size: 0	[48793296]
[ui]: num: 52, size: 27961040	[48793296]
[terrain]: num: 80, size: 20713472	[48793296]
[effect]: num: 0, size: 0	[48793296]
[minimap]: num: 1, size: 524288	[48793296]
Release file:.\texture\item\1.BMP
width: 0	height: 0	format: 25	mem_size:0
[scene]: num: -73, size: -24576	[48793296]
[character]: num: -33, size: 0	[48793296]
[item]: num: -123, size: 0	[48793296]
[ui]: num: 52, size: 27961040	[48793296]
[terrain]: num: 80, size: 20713472	[48793296]
[effect]: num: 0, size: 0	[48793296]
[minimap]: num: 1, size: 524288	[48793296]
Release file:.\texture\item\s016r.tga
width: 0	height: 0	format: 25	mem_size:0
[scene]: num: -73, size: -24576	[48793296]
[character]: num: -33, size: 0	[48793296]
[item]: num: -124, size: 0	[48793296]
[ui]: num: 52, size: 27961040	[48793296]
[terrain]: num: 80, size: 20713472	[48793296]
[effect]: num: 0, size: 0	[48793296]
[minimap]: num: 1, size: 524288	[48793296]
Release file:.\texture\item\0036000000.bmp
width: 0	height: 0	format: 25	mem_size:0
[scene]: num: -73, size: -24576	[48793296]
[character]: num: -33, size: 0	[48793296]
[item]: num: -125, size: 0	[48793296]
[ui]: num: 52, size: 27961040	[48793296]
[terrain]: num: 80, size: 20713472	[48793296]
[effect]: num: 0, size: 0	[48793296]
[minimap]: num: 1, size: 524288	[48793296]
Release file:.\texture\item\eff0008.tga
width: 0	height: 0	format: 25	mem_size:0
[scene]: num: -73, size: -24576	[48793296]
[character]: num: -33, size: 0	[48793296]
[item]: num: -126, size: 0	[48793296]
[ui]: num: 52, size: 27961040	[48793296]
[terrain]: num: 80, size: 20713472	[48793296]
[effect]: num: 0, size: 0	[48793296]
[minimap]: num: 1, size: 524288	[48793296]
Release file:.\texture\item\1.BMP
width: 0	height: 0	format: 25	mem_size:0
[scene]: num: -73, size: -24576	[48793296]
[character]: num: -33, size: 0	[48793296]
[item]: num: -127, size: 0	[48793296]
[ui]: num: 52, size: 27961040	[48793296]
[terrain]: num: 80, size: 20713472	[48793296]
[effect]: num: 0, size: 0	[48793296]
[minimap]: num: 1, size: 524288	[48793296]
Release file:.\texture\item\1.BMP
width: 0	height: 0	format: 25	mem_size:0
[scene]: num: -73, size: -24576	[48793296]
[character]: num: -33, size: 0	[48793296]
[item]: num: -128, size: 0	[48793296]
[ui]: num: 52, size: 27961040	[48793296]
[terrain]: num: 80, size: 20713472	[48793296]
[effect]: num: 0, size: 0	[48793296]
[minimap]: num: 1, size: 524288	[48793296]
Release file:.\texture\item\1.BMP
width: 0	height: 0	format: 25	mem_size:0
[scene]: num: -73, size: -24576	[48793296]
[character]: num: -33, size: 0	[48793296]
[item]: num: -129, size: 0	[48793296]
[ui]: num: 52, size: 27961040	[48793296]
[terrain]: num: 80, size: 20713472	[48793296]
[effect]: num: 0, size: 0	[48793296]
[minimap]: num: 1, size: 524288	[48793296]
Release file:.\texture\item\ÊÈÑª.tga
width: 0	height: 0	format: 25	mem_size:0
[scene]: num: -73, size: -24576	[48793296]
[character]: num: -33, size: 0	[48793296]
[item]: num: -130, size: 0	[48793296]
[ui]: num: 52, size: 27961040	[48793296]
[terrain]: num: 80, size: 20713472	[48793296]
[effect]: num: 0, size: 0	[48793296]
[minimap]: num: 1, size: 524288	[48793296]
Release file:.\texture\item\bai.tga
width: 0	height: 0	format: 25	mem_size:0
[scene]: num: -73, size: -24576	[48793296]
[character]: num: -33, size: 0	[48793296]
[item]: num: -131, size: 0	[48793296]
[ui]: num: 52, size: 27961040	[48793296]
[terrain]: num: 80, size: 20713472	[48793296]
[effect]: num: 0, size: 0	[48793296]
[minimap]: num: 1, size: 524288	[48793296]
Release file:.\texture\item\toil.tga
width: 0	height: 0	format: 25	mem_size:0
[scene]: num: -73, size: -24576	[48793296]
[character]: num: -33, size: 0	[48793296]
[item]: num: -132, size: 0	[48793296]
[ui]: num: 52, size: 27961040	[48793296]
[terrain]: num: 80, size: 20713472	[48793296]
[effect]: num: 0, size: 0	[48793296]
[minimap]: num: 1, size: 524288	[48793296]
Release file:.\texture\item\jinglingdan.psd
width: 0	height: 0	format: 25	mem_size:0
[scene]: num: -73, size: -24576	[48793296]
[character]: num: -33, size: 0	[48793296]
[item]: num: -133, size: 0	[48793296]
[ui]: num: 52, size: 27961040	[48793296]
[terrain]: num: 80, size: 20713472	[48793296]
[effect]: num: 0, size: 0	[48793296]
[minimap]: num: 1, size: 524288	[48793296]
Release file:.\texture\item\jinglingdan.psd
width: 0	height: 0	format: 25	mem_size:0
[scene]: num: -73, size: -24576	[48793296]
[character]: num: -33, size: 0	[48793296]
[item]: num: -134, size: 0	[48793296]
[ui]: num: 52, size: 27961040	[48793296]
[terrain]: num: 80, size: 20713472	[48793296]
[effect]: num: 0, size: 0	[48793296]
[minimap]: num: 1, size: 524288	[48793296]
Release file:.\texture\item\ÍÁÖø.tga
width: 0	height: 0	format: 25	mem_size:0
[scene]: num: -73, size: -24576	[48793296]
[character]: num: -33, size: 0	[48793296]
[item]: num: -135, size: 0	[48793296]
[ui]: num: 52, size: 27961040	[48793296]
[terrain]: num: 80, size: 20713472	[48793296]
[effect]: num: 0, size: 0	[48793296]
[minimap]: num: 1, size: 524288	[48793296]
Release file:.\texture\item\1.BMP
width: 0	height: 0	format: 25	mem_size:0
[scene]: num: -73, size: -24576	[48793296]
[character]: num: -33, size: 0	[48793296]
[item]: num: -136, size: 0	[48793296]
[ui]: num: 52, size: 27961040	[48793296]
[terrain]: num: 80, size: 20713472	[48793296]
[effect]: num: 0, size: 0	[48793296]
[minimap]: num: 1, size: 524288	[48793296]
Release file:.\texture\item\1.BMP
width: 0	height: 0	format: 25	mem_size:0
[scene]: num: -73, size: -24576	[48793296]
[character]: num: -33, size: 0	[48793296]
[item]: num: -137, size: 0	[48793296]
[ui]: num: 52, size: 27961040	[48793296]
[terrain]: num: 80, size: 20713472	[48793296]
[effect]: num: 0, size: 0	[48793296]
[minimap]: num: 1, size: 524288	[48793296]
Release file:.\texture\item\1.BMP
width: 0	height: 0	format: 25	mem_size:0
[scene]: num: -73, size: -24576	[48793296]
[character]: num: -33, size: 0	[48793296]
[item]: num: -138, size: 0	[48793296]
[ui]: num: 52, size: 27961040	[48793296]
[terrain]: num: 80, size: 20713472	[48793296]
[effect]: num: 0, size: 0	[48793296]
[minimap]: num: 1, size: 524288	[48793296]
Release file:.\texture\item\1.BMP
width: 0	height: 0	format: 25	mem_size:0
[scene]: num: -73, size: -24576	[48793296]
[character]: num: -33, size: 0	[48793296]
[item]: num: -139, size: 0	[48793296]
[ui]: num: 52, size: 27961040	[48793296]
[terrain]: num: 80, size: 20713472	[48793296]
[effect]: num: 0, size: 0	[48793296]
[minimap]: num: 1, size: 524288	[48793296]
Release file:.\texture\item\1.BMP
width: 0	height: 0	format: 25	mem_size:0
[scene]: num: -73, size: -24576	[48793296]
[character]: num: -33, size: 0	[48793296]
[item]: num: -140, size: 0	[48793296]
[ui]: num: 52, size: 27961040	[48793296]
[terrain]: num: 80, size: 20713472	[48793296]
[effect]: num: 0, size: 0	[48793296]
[minimap]: num: 1, size: 524288	[48793296]
Release file:.\texture\item\1.BMP
width: 0	height: 0	format: 25	mem_size:0
[scene]: num: -73, size: -24576	[48793296]
[character]: num: -33, size: 0	[48793296]
[item]: num: -141, size: 0	[48793296]
[ui]: num: 52, size: 27961040	[48793296]
[terrain]: num: 80, size: 20713472	[48793296]
[effect]: num: 0, size: 0	[48793296]
[minimap]: num: 1, size: 524288	[48793296]
Release file:.\texture\item\1.BMP
width: 0	height: 0	format: 25	mem_size:0
[scene]: num: -73, size: -24576	[48793296]
[character]: num: -33, size: 0	[48793296]
[item]: num: -142, size: 0	[48793296]
[ui]: num: 52, size: 27961040	[48793296]
[terrain]: num: 80, size: 20713472	[48793296]
[effect]: num: 0, size: 0	[48793296]
[minimap]: num: 1, size: 524288	[48793296]
Release file:.\texture\item\1.BMP
width: 0	height: 0	format: 25	mem_size:0
[scene]: num: -73, size: -24576	[48793296]
[character]: num: -33, size: 0	[48793296]
[item]: num: -143, size: 0	[48793296]
[ui]: num: 52, size: 27961040	[48793296]
[terrain]: num: 80, size: 20713472	[48793296]
[effect]: num: 0, size: 0	[48793296]
[minimap]: num: 1, size: 524288	[48793296]
Release file:.\texture\item\xueqiu.tga
width: 0	height: 0	format: 25	mem_size:0
[scene]: num: -73, size: -24576	[48793296]
[character]: num: -33, size: 0	[48793296]
[item]: num: -144, size: 0	[48793296]
[ui]: num: 52, size: 27961040	[48793296]
[terrain]: num: 80, size: 20713472	[48793296]
[effect]: num: 0, size: 0	[48793296]
[minimap]: num: 1, size: 524288	[48793296]
Release file:.\texture\item\yanzhao.tga
width: 0	height: 0	format: 25	mem_size:0
[scene]: num: -73, size: -24576	[48793296]
[character]: num: -33, size: 0	[48793296]
[item]: num: -145, size: 0	[48793296]
[ui]: num: 52, size: 27961040	[48793296]
[terrain]: num: 80, size: 20713472	[48793296]
[effect]: num: 0, size: 0	[48793296]
[minimap]: num: 1, size: 524288	[48793296]
Release file:.\texture\item\youling.tga
width: 0	height: 0	format: 25	mem_size:0
[scene]: num: -73, size: -24576	[48793296]
[character]: num: -33, size: 0	[48793296]
[item]: num: -146, size: 0	[48793296]
[ui]: num: 52, size: 27961040	[48793296]
[terrain]: num: 80, size: 20713472	[48793296]
[effect]: num: 0, size: 0	[48793296]
[minimap]: num: 1, size: 524288	[48793296]
Release file:.\texture\item\eff0084.tga
width: 0	height: 0	format: 25	mem_size:0
[scene]: num: -73, size: -24576	[48793296]
[character]: num: -33, size: 0	[48793296]
[item]: num: -147, size: 0	[48793296]
[ui]: num: 52, size: 27961040	[48793296]
[terrain]: num: 80, size: 20713472	[48793296]
[effect]: num: 0, size: 0	[48793296]
[minimap]: num: 1, size: 524288	[48793296]
Release file:.\texture\item\ÕÐ¼Ü.tga
width: 0	height: 0	format: 25	mem_size:0
[scene]: num: -73, size: -24576	[48793296]
[character]: num: -33, size: 0	[48793296]
[item]: num: -148, size: 0	[48793296]
[ui]: num: 52, size: 27961040	[48793296]
[terrain]: num: 80, size: 20713472	[48793296]
[effect]: num: 0, size: 0	[48793296]
[minimap]: num: 1, size: 524288	[48793296]
Release file:.\texture\item\01880001.tga
width: 0	height: 0	format: 25	mem_size:0
[scene]: num: -73, size: -24576	[48793296]
[character]: num: -33, size: 0	[48793296]
[item]: num: -149, size: 0	[48793296]
[ui]: num: 52, size: 27961040	[48793296]
[terrain]: num: 80, size: 20713472	[48793296]
[effect]: num: 0, size: 0	[48793296]
[minimap]: num: 1, size: 524288	[48793296]
Release file:.\texture\item\modou.psd
width: 0	height: 0	format: 25	mem_size:0
[scene]: num: -73, size: -24576	[48793296]
[character]: num: -33, size: 0	[48793296]
[item]: num: -150, size: 0	[48793296]
[ui]: num: 52, size: 27961040	[48793296]
[terrain]: num: 80, size: 20713472	[48793296]
[effect]: num: 0, size: 0	[48793296]
[minimap]: num: 1, size: 524288	[48793296]
Release file:texture/terrain/subtract.bmp
width: 32	height: 32	format: 21	mem_size:4096
[scene]: num: -73, size: -24576	[48789200]
[character]: num: -33, size: 0	[48789200]
[item]: num: -150, size: 0	[48789200]
[ui]: num: 52, size: 27961040	[48789200]
[terrain]: num: 79, size: 20709376	[48789200]
[effect]: num: 0, size: 0	[48789200]
[minimap]: num: 1, size: 524288	[48789200]
Release file:texture/terrain/brick01.bmp
width: 256	height: 256	format: 21	mem_size:262144
[scene]: num: -73, size: -24576	[48527056]
[character]: num: -33, size: 0	[48527056]
[item]: num: -150, size: 0	[48527056]
[ui]: num: 52, size: 27961040	[48527056]
[terrain]: num: 78, size: 20447232	[48527056]
[effect]: num: 0, size: 0	[48527056]
[minimap]: num: 1, size: 524288	[48527056]
Release file:texture/terrain/brick04.bmp
width: 256	height: 256	format: 21	mem_size:262144
[scene]: num: -73, size: -24576	[48264912]
[character]: num: -33, size: 0	[48264912]
[item]: num: -150, size: 0	[48264912]
[ui]: num: 52, size: 27961040	[48264912]
[terrain]: num: 77, size: 20185088	[48264912]
[effect]: num: 0, size: 0	[48264912]
[minimap]: num: 1, size: 524288	[48264912]
Release file:texture/terrain/brick05.bmp
width: 256	height: 256	format: 21	mem_size:262144
[scene]: num: -73, size: -24576	[48002768]
[character]: num: -33, size: 0	[48002768]
[item]: num: -150, size: 0	[48002768]
[ui]: num: 52, size: 27961040	[48002768]
[terrain]: num: 76, size: 19922944	[48002768]
[effect]: num: 0, size: 0	[48002768]
[minimap]: num: 1, size: 524288	[48002768]
Release file:texture/terrain/grass05.bmp
width: 256	height: 256	format: 21	mem_size:262144
[scene]: num: -73, size: -24576	[47740624]
[character]: num: -33, size: 0	[47740624]
[item]: num: -150, size: 0	[47740624]
[ui]: num: 52, size: 27961040	[47740624]
[terrain]: num: 75, size: 19660800	[47740624]
[effect]: num: 0, size: 0	[47740624]
[minimap]: num: 1, size: 524288	[47740624]
Release file:texture/terrain/grass11.bmp
width: 256	height: 256	format: 21	mem_size:262144
[scene]: num: -73, size: -24576	[47478480]
[character]: num: -33, size: 0	[47478480]
[item]: num: -150, size: 0	[47478480]
[ui]: num: 52, size: 27961040	[47478480]
[terrain]: num: 74, size: 19398656	[47478480]
[effect]: num: 0, size: 0	[47478480]
[minimap]: num: 1, size: 524288	[47478480]
Release file:texture/terrain/grass04.bmp
width: 256	height: 256	format: 21	mem_size:262144
[scene]: num: -73, size: -24576	[47216336]
[character]: num: -33, size: 0	[47216336]
[item]: num: -150, size: 0	[47216336]
[ui]: num: 52, size: 27961040	[47216336]
[terrain]: num: 73, size: 19136512	[47216336]
[effect]: num: 0, size: 0	[47216336]
[minimap]: num: 1, size: 524288	[47216336]
Release file:texture/terrain/grass02.bmp
width: 256	height: 256	format: 21	mem_size:262144
[scene]: num: -73, size: -24576	[46954192]
[character]: num: -33, size: 0	[46954192]
[item]: num: -150, size: 0	[46954192]
[ui]: num: 52, size: 27961040	[46954192]
[terrain]: num: 72, size: 18874368	[46954192]
[effect]: num: 0, size: 0	[46954192]
[minimap]: num: 1, size: 524288	[46954192]
Release file:texture/terrain/grass01.bmp
width: 256	height: 256	format: 21	mem_size:262144
[scene]: num: -73, size: -24576	[46692048]
[character]: num: -33, size: 0	[46692048]
[item]: num: -150, size: 0	[46692048]
[ui]: num: 52, size: 27961040	[46692048]
[terrain]: num: 71, size: 18612224	[46692048]
[effect]: num: 0, size: 0	[46692048]
[minimap]: num: 1, size: 524288	[46692048]
Release file:texture/terrain/grass03.bmp
width: 256	height: 256	format: 21	mem_size:262144
[scene]: num: -73, size: -24576	[46429904]
[character]: num: -33, size: 0	[46429904]
[item]: num: -150, size: 0	[46429904]
[ui]: num: 52, size: 27961040	[46429904]
[terrain]: num: 70, size: 18350080	[46429904]
[effect]: num: 0, size: 0	[46429904]
[minimap]: num: 1, size: 524288	[46429904]
Release file:texture/terrain/snow05.bmp
width: 256	height: 256	format: 21	mem_size:262144
[scene]: num: -73, size: -24576	[46167760]
[character]: num: -33, size: 0	[46167760]
[item]: num: -150, size: 0	[46167760]
[ui]: num: 52, size: 27961040	[46167760]
[terrain]: num: 69, size: 18087936	[46167760]
[effect]: num: 0, size: 0	[46167760]
[minimap]: num: 1, size: 524288	[46167760]
Release file:texture/terrain/grass07.bmp
width: 256	height: 256	format: 21	mem_size:262144
[scene]: num: -73, size: -24576	[45905616]
[character]: num: -33, size: 0	[45905616]
[item]: num: -150, size: 0	[45905616]
[ui]: num: 52, size: 27961040	[45905616]
[terrain]: num: 68, size: 17825792	[45905616]
[effect]: num: 0, size: 0	[45905616]
[minimap]: num: 1, size: 524288	[45905616]
Release file:texture/terrain/brick09.bmp
width: 256	height: 256	format: 21	mem_size:262144
[scene]: num: -73, size: -24576	[45643472]
[character]: num: -33, size: 0	[45643472]
[item]: num: -150, size: 0	[45643472]
[ui]: num: 52, size: 27961040	[45643472]
[terrain]: num: 67, size: 17563648	[45643472]
[effect]: num: 0, size: 0	[45643472]
[minimap]: num: 1, size: 524288	[45643472]
Release file:texture/terrain/sand03.bmp
width: 256	height: 256	format: 21	mem_size:262144
[scene]: num: -73, size: -24576	[45381328]
[character]: num: -33, size: 0	[45381328]
[item]: num: -150, size: 0	[45381328]
[ui]: num: 52, size: 27961040	[45381328]
[terrain]: num: 66, size: 17301504	[45381328]
[effect]: num: 0, size: 0	[45381328]
[minimap]: num: 1, size: 524288	[45381328]
Release file:texture/terrain/sand02.bmp
width: 256	height: 256	format: 21	mem_size:262144
[scene]: num: -73, size: -24576	[45119184]
[character]: num: -33, size: 0	[45119184]
[item]: num: -150, size: 0	[45119184]
[ui]: num: 52, size: 27961040	[45119184]
[terrain]: num: 65, size: 17039360	[45119184]
[effect]: num: 0, size: 0	[45119184]
[minimap]: num: 1, size: 524288	[45119184]
Release file:texture/terrain/sand01.bmp
width: 256	height: 256	format: 21	mem_size:262144
[scene]: num: -73, size: -24576	[44857040]
[character]: num: -33, size: 0	[44857040]
[item]: num: -150, size: 0	[44857040]
[ui]: num: 52, size: 27961040	[44857040]
[terrain]: num: 64, size: 16777216	[44857040]
[effect]: num: 0, size: 0	[44857040]
[minimap]: num: 1, size: 524288	[44857040]
Release file:texture/terrain/dirt03.bmp
width: 256	height: 256	format: 21	mem_size:262144
[scene]: num: -73, size: -24576	[44594896]
[character]: num: -33, size: 0	[44594896]
[item]: num: -150, size: 0	[44594896]
[ui]: num: 52, size: 27961040	[44594896]
[terrain]: num: 63, size: 16515072	[44594896]
[effect]: num: 0, size: 0	[44594896]
[minimap]: num: 1, size: 524288	[44594896]
Release file:texture/terrain/dirt04.bmp
width: 256	height: 256	format: 21	mem_size:262144
[scene]: num: -73, size: -24576	[44332752]
[character]: num: -33, size: 0	[44332752]
[item]: num: -150, size: 0	[44332752]
[ui]: num: 52, size: 27961040	[44332752]
[terrain]: num: 62, size: 16252928	[44332752]
[effect]: num: 0, size: 0	[44332752]
[minimap]: num: 1, size: 524288	[44332752]
Release file:texture/terrain/dirt05.bmp
width: 256	height: 256	format: 21	mem_size:262144
[scene]: num: -73, size: -24576	[44070608]
[character]: num: -33, size: 0	[44070608]
[item]: num: -150, size: 0	[44070608]
[ui]: num: 52, size: 27961040	[44070608]
[terrain]: num: 61, size: 15990784	[44070608]
[effect]: num: 0, size: 0	[44070608]
[minimap]: num: 1, size: 524288	[44070608]
Release file:texture/terrain/brick02.bmp
width: 256	height: 256	format: 21	mem_size:262144
[scene]: num: -73, size: -24576	[43808464]
[character]: num: -33, size: 0	[43808464]
[item]: num: -150, size: 0	[43808464]
[ui]: num: 52, size: 27961040	[43808464]
[terrain]: num: 60, size: 15728640	[43808464]
[effect]: num: 0, size: 0	[43808464]
[minimap]: num: 1, size: 524288	[43808464]
Release file:texture/terrain/brick03.bmp
width: 256	height: 256	format: 21	mem_size:262144
[scene]: num: -73, size: -24576	[43546320]
[character]: num: -33, size: 0	[43546320]
[item]: num: -150, size: 0	[43546320]
[ui]: num: 52, size: 27961040	[43546320]
[terrain]: num: 59, size: 15466496	[43546320]
[effect]: num: 0, size: 0	[43546320]
[minimap]: num: 1, size: 524288	[43546320]
Release file:texture/terrain/brick06.bmp
width: 256	height: 256	format: 21	mem_size:262144
[scene]: num: -73, size: -24576	[43284176]
[character]: num: -33, size: 0	[43284176]
[item]: num: -150, size: 0	[43284176]
[ui]: num: 52, size: 27961040	[43284176]
[terrain]: num: 58, size: 15204352	[43284176]
[effect]: num: 0, size: 0	[43284176]
[minimap]: num: 1, size: 524288	[43284176]
Release file:texture/terrain/dirt07.bmp
width: 256	height: 256	format: 21	mem_size:262144
[scene]: num: -73, size: -24576	[43022032]
[character]: num: -33, size: 0	[43022032]
[item]: num: -150, size: 0	[43022032]
[ui]: num: 52, size: 27961040	[43022032]
[terrain]: num: 57, size: 14942208	[43022032]
[effect]: num: 0, size: 0	[43022032]
[minimap]: num: 1, size: 524288	[43022032]
Release file:texture/terrain/rock01.bmp
width: 256	height: 256	format: 21	mem_size:262144
[scene]: num: -73, size: -24576	[42759888]
[character]: num: -33, size: 0	[42759888]
[item]: num: -150, size: 0	[42759888]
[ui]: num: 52, size: 27961040	[42759888]
[terrain]: num: 56, size: 14680064	[42759888]
[effect]: num: 0, size: 0	[42759888]
[minimap]: num: 1, size: 524288	[42759888]
Release file:texture/terrain/rock02.bmp
width: 256	height: 256	format: 21	mem_size:262144
[scene]: num: -73, size: -24576	[42497744]
[character]: num: -33, size: 0	[42497744]
[item]: num: -150, size: 0	[42497744]
[ui]: num: 52, size: 27961040	[42497744]
[terrain]: num: 55, size: 14417920	[42497744]
[effect]: num: 0, size: 0	[42497744]
[minimap]: num: 1, size: 524288	[42497744]
Release file:texture/terrain/snow01.bmp
width: 256	height: 256	format: 21	mem_size:262144
[scene]: num: -73, size: -24576	[42235600]
[character]: num: -33, size: 0	[42235600]
[item]: num: -150, size: 0	[42235600]
[ui]: num: 52, size: 27961040	[42235600]
[terrain]: num: 54, size: 14155776	[42235600]
[effect]: num: 0, size: 0	[42235600]
[minimap]: num: 1, size: 524288	[42235600]
Release file:texture/terrain/snow02.bmp
width: 256	height: 256	format: 21	mem_size:262144
[scene]: num: -73, size: -24576	[41973456]
[character]: num: -33, size: 0	[41973456]
[item]: num: -150, size: 0	[41973456]
[ui]: num: 52, size: 27961040	[41973456]
[terrain]: num: 53, size: 13893632	[41973456]
[effect]: num: 0, size: 0	[41973456]
[minimap]: num: 1, size: 524288	[41973456]
Release file:texture/terrain/snow03.bmp
width: 256	height: 256	format: 21	mem_size:262144
[scene]: num: -73, size: -24576	[41711312]
[character]: num: -33, size: 0	[41711312]
[item]: num: -150, size: 0	[41711312]
[ui]: num: 52, size: 27961040	[41711312]
[terrain]: num: 52, size: 13631488	[41711312]
[effect]: num: 0, size: 0	[41711312]
[minimap]: num: 1, size: 524288	[41711312]
Release file:texture/terrain/snow04.bmp
width: 256	height: 256	format: 21	mem_size:262144
[scene]: num: -73, size: -24576	[41449168]
[character]: num: -33, size: 0	[41449168]
[item]: num: -150, size: 0	[41449168]
[ui]: num: 52, size: 27961040	[41449168]
[terrain]: num: 51, size: 13369344	[41449168]
[effect]: num: 0, size: 0	[41449168]
[minimap]: num: 1, size: 524288	[41449168]
Release file:texture/terrain/grass10.bmp
width: 256	height: 256	format: 21	mem_size:262144
[scene]: num: -73, size: -24576	[41187024]
[character]: num: -33, size: 0	[41187024]
[item]: num: -150, size: 0	[41187024]
[ui]: num: 52, size: 27961040	[41187024]
[terrain]: num: 50, size: 13107200	[41187024]
[effect]: num: 0, size: 0	[41187024]
[minimap]: num: 1, size: 524288	[41187024]
Release file:texture/terrain/dirt06.bmp
width: 256	height: 256	format: 21	mem_size:262144
[scene]: num: -73, size: -24576	[40924880]
[character]: num: -33, size: 0	[40924880]
[item]: num: -150, size: 0	[40924880]
[ui]: num: 52, size: 27961040	[40924880]
[terrain]: num: 49, size: 12845056	[40924880]
[effect]: num: 0, size: 0	[40924880]
[minimap]: num: 1, size: 524288	[40924880]
Release file:texture/terrain/snow06.bmp
width: 256	height: 256	format: 21	mem_size:262144
[scene]: num: -73, size: -24576	[40662736]
[character]: num: -33, size: 0	[40662736]
[item]: num: -150, size: 0	[40662736]
[ui]: num: 52, size: 27961040	[40662736]
[terrain]: num: 48, size: 12582912	[40662736]
[effect]: num: 0, size: 0	[40662736]
[minimap]: num: 1, size: 524288	[40662736]
Release file:texture/terrain/grass09.bmp
width: 256	height: 256	format: 21	mem_size:262144
[scene]: num: -73, size: -24576	[40400592]
[character]: num: -33, size: 0	[40400592]
[item]: num: -150, size: 0	[40400592]
[ui]: num: 52, size: 27961040	[40400592]
[terrain]: num: 47, size: 12320768	[40400592]
[effect]: num: 0, size: 0	[40400592]
[minimap]: num: 1, size: 524288	[40400592]
Release file:texture/terrain/sand05.bmp
width: 256	height: 256	format: 21	mem_size:262144
[scene]: num: -73, size: -24576	[40138448]
[character]: num: -33, size: 0	[40138448]
[item]: num: -150, size: 0	[40138448]
[ui]: num: 52, size: 27961040	[40138448]
[terrain]: num: 46, size: 12058624	[40138448]
[effect]: num: 0, size: 0	[40138448]
[minimap]: num: 1, size: 524288	[40138448]
Release file:texture/terrain/sand06.bmp
width: 256	height: 256	format: 21	mem_size:262144
[scene]: num: -73, size: -24576	[39876304]
[character]: num: -33, size: 0	[39876304]
[item]: num: -150, size: 0	[39876304]
[ui]: num: 52, size: 27961040	[39876304]
[terrain]: num: 45, size: 11796480	[39876304]
[effect]: num: 0, size: 0	[39876304]
[minimap]: num: 1, size: 524288	[39876304]
Release file:texture/terrain/sand07.bmp
width: 256	height: 256	format: 21	mem_size:262144
[scene]: num: -73, size: -24576	[39614160]
[character]: num: -33, size: 0	[39614160]
[item]: num: -150, size: 0	[39614160]
[ui]: num: 52, size: 27961040	[39614160]
[terrain]: num: 44, size: 11534336	[39614160]
[effect]: num: 0, size: 0	[39614160]
[minimap]: num: 1, size: 524288	[39614160]
Release file:texture/terrain/brick08.bmp
width: 256	height: 256	format: 21	mem_size:262144
[scene]: num: -73, size: -24576	[39352016]
[character]: num: -33, size: 0	[39352016]
[item]: num: -150, size: 0	[39352016]
[ui]: num: 52, size: 27961040	[39352016]
[terrain]: num: 43, size: 11272192	[39352016]
[effect]: num: 0, size: 0	[39352016]
[minimap]: num: 1, size: 524288	[39352016]
Release file:texture/terrain/snow07.bmp
width: 256	height: 256	format: 21	mem_size:262144
[scene]: num: -73, size: -24576	[39089872]
[character]: num: -33, size: 0	[39089872]
[item]: num: -150, size: 0	[39089872]
[ui]: num: 52, size: 27961040	[39089872]
[terrain]: num: 42, size: 11010048	[39089872]
[effect]: num: 0, size: 0	[39089872]
[minimap]: num: 1, size: 524288	[39089872]
Release file:texture/terrain/drit08.bmp
width: 256	height: 256	format: 21	mem_size:262144
[scene]: num: -73, size: -24576	[38827728]
[character]: num: -33, size: 0	[38827728]
[item]: num: -150, size: 0	[38827728]
[ui]: num: 52, size: 27961040	[38827728]
[terrain]: num: 41, size: 10747904	[38827728]
[effect]: num: 0, size: 0	[38827728]
[minimap]: num: 1, size: 524288	[38827728]
Release file:texture/terrain/drit09.bmp
width: 256	height: 256	format: 21	mem_size:262144
[scene]: num: -73, size: -24576	[38565584]
[character]: num: -33, size: 0	[38565584]
[item]: num: -150, size: 0	[38565584]
[ui]: num: 52, size: 27961040	[38565584]
[terrain]: num: 40, size: 10485760	[38565584]
[effect]: num: 0, size: 0	[38565584]
[minimap]: num: 1, size: 524288	[38565584]
Release file:texture/terrain/snow08.bmp
width: 256	height: 256	format: 21	mem_size:262144
[scene]: num: -73, size: -24576	[38303440]
[character]: num: -33, size: 0	[38303440]
[item]: num: -150, size: 0	[38303440]
[ui]: num: 52, size: 27961040	[38303440]
[terrain]: num: 39, size: 10223616	[38303440]
[effect]: num: 0, size: 0	[38303440]
[minimap]: num: 1, size: 524288	[38303440]
Release file:texture/terrain/dirt02.bmp
width: 256	height: 256	format: 21	mem_size:262144
[scene]: num: -73, size: -24576	[38041296]
[character]: num: -33, size: 0	[38041296]
[item]: num: -150, size: 0	[38041296]
[ui]: num: 52, size: 27961040	[38041296]
[terrain]: num: 38, size: 9961472	[38041296]
[effect]: num: 0, size: 0	[38041296]
[minimap]: num: 1, size: 524288	[38041296]
Release file:texture/terrain/dirt01.bmp
width: 256	height: 256	format: 21	mem_size:262144
[scene]: num: -73, size: -24576	[37779152]
[character]: num: -33, size: 0	[37779152]
[item]: num: -150, size: 0	[37779152]
[ui]: num: 52, size: 27961040	[37779152]
[terrain]: num: 37, size: 9699328	[37779152]
[effect]: num: 0, size: 0	[37779152]
[minimap]: num: 1, size: 524288	[37779152]
Release file:texture/terrain/sand08.bmp
width: 256	height: 256	format: 21	mem_size:262144
[scene]: num: -73, size: -24576	[37517008]
[character]: num: -33, size: 0	[37517008]
[item]: num: -150, size: 0	[37517008]
[ui]: num: 52, size: 27961040	[37517008]
[terrain]: num: 36, size: 9437184	[37517008]
[effect]: num: 0, size: 0	[37517008]
[minimap]: num: 1, size: 524288	[37517008]
Release file:texture/terrain/sand09.bmp
width: 256	height: 256	format: 21	mem_size:262144
[scene]: num: -73, size: -24576	[37254864]
[character]: num: -33, size: 0	[37254864]
[item]: num: -150, size: 0	[37254864]
[ui]: num: 52, size: 27961040	[37254864]
[terrain]: num: 35, size: 9175040	[37254864]
[effect]: num: 0, size: 0	[37254864]
[minimap]: num: 1, size: 524288	[37254864]
Release file:texture/terrain/drit10.bmp
width: 256	height: 256	format: 21	mem_size:262144
[scene]: num: -73, size: -24576	[36992720]
[character]: num: -33, size: 0	[36992720]
[item]: num: -150, size: 0	[36992720]
[ui]: num: 52, size: 27961040	[36992720]
[terrain]: num: 34, size: 8912896	[36992720]
[effect]: num: 0, size: 0	[36992720]
[minimap]: num: 1, size: 524288	[36992720]
Release file:texture/terrain/brick10.bmp
width: 256	height: 256	format: 21	mem_size:262144
[scene]: num: -73, size: -24576	[36730576]
[character]: num: -33, size: 0	[36730576]
[item]: num: -150, size: 0	[36730576]
[ui]: num: 52, size: 27961040	[36730576]
[terrain]: num: 33, size: 8650752	[36730576]
[effect]: num: 0, size: 0	[36730576]
[minimap]: num: 1, size: 524288	[36730576]
Release file:texture/terrain/brick109.bmp
width: 256	height: 256	format: 21	mem_size:262144
[scene]: num: -73, size: -24576	[36468432]
[character]: num: -33, size: 0	[36468432]
[item]: num: -150, size: 0	[36468432]
[ui]: num: 52, size: 27961040	[36468432]
[terrain]: num: 32, size: 8388608	[36468432]
[effect]: num: 0, size: 0	[36468432]
[minimap]: num: 1, size: 524288	[36468432]
Release file:texture/terrain/brick110.bmp
width: 256	height: 256	format: 21	mem_size:262144
[scene]: num: -73, size: -24576	[36206288]
[character]: num: -33, size: 0	[36206288]
[item]: num: -150, size: 0	[36206288]
[ui]: num: 52, size: 27961040	[36206288]
[terrain]: num: 31, size: 8126464	[36206288]
[effect]: num: 0, size: 0	[36206288]
[minimap]: num: 1, size: 524288	[36206288]
Release file:texture/ui/ui2/server.png
width: 512	height: 512	format: 21	mem_size:1048576
[scene]: num: -73, size: -24576	[35157712]
[character]: num: -33, size: 0	[35157712]
[item]: num: -150, size: 0	[35157712]
[ui]: num: 51, size: 26912464	[35157712]
[terrain]: num: 31, size: 8126464	[35157712]
[effect]: num: 0, size: 0	[35157712]
[minimap]: num: 1, size: 524288	[35157712]
Release file:texture/ui/loading/l1.tga
width: 300	height: 256	format: 21	mem_size:307200
[scene]: num: -73, size: -24576	[34850512]
[character]: num: -33, size: 0	[34850512]
[item]: num: -150, size: 0	[34850512]
[ui]: num: 50, size: 26605264	[34850512]
[terrain]: num: 31, size: 8126464	[34850512]
[effect]: num: 0, size: 0	[34850512]
[minimap]: num: 1, size: 524288	[34850512]
Release file:texture/ui/loading/l2.tga
width: 299	height: 256	format: 21	mem_size:306176
[scene]: num: -73, size: -24576	[34544336]
[character]: num: -33, size: 0	[34544336]
[item]: num: -150, size: 0	[34544336]
[ui]: num: 49, size: 26299088	[34544336]
[terrain]: num: 31, size: 8126464	[34544336]
[effect]: num: 0, size: 0	[34544336]
[minimap]: num: 1, size: 524288	[34544336]
Release file:texture/ui/loading/l3.tga
width: 300	height: 256	format: 21	mem_size:307200
[scene]: num: -73, size: -24576	[34237136]
[character]: num: -33, size: 0	[34237136]
[item]: num: -150, size: 0	[34237136]
[ui]: num: 48, size: 25991888	[34237136]
[terrain]: num: 31, size: 8126464	[34237136]
[effect]: num: 0, size: 0	[34237136]
[minimap]: num: 1, size: 524288	[34237136]
Release file:texture/ui/loading/l4.tga
width: 299	height: 256	format: 21	mem_size:306176
[scene]: num: -73, size: -24576	[33930960]
[character]: num: -33, size: 0	[33930960]
[item]: num: -150, size: 0	[33930960]
[ui]: num: 47, size: 25685712	[33930960]
[terrain]: num: 31, size: 8126464	[33930960]
[effect]: num: 0, size: 0	[33930960]
[minimap]: num: 1, size: 524288	[33930960]
Release file:texture/ui/loading/l5.tga
width: 300	height: 256	format: 21	mem_size:307200
[scene]: num: -73, size: -24576	[33623760]
[character]: num: -33, size: 0	[33623760]
[item]: num: -150, size: 0	[33623760]
[ui]: num: 46, size: 25378512	[33623760]
[terrain]: num: 31, size: 8126464	[33623760]
[effect]: num: 0, size: 0	[33623760]
[minimap]: num: 1, size: 524288	[33623760]
Release file:texture/ui/loading/l6.tga
width: 299	height: 256	format: 21	mem_size:306176
[scene]: num: -73, size: -24576	[33317584]
[character]: num: -33, size: 0	[33317584]
[item]: num: -150, size: 0	[33317584]
[ui]: num: 45, size: 25072336	[33317584]
[terrain]: num: 31, size: 8126464	[33317584]
[effect]: num: 0, size: 0	[33317584]
[minimap]: num: 1, size: 524288	[33317584]
Release file:texture/ui/loading/l7.tga
width: 300	height: 256	format: 21	mem_size:307200
[scene]: num: -73, size: -24576	[33010384]
[character]: num: -33, size: 0	[33010384]
[item]: num: -150, size: 0	[33010384]
[ui]: num: 44, size: 24765136	[33010384]
[terrain]: num: 31, size: 8126464	[33010384]
[effect]: num: 0, size: 0	[33010384]
[minimap]: num: 1, size: 524288	[33010384]
Release file:texture/ui/loading/l8.tga
width: 299	height: 256	format: 21	mem_size:306176
[scene]: num: -73, size: -24576	[32704208]
[character]: num: -33, size: 0	[32704208]
[item]: num: -150, size: 0	[32704208]
[ui]: num: 43, size: 24458960	[32704208]
[terrain]: num: 31, size: 8126464	[32704208]
[effect]: num: 0, size: 0	[32704208]
[minimap]: num: 1, size: 524288	[32704208]
Release file:texture/ui/loading/l9.tga
width: 300	height: 256	format: 21	mem_size:307200
[scene]: num: -73, size: -24576	[32397008]
[character]: num: -33, size: 0	[32397008]
[item]: num: -150, size: 0	[32397008]
[ui]: num: 42, size: 24151760	[32397008]
[terrain]: num: 31, size: 8126464	[32397008]
[effect]: num: 0, size: 0	[32397008]
[minimap]: num: 1, size: 524288	[32397008]
Release file:texture/ui/loading/l10.tga
width: 299	height: 256	format: 21	mem_size:306176
[scene]: num: -73, size: -24576	[32090832]
[character]: num: -33, size: 0	[32090832]
[item]: num: -150, size: 0	[32090832]
[ui]: num: 41, size: 23845584	[32090832]
[terrain]: num: 31, size: 8126464	[32090832]
[effect]: num: 0, size: 0	[32090832]
[minimap]: num: 1, size: 524288	[32090832]
Release file:texture/ui/loading/l11.tga
width: 300	height: 256	format: 21	mem_size:307200
[scene]: num: -73, size: -24576	[31783632]
[character]: num: -33, size: 0	[31783632]
[item]: num: -150, size: 0	[31783632]
[ui]: num: 40, size: 23538384	[31783632]
[terrain]: num: 31, size: 8126464	[31783632]
[effect]: num: 0, size: 0	[31783632]
[minimap]: num: 1, size: 524288	[31783632]
Release file:texture/ui/loading/l12.tga
width: 299	height: 256	format: 21	mem_size:306176
[scene]: num: -73, size: -24576	[31477456]
[character]: num: -33, size: 0	[31477456]
[item]: num: -150, size: 0	[31477456]
[ui]: num: 39, size: 23232208	[31477456]
[terrain]: num: 31, size: 8126464	[31477456]
[effect]: num: 0, size: 0	[31477456]
[minimap]: num: 1, size: 524288	[31477456]
Release file:texture/ui/loadprogress.tga
width: 256	height: 256	format: 21	mem_size:262144
[scene]: num: -73, size: -24576	[31215312]
[character]: num: -33, size: 0	[31215312]
[item]: num: -150, size: 0	[31215312]
[ui]: num: 38, size: 22970064	[31215312]
[terrain]: num: 31, size: 8126464	[31215312]
[effect]: num: 0, size: 0	[31215312]
[minimap]: num: 1, size: 524288	[31215312]
Release file:texture/ui/ui2/login.png
width: 800	height: 512	format: 21	mem_size:1638400
[scene]: num: -73, size: -24576	[29576912]
[character]: num: -33, size: 0	[29576912]
[item]: num: -150, size: 0	[29576912]
[ui]: num: 37, size: 21331664	[29576912]
[terrain]: num: 31, size: 8126464	[29576912]
[effect]: num: 0, size: 0	[29576912]
[minimap]: num: 1, size: 524288	[29576912]
Release file:texture/ui/frame.tga
width: 4	height: 4	format: 21	mem_size:64
[scene]: num: -73, size: -24576	[29576848]
[character]: num: -33, size: 0	[29576848]
[item]: num: -150, size: 0	[29576848]
[ui]: num: 36, size: 21331600	[29576848]
[terrain]: num: 31, size: 8126464	[29576848]
[effect]: num: 0, size: 0	[29576848]
[minimap]: num: 1, size: 524288	[29576848]
Release file:texture/ui/ui2/loading.png
width: 600	height: 98	format: 21	mem_size:235200
[scene]: num: -73, size: -24576	[29341648]
[character]: num: -33, size: 0	[29341648]
[item]: num: -150, size: 0	[29341648]
[ui]: num: 35, size: 21096400	[29341648]
[terrain]: num: 31, size: 8126464	[29341648]
[effect]: num: 0, size: 0	[29341648]
[minimap]: num: 1, size: 524288	[29341648]
Release file:texture/ui/ui2/select.png
width: 550	height: 350	format: 21	mem_size:770000
[scene]: num: -73, size: -24576	[28571648]
[character]: num: -33, size: 0	[28571648]
[item]: num: -150, size: 0	[28571648]
[ui]: num: 34, size: 20326400	[28571648]
[terrain]: num: 31, size: 8126464	[28571648]
[effect]: num: 0, size: 0	[28571648]
[minimap]: num: 1, size: 524288	[28571648]
Release file:texture/ui/ui2/system.png
width: 1500	height: 870	format: 21	mem_size:5220000
[scene]: num: -73, size: -24576	[23351648]
[character]: num: -33, size: 0	[23351648]
[item]: num: -150, size: 0	[23351648]
[ui]: num: 33, size: 15106400	[23351648]
[terrain]: num: 31, size: 8126464	[23351648]
[effect]: num: 0, size: 0	[23351648]
[minimap]: num: 1, size: 524288	[23351648]
Release file:texture/terrain/water/ocean_h.16.bmp
width: 256	height: 256	format: 21	mem_size:262144
[scene]: num: -73, size: -24576	[23089504]
[character]: num: -33, size: 0	[23089504]
[item]: num: -150, size: 0	[23089504]
[ui]: num: 33, size: 15106400	[23089504]
[terrain]: num: 30, size: 7864320	[23089504]
[effect]: num: 0, size: 0	[23089504]
[minimap]: num: 1, size: 524288	[23089504]
Release file:texture/terrain/alpha/total.tga
width: 256	height: 256	format: 21	mem_size:262144
[scene]: num: -73, size: -24576	[22827360]
[character]: num: -33, size: 0	[22827360]
[item]: num: -150, size: 0	[22827360]
[ui]: num: 33, size: 15106400	[22827360]
[terrain]: num: 29, size: 7602176	[22827360]
[effect]: num: 0, size: 0	[22827360]
[minimap]: num: 1, size: 524288	[22827360]
Release file:texture/ui/system/life.tga
width: 128	height: 128	format: 21	mem_size:65536
[scene]: num: -73, size: -24576	[22761824]
[character]: num: -33, size: 0	[22761824]
[item]: num: -150, size: 0	[22761824]
[ui]: num: 32, size: 15040864	[22761824]
[terrain]: num: 29, size: 7602176	[22761824]
[effect]: num: 0, size: 0	[22761824]
[minimap]: num: 1, size: 524288	[22761824]
Release file:texture/ui/guildflag.tga
width: 16	height: 16	format: 21	mem_size:1024
[scene]: num: -73, size: -24576	[22760800]
[character]: num: -33, size: 0	[22760800]
[item]: num: -150, size: 0	[22760800]
[ui]: num: 31, size: 15039840	[22760800]
[terrain]: num: 29, size: 7602176	[22760800]
[effect]: num: 0, size: 0	[22760800]
[minimap]: num: 1, size: 524288	[22760800]
Release file:texture/ui/ui2/city.png
width: 256	height: 256	format: 21	mem_size:262144
[scene]: num: -73, size: -24576	[22498656]
[character]: num: -33, size: 0	[22498656]
[item]: num: -150, size: 0	[22498656]
[ui]: num: 30, size: 14777696	[22498656]
[terrain]: num: 29, size: 7602176	[22498656]
[effect]: num: 0, size: 0	[22498656]
[minimap]: num: 1, size: 524288	[22498656]
Release file:texture/ui/ui2/chat.png
width: 512	height: 600	format: 21	mem_size:1228800
[scene]: num: -73, size: -24576	[21269856]
[character]: num: -33, size: 0	[21269856]
[item]: num: -150, size: 0	[21269856]
[ui]: num: 29, size: 13548896	[21269856]
[terrain]: num: 29, size: 7602176	[21269856]
[effect]: num: 0, size: 0	[21269856]
[minimap]: num: 1, size: 524288	[21269856]
Release file:texture/ui/ui2/buttons.png
width: 600	height: 938	format: 21	mem_size:2251200
[scene]: num: -73, size: -24576	[19018656]
[character]: num: -33, size: 0	[19018656]
[item]: num: -150, size: 0	[19018656]
[ui]: num: 28, size: 11297696	[19018656]
[terrain]: num: 29, size: 7602176	[19018656]
[effect]: num: 0, size: 0	[19018656]
[minimap]: num: 1, size: 524288	[19018656]
Release file:texture/ui/custom/npcbackdrop/1.tga
width: 55	height: 44	format: 21	mem_size:9680
[scene]: num: -73, size: -24576	[19008976]
[character]: num: -33, size: 0	[19008976]
[item]: num: -150, size: 0	[19008976]
[ui]: num: 27, size: 11288016	[19008976]
[terrain]: num: 29, size: 7602176	[19008976]
[effect]: num: 0, size: 0	[19008976]
[minimap]: num: 1, size: 524288	[19008976]
Release file:texture/ui/ui2/target.png
width: 500	height: 350	format: 21	mem_size:700000
[scene]: num: -73, size: -24576	[18308976]
[character]: num: -33, size: 0	[18308976]
[item]: num: -150, size: 0	[18308976]
[ui]: num: 26, size: 10588016	[18308976]
[terrain]: num: 29, size: 7602176	[18308976]
[effect]: num: 0, size: 0	[18308976]
[minimap]: num: 1, size: 524288	[18308976]
Release file:texture/ui/ui2/frmfast.png
width: 475	height: 110	format: 21	mem_size:209000
[scene]: num: -73, size: -24576	[18099976]
[character]: num: -33, size: 0	[18099976]
[item]: num: -150, size: 0	[18099976]
[ui]: num: 25, size: 10379016	[18099976]
[terrain]: num: 29, size: 7602176	[18099976]
[effect]: num: 0, size: 0	[18099976]
[minimap]: num: 1, size: 524288	[18099976]
Release file:texture/icon/s0081.png 
width: 32	height: 32	format: 21	mem_size:4096
[scene]: num: -73, size: -24576	[18095880]
[character]: num: -33, size: 0	[18095880]
[item]: num: -150, size: 0	[18095880]
[ui]: num: 25, size: 10379016	[18095880]
[terrain]: num: 29, size: 7602176	[18095880]
[effect]: num: 0, size: 0	[18095880]
[minimap]: num: 1, size: 524288	[18095880]
Release file:texture/icon/s0086.png 
width: 32	height: 32	format: 21	mem_size:4096
[scene]: num: -73, size: -24576	[18091784]
[character]: num: -33, size: 0	[18091784]
[item]: num: -150, size: 0	[18091784]
[ui]: num: 25, size: 10379016	[18091784]
[terrain]: num: 29, size: 7602176	[18091784]
[effect]: num: 0, size: 0	[18091784]
[minimap]: num: 1, size: 524288	[18091784]
Release file:texture/icon/s0123.png 
width: 32	height: 32	format: 21	mem_size:4096
[scene]: num: -73, size: -24576	[18087688]
[character]: num: -33, size: 0	[18087688]
[item]: num: -150, size: 0	[18087688]
[ui]: num: 25, size: 10379016	[18087688]
[terrain]: num: 29, size: 7602176	[18087688]
[effect]: num: 0, size: 0	[18087688]
[minimap]: num: 1, size: 524288	[18087688]
Release file:texture/icon/s0234.png 
width: 32	height: 32	format: 21	mem_size:4096
[scene]: num: -73, size: -24576	[18083592]
[character]: num: -33, size: 0	[18083592]
[item]: num: -150, size: 0	[18083592]
[ui]: num: 25, size: 10379016	[18083592]
[terrain]: num: 29, size: 7602176	[18083592]
[effect]: num: 0, size: 0	[18083592]
[minimap]: num: 1, size: 524288	[18083592]
Release file:texture/icon/s0084.png 
width: 32	height: 32	format: 21	mem_size:4096
[scene]: num: -73, size: -24576	[18079496]
[character]: num: -33, size: 0	[18079496]
[item]: num: -150, size: 0	[18079496]
[ui]: num: 25, size: 10379016	[18079496]
[terrain]: num: 29, size: 7602176	[18079496]
[effect]: num: 0, size: 0	[18079496]
[minimap]: num: 1, size: 524288	[18079496]
Release file:texture/icon/s0453.png 
width: 32	height: 32	format: 21	mem_size:4096
[scene]: num: -73, size: -24576	[18075400]
[character]: num: -33, size: 0	[18075400]
[item]: num: -150, size: 0	[18075400]
[ui]: num: 25, size: 10379016	[18075400]
[terrain]: num: 29, size: 7602176	[18075400]
[effect]: num: 0, size: 0	[18075400]
[minimap]: num: 1, size: 524288	[18075400]
Release file:texture/icon/n0347.png
width: 32	height: 32	format: 21	mem_size:4096
[scene]: num: -73, size: -24576	[18071304]
[character]: num: -33, size: 0	[18071304]
[item]: num: -150, size: 0	[18071304]
[ui]: num: 25, size: 10379016	[18071304]
[terrain]: num: 29, size: 7602176	[18071304]
[effect]: num: 0, size: 0	[18071304]
[minimap]: num: 1, size: 524288	[18071304]
Release file:texture/icon/s0231.png
width: 32	height: 32	format: 21	mem_size:4096
[scene]: num: -73, size: -24576	[18067208]
[character]: num: -33, size: 0	[18067208]
[item]: num: -150, size: 0	[18067208]
[ui]: num: 25, size: 10379016	[18067208]
[terrain]: num: 29, size: 7602176	[18067208]
[effect]: num: 0, size: 0	[18067208]
[minimap]: num: 1, size: 524288	[18067208]
Release file:texture/ui/ui2/minimap.png
width: 512	height: 256	format: 21	mem_size:524288
[scene]: num: -73, size: -24576	[17542920]
[character]: num: -33, size: 0	[17542920]
[item]: num: -150, size: 0	[17542920]
[ui]: num: 24, size: 9854728	[17542920]
[terrain]: num: 29, size: 7602176	[17542920]
[effect]: num: 0, size: 0	[17542920]
[minimap]: num: 0, size: 0	[17542920]
Release file:texture/ui/custom/discordicon.png
width: 40	height: 120	format: 21	mem_size:19200
[scene]: num: -73, size: -24576	[17523720]
[character]: num: -33, size: 0	[17523720]
[item]: num: -150, size: 0	[17523720]
[ui]: num: 23, size: 9835528	[17523720]
[terrain]: num: 29, size: 7602176	[17523720]
[effect]: num: 0, size: 0	[17523720]
[minimap]: num: 0, size: 0	[17523720]
Release file:texture/icon/n2527.png
width: 32	height: 32	format: 21	mem_size:4096
[scene]: num: -73, size: -24576	[17519624]
[character]: num: -33, size: 0	[17519624]
[item]: num: -150, size: 0	[17519624]
[ui]: num: 23, size: 9835528	[17519624]
[terrain]: num: 29, size: 7602176	[17519624]
[effect]: num: 0, size: 0	[17519624]
[minimap]: num: 0, size: 0	[17519624]
Release file:texture/ui/custom/colourpreview.png
width: 50	height: 21	format: 21	mem_size:4200
[scene]: num: -73, size: -24576	[17515424]
[character]: num: -33, size: 0	[17515424]
[item]: num: -150, size: 0	[17515424]
[ui]: num: 22, size: 9831328	[17515424]
[terrain]: num: 29, size: 7602176	[17515424]
[effect]: num: 0, size: 0	[17515424]
[minimap]: num: 0, size: 0	[17515424]
Release file:texture/icon/1dayvip.png
width: 32	height: 32	format: 21	mem_size:4096
[scene]: num: -73, size: -24576	[17511328]
[character]: num: -33, size: 0	[17511328]
[item]: num: -150, size: 0	[17511328]
[ui]: num: 22, size: 9831328	[17511328]
[terrain]: num: 29, size: 7602176	[17511328]
[effect]: num: 0, size: 0	[17511328]
[minimap]: num: 0, size: 0	[17511328]
Release file:texture/terrain/water/ocean_h.01.bmp
width: 256	height: 256	format: 21	mem_size:262144
[scene]: num: -73, size: -24576	[17249184]
[character]: num: -33, size: 0	[17249184]
[item]: num: -150, size: 0	[17249184]
[ui]: num: 22, size: 9831328	[17249184]
[terrain]: num: 28, size: 7340032	[17249184]
[effect]: num: 0, size: 0	[17249184]
[minimap]: num: 0, size: 0	[17249184]
Release file:texture/terrain/water/ocean_h.02.bmp
width: 256	height: 256	format: 21	mem_size:262144
[scene]: num: -73, size: -24576	[16987040]
[character]: num: -33, size: 0	[16987040]
[item]: num: -150, size: 0	[16987040]
[ui]: num: 22, size: 9831328	[16987040]
[terrain]: num: 27, size: 7077888	[16987040]
[effect]: num: 0, size: 0	[16987040]
[minimap]: num: 0, size: 0	[16987040]
Release file:texture/ui/ui2/inventar.png
width: 660	height: 690	format: 21	mem_size:1821600
[scene]: num: -73, size: -24576	[15165440]
[character]: num: -33, size: 0	[15165440]
[item]: num: -150, size: 0	[15165440]
[ui]: num: 21, size: 8009728	[15165440]
[terrain]: num: 27, size: 7077888	[15165440]
[effect]: num: 0, size: 0	[15165440]
[minimap]: num: 0, size: 0	[15165440]
Release file:texture/ui/ui2/eqform2/cmdnecklace.png
width: 38	height: 38	format: 21	mem_size:5776
[scene]: num: -73, size: -24576	[15159664]
[character]: num: -33, size: 0	[15159664]
[item]: num: -150, size: 0	[15159664]
[ui]: num: 20, size: 8003952	[15159664]
[terrain]: num: 27, size: 7077888	[15159664]
[effect]: num: 0, size: 0	[15159664]
[minimap]: num: 0, size: 0	[15159664]
Release file:texture/icon/700neck.png
width: 32	height: 32	format: 21	mem_size:4096
[scene]: num: -73, size: -24576	[15155568]
[character]: num: -33, size: 0	[15155568]
[item]: num: -150, size: 0	[15155568]
[ui]: num: 20, size: 8003952	[15155568]
[terrain]: num: 27, size: 7077888	[15155568]
[effect]: num: 0, size: 0	[15155568]
[minimap]: num: 0, size: 0	[15155568]
Release file:texture/ui/ui2/eqform2/cmdpet.png
width: 38	height: 38	format: 21	mem_size:5776
[scene]: num: -73, size: -24576	[15149792]
[character]: num: -33, size: 0	[15149792]
[item]: num: -150, size: 0	[15149792]
[ui]: num: 19, size: 7998176	[15149792]
[terrain]: num: 27, size: 7077888	[15149792]
[effect]: num: 0, size: 0	[15149792]
[minimap]: num: 0, size: 0	[15149792]
Release file:texture/icon/n1664.png
width: 32	height: 32	format: 21	mem_size:4096
[scene]: num: -73, size: -24576	[15145696]
[character]: num: -33, size: 0	[15145696]
[item]: num: -150, size: 0	[15145696]
[ui]: num: 19, size: 7998176	[15145696]
[terrain]: num: 27, size: 7077888	[15145696]
[effect]: num: 0, size: 0	[15145696]
[minimap]: num: 0, size: 0	[15145696]
Release file:texture/ui/ui2/eqform2/cmdwing.png
width: 38	height: 38	format: 21	mem_size:5776
[scene]: num: -73, size: -24576	[15139920]
[character]: num: -33, size: 0	[15139920]
[item]: num: -150, size: 0	[15139920]
[ui]: num: 18, size: 7992400	[15139920]
[terrain]: num: 27, size: 7077888	[15139920]
[effect]: num: 0, size: 0	[15139920]
[minimap]: num: 0, size: 0	[15139920]
Release file:texture/icon/wing_app.png
width: 32	height: 32	format: 21	mem_size:4096
[scene]: num: -73, size: -24576	[15135824]
[character]: num: -33, size: 0	[15135824]
[item]: num: -150, size: 0	[15135824]
[ui]: num: 18, size: 7992400	[15135824]
[terrain]: num: 27, size: 7077888	[15135824]
[effect]: num: 0, size: 0	[15135824]
[minimap]: num: 0, size: 0	[15135824]
Release file:texture/ui/ui2/eqform2/cmdcirclet1.png
width: 38	height: 38	format: 21	mem_size:5776
[scene]: num: -73, size: -24576	[15130048]
[character]: num: -33, size: 0	[15130048]
[item]: num: -150, size: 0	[15130048]
[ui]: num: 17, size: 7986624	[15130048]
[terrain]: num: 27, size: 7077888	[15130048]
[effect]: num: 0, size: 0	[15130048]
[minimap]: num: 0, size: 0	[15130048]
Release file:texture/icon/700ring.png
width: 32	height: 32	format: 21	mem_size:4096
[scene]: num: -73, size: -24576	[15125952]
[character]: num: -33, size: 0	[15125952]
[item]: num: -150, size: 0	[15125952]
[ui]: num: 17, size: 7986624	[15125952]
[terrain]: num: 27, size: 7077888	[15125952]
[effect]: num: 0, size: 0	[15125952]
[minimap]: num: 0, size: 0	[15125952]
Release file:texture/ui/ui2/eqform2/cmdrighthand.png
width: 38	height: 38	format: 21	mem_size:5776
[scene]: num: -73, size: -24576	[15120176]
[character]: num: -33, size: 0	[15120176]
[item]: num: -150, size: 0	[15120176]
[ui]: num: 16, size: 7980848	[15120176]
[terrain]: num: 27, size: 7077888	[15120176]
[effect]: num: 0, size: 0	[15120176]
[minimap]: num: 0, size: 0	[15120176]
Release file:texture/icon/700krmch.png
width: 32	height: 32	format: 21	mem_size:4096
[scene]: num: -73, size: -24576	[15116080]
[character]: num: -33, size: 0	[15116080]
[item]: num: -150, size: 0	[15116080]
[ui]: num: 16, size: 7980848	[15116080]
[terrain]: num: 27, size: 7077888	[15116080]
[effect]: num: 0, size: 0	[15116080]
[minimap]: num: 0, size: 0	[15116080]
Release file:texture/ui/ui2/eqform2/cmdcirclet2.png
width: 38	height: 38	format: 21	mem_size:5776
[scene]: num: -73, size: -24576	[15110304]
[character]: num: -33, size: 0	[15110304]
[item]: num: -150, size: 0	[15110304]
[ui]: num: 15, size: 7975072	[15110304]
[terrain]: num: 27, size: 7077888	[15110304]
[effect]: num: 0, size: 0	[15110304]
[minimap]: num: 0, size: 0	[15110304]
Release file:texture/ui/ui2/eqform2/cmdarmet.png
width: 38	height: 38	format: 21	mem_size:5776
[scene]: num: -73, size: -24576	[15104528]
[character]: num: -33, size: 0	[15104528]
[item]: num: -150, size: 0	[15104528]
[ui]: num: 14, size: 7969296	[15104528]
[terrain]: num: 27, size: 7077888	[15104528]
[effect]: num: 0, size: 0	[15104528]
[minimap]: num: 0, size: 0	[15104528]
Release file:texture/icon/700cap.png
width: 32	height: 32	format: 21	mem_size:4096
[scene]: num: -73, size: -24576	[15100432]
[character]: num: -33, size: 0	[15100432]
[item]: num: -150, size: 0	[15100432]
[ui]: num: 14, size: 7969296	[15100432]
[terrain]: num: 27, size: 7077888	[15100432]
[effect]: num: 0, size: 0	[15100432]
[minimap]: num: 0, size: 0	[15100432]
Release file:texture/ui/ui2/eqform2/cmdmount.png
width: 38	height: 38	format: 21	mem_size:5776
[scene]: num: -73, size: -24576	[15094656]
[character]: num: -33, size: 0	[15094656]
[item]: num: -150, size: 0	[15094656]
[ui]: num: 13, size: 7963520	[15094656]
[terrain]: num: 27, size: 7077888	[15094656]
[effect]: num: 0, size: 0	[15094656]
[minimap]: num: 0, size: 0	[15094656]
Release file:texture/ui/ui2/eqform2/cmdjewelry1.png
width: 38	height: 38	format: 21	mem_size:5776
[scene]: num: -73, size: -24576	[15088880]
[character]: num: -33, size: 0	[15088880]
[item]: num: -150, size: 0	[15088880]
[ui]: num: 12, size: 7957744	[15088880]
[terrain]: num: 27, size: 7077888	[15088880]
[effect]: num: 0, size: 0	[15088880]
[minimap]: num: 0, size: 0	[15088880]
Release file:texture/icon/700bras.png
width: 32	height: 32	format: 21	mem_size:4096
[scene]: num: -73, size: -24576	[15084784]
[character]: num: -33, size: 0	[15084784]
[item]: num: -150, size: 0	[15084784]
[ui]: num: 12, size: 7957744	[15084784]
[terrain]: num: 27, size: 7077888	[15084784]
[effect]: num: 0, size: 0	[15084784]
[minimap]: num: 0, size: 0	[15084784]
Release file:texture/ui/ui2/eqform2/cmdbody.png
width: 38	height: 38	format: 21	mem_size:5776
[scene]: num: -73, size: -24576	[15079008]
[character]: num: -33, size: 0	[15079008]
[item]: num: -150, size: 0	[15079008]
[ui]: num: 11, size: 7951968	[15079008]
[terrain]: num: 27, size: 7077888	[15079008]
[effect]: num: 0, size: 0	[15079008]
[minimap]: num: 0, size: 0	[15079008]
Release file:texture/icon/700telo.png
width: 32	height: 32	format: 21	mem_size:4096
[scene]: num: -73, size: -24576	[15074912]
[character]: num: -33, size: 0	[15074912]
[item]: num: -150, size: 0	[15074912]
[ui]: num: 11, size: 7951968	[15074912]
[terrain]: num: 27, size: 7077888	[15074912]
[effect]: num: 0, size: 0	[15074912]
[minimap]: num: 0, size: 0	[15074912]
Release file:texture/ui/ui2/eqform2/cmdcloak.png
width: 38	height: 38	format: 21	mem_size:5776
[scene]: num: -73, size: -24576	[15069136]
[character]: num: -33, size: 0	[15069136]
[item]: num: -150, size: 0	[15069136]
[ui]: num: 10, size: 7946192	[15069136]
[terrain]: num: 27, size: 7077888	[15069136]
[effect]: num: 0, size: 0	[15069136]
[minimap]: num: 0, size: 0	[15069136]
Release file:texture/icon/n2570.png
width: 32	height: 32	format: 21	mem_size:4096
[scene]: num: -73, size: -24576	[15065040]
[character]: num: -33, size: 0	[15065040]
[item]: num: -150, size: 0	[15065040]
[ui]: num: 10, size: 7946192	[15065040]
[terrain]: num: 27, size: 7077888	[15065040]
[effect]: num: 0, size: 0	[15065040]
[minimap]: num: 0, size: 0	[15065040]
Release file:texture/ui/ui2/eqform2/cmdjewelry2.png
width: 38	height: 38	format: 21	mem_size:5776
[scene]: num: -73, size: -24576	[15059264]
[character]: num: -33, size: 0	[15059264]
[item]: num: -150, size: 0	[15059264]
[ui]: num: 9, size: 7940416	[15059264]
[terrain]: num: 27, size: 7077888	[15059264]
[effect]: num: 0, size: 0	[15059264]
[minimap]: num: 0, size: 0	[15059264]
Release file:texture/ui/ui2/eqform2/cmdglove.png
width: 38	height: 38	format: 21	mem_size:5776
[scene]: num: -73, size: -24576	[15053488]
[character]: num: -33, size: 0	[15053488]
[item]: num: -150, size: 0	[15053488]
[ui]: num: 8, size: 7934640	[15053488]
[terrain]: num: 27, size: 7077888	[15053488]
[effect]: num: 0, size: 0	[15053488]
[minimap]: num: 0, size: 0	[15053488]
Release file:texture/icon/700ryka.png
width: 32	height: 32	format: 21	mem_size:4096
[scene]: num: -73, size: -24576	[15049392]
[character]: num: -33, size: 0	[15049392]
[item]: num: -150, size: 0	[15049392]
[ui]: num: 8, size: 7934640	[15049392]
[terrain]: num: 27, size: 7077888	[15049392]
[effect]: num: 0, size: 0	[15049392]
[minimap]: num: 0, size: 0	[15049392]
Release file:texture/ui/ui2/eqform2/cmdjewelry3.png
width: 38	height: 38	format: 21	mem_size:5776
[scene]: num: -73, size: -24576	[15043616]
[character]: num: -33, size: 0	[15043616]
[item]: num: -150, size: 0	[15043616]
[ui]: num: 7, size: 7928864	[15043616]
[terrain]: num: 27, size: 7077888	[15043616]
[effect]: num: 0, size: 0	[15043616]
[minimap]: num: 0, size: 0	[15043616]
Release file:texture/icon/700pojas.png
width: 32	height: 32	format: 21	mem_size:4096
[scene]: num: -73, size: -24576	[15039520]
[character]: num: -33, size: 0	[15039520]
[item]: num: -150, size: 0	[15039520]
[ui]: num: 7, size: 7928864	[15039520]
[terrain]: num: 27, size: 7077888	[15039520]
[effect]: num: 0, size: 0	[15039520]
[minimap]: num: 0, size: 0	[15039520]
Release file:texture/ui/ui2/eqform2/cmdshoes.png
width: 38	height: 38	format: 21	mem_size:5776
[scene]: num: -73, size: -24576	[15033744]
[character]: num: -33, size: 0	[15033744]
[item]: num: -150, size: 0	[15033744]
[ui]: num: 6, size: 7923088	[15033744]
[terrain]: num: 27, size: 7077888	[15033744]
[effect]: num: 0, size: 0	[15033744]
[minimap]: num: 0, size: 0	[15033744]
Release file:texture/icon/700noga.png
width: 32	height: 32	format: 21	mem_size:4096
[scene]: num: -73, size: -24576	[15029648]
[character]: num: -33, size: 0	[15029648]
[item]: num: -150, size: 0	[15029648]
[ui]: num: 6, size: 7923088	[15029648]
[terrain]: num: 27, size: 7077888	[15029648]
[effect]: num: 0, size: 0	[15029648]
[minimap]: num: 0, size: 0	[15029648]
Release file:texture/ui/ui2/eqform2/cmdjewelry4.png
width: 38	height: 38	format: 21	mem_size:5776
[scene]: num: -73, size: -24576	[15023872]
[character]: num: -33, size: 0	[15023872]
[item]: num: -150, size: 0	[15023872]
[ui]: num: 5, size: 7917312	[15023872]
[terrain]: num: 27, size: 7077888	[15023872]
[effect]: num: 0, size: 0	[15023872]
[minimap]: num: 0, size: 0	[15023872]
Release file:texture/icon/700nar.png
width: 32	height: 32	format: 21	mem_size:4096
[scene]: num: -73, size: -24576	[15019776]
[character]: num: -33, size: 0	[15019776]
[item]: num: -150, size: 0	[15019776]
[ui]: num: 5, size: 7917312	[15019776]
[terrain]: num: 27, size: 7077888	[15019776]
[effect]: num: 0, size: 0	[15019776]
[minimap]: num: 0, size: 0	[15019776]
Release file:texture/ui/ui2/eqform2/cmdlefthand.png
width: 38	height: 38	format: 21	mem_size:5776
[scene]: num: -73, size: -24576	[15014000]
[character]: num: -33, size: 0	[15014000]
[item]: num: -150, size: 0	[15014000]
[ui]: num: 4, size: 7911536	[15014000]
[terrain]: num: 27, size: 7077888	[15014000]
[effect]: num: 0, size: 0	[15014000]
[minimap]: num: 0, size: 0	[15014000]
Release file:texture/ui/ui2/eqform2/cmdrearpet.png
width: 38	height: 38	format: 21	mem_size:5776
[scene]: num: -73, size: -24576	[15008224]
[character]: num: -33, size: 0	[15008224]
[item]: num: -150, size: 0	[15008224]
[ui]: num: 3, size: 7905760	[15008224]
[terrain]: num: 27, size: 7077888	[15008224]
[effect]: num: 0, size: 0	[15008224]
[minimap]: num: 0, size: 0	[15008224]
Release file:texture/icon/n2322.png
width: 32	height: 32	format: 21	mem_size:4096
[scene]: num: -73, size: -24576	[15004128]
[character]: num: -33, size: 0	[15004128]
[item]: num: -150, size: 0	[15004128]
[ui]: num: 3, size: 7905760	[15004128]
[terrain]: num: 27, size: 7077888	[15004128]
[effect]: num: 0, size: 0	[15004128]
[minimap]: num: 0, size: 0	[15004128]
Release file:texture/icon/n1480.png
width: 32	height: 32	format: 21	mem_size:4096
[scene]: num: -73, size: -24576	[15000032]
[character]: num: -33, size: 0	[15000032]
[item]: num: -150, size: 0	[15000032]
[ui]: num: 3, size: 7905760	[15000032]
[terrain]: num: 27, size: 7077888	[15000032]
[effect]: num: 0, size: 0	[15000032]
[minimap]: num: 0, size: 0	[15000032]
Release file:texture/icon/bladra.png
width: 32	height: 32	format: 21	mem_size:4096
[scene]: num: -73, size: -24576	[14995936]
[character]: num: -33, size: 0	[14995936]
[item]: num: -150, size: 0	[14995936]
[ui]: num: 3, size: 7905760	[14995936]
[terrain]: num: 27, size: 7077888	[14995936]
[effect]: num: 0, size: 0	[14995936]
[minimap]: num: 0, size: 0	[14995936]
Release file:texture/icon/n1723.png
width: 32	height: 32	format: 21	mem_size:4096
[scene]: num: -73, size: -24576	[14991840]
[character]: num: -33, size: 0	[14991840]
[item]: num: -150, size: 0	[14991840]
[ui]: num: 3, size: 7905760	[14991840]
[terrain]: num: 27, size: 7077888	[14991840]
[effect]: num: 0, size: 0	[14991840]
[minimap]: num: 0, size: 0	[14991840]
Release file:texture/icon/t0060.png
width: 32	height: 32	format: 21	mem_size:4096
[scene]: num: -73, size: -24576	[14987744]
[character]: num: -33, size: 0	[14987744]
[item]: num: -150, size: 0	[14987744]
[ui]: num: 3, size: 7905760	[14987744]
[terrain]: num: 27, size: 7077888	[14987744]
[effect]: num: 0, size: 0	[14987744]
[minimap]: num: 0, size: 0	[14987744]
Release file:texture/icon/w0408.png
width: 32	height: 32	format: 21	mem_size:4096
[scene]: num: -73, size: -24576	[14983648]
[character]: num: -33, size: 0	[14983648]
[item]: num: -150, size: 0	[14983648]
[ui]: num: 3, size: 7905760	[14983648]
[terrain]: num: 27, size: 7077888	[14983648]
[effect]: num: 0, size: 0	[14983648]
[minimap]: num: 0, size: 0	[14983648]
Release file:texture/terrain/water/ocean_h.03.bmp
width: 256	height: 256	format: 21	mem_size:262144
[scene]: num: -73, size: -24576	[14721504]
[character]: num: -33, size: 0	[14721504]
[item]: num: -150, size: 0	[14721504]
[ui]: num: 3, size: 7905760	[14721504]
[terrain]: num: 26, size: 6815744	[14721504]
[effect]: num: 0, size: 0	[14721504]
[minimap]: num: 0, size: 0	[14721504]
Release file:texture/terrain/water/ocean_h.04.bmp
width: 256	height: 256	format: 21	mem_size:262144
[scene]: num: -73, size: -24576	[14459360]
[character]: num: -33, size: 0	[14459360]
[item]: num: -150, size: 0	[14459360]
[ui]: num: 3, size: 7905760	[14459360]
[terrain]: num: 25, size: 6553600	[14459360]
[effect]: num: 0, size: 0	[14459360]
[minimap]: num: 0, size: 0	[14459360]
Release file:texture/terrain/water/ocean_h.06.bmp
width: 256	height: 256	format: 21	mem_size:262144
[scene]: num: -73, size: -24576	[14197216]
[character]: num: -33, size: 0	[14197216]
[item]: num: -150, size: 0	[14197216]
[ui]: num: 3, size: 7905760	[14197216]
[terrain]: num: 24, size: 6291456	[14197216]
[effect]: num: 0, size: 0	[14197216]
[minimap]: num: 0, size: 0	[14197216]
Release file:texture/terrain/water/ocean_h.07.bmp
width: 256	height: 256	format: 21	mem_size:262144
[scene]: num: -73, size: -24576	[13935072]
[character]: num: -33, size: 0	[13935072]
[item]: num: -150, size: 0	[13935072]
[ui]: num: 3, size: 7905760	[13935072]
[terrain]: num: 23, size: 6029312	[13935072]
[effect]: num: 0, size: 0	[13935072]
[minimap]: num: 0, size: 0	[13935072]
Release file:texture/terrain/water/ocean_h.08.bmp
width: 256	height: 256	format: 21	mem_size:262144
[scene]: num: -73, size: -24576	[13672928]
[character]: num: -33, size: 0	[13672928]
[item]: num: -150, size: 0	[13672928]
[ui]: num: 3, size: 7905760	[13672928]
[terrain]: num: 22, size: 5767168	[13672928]
[effect]: num: 0, size: 0	[13672928]
[minimap]: num: 0, size: 0	[13672928]
Release file:texture/terrain/water/ocean_h.09.bmp
width: 256	height: 256	format: 21	mem_size:262144
[scene]: num: -73, size: -24576	[13410784]
[character]: num: -33, size: 0	[13410784]
[item]: num: -150, size: 0	[13410784]
[ui]: num: 3, size: 7905760	[13410784]
[terrain]: num: 21, size: 5505024	[13410784]
[effect]: num: 0, size: 0	[13410784]
[minimap]: num: 0, size: 0	[13410784]
Release file:texture/terrain/water/ocean_h.10.bmp
width: 256	height: 256	format: 21	mem_size:262144
[scene]: num: -73, size: -24576	[13148640]
[character]: num: -33, size: 0	[13148640]
[item]: num: -150, size: 0	[13148640]
[ui]: num: 3, size: 7905760	[13148640]
[terrain]: num: 20, size: 5242880	[13148640]
[effect]: num: 0, size: 0	[13148640]
[minimap]: num: 0, size: 0	[13148640]
Release file:texture/terrain/water/ocean_h.11.bmp
width: 256	height: 256	format: 21	mem_size:262144
[scene]: num: -73, size: -24576	[12886496]
[character]: num: -33, size: 0	[12886496]
[item]: num: -150, size: 0	[12886496]
[ui]: num: 3, size: 7905760	[12886496]
[terrain]: num: 19, size: 4980736	[12886496]
[effect]: num: 0, size: 0	[12886496]
[minimap]: num: 0, size: 0	[12886496]
Release file:texture/terrain/water/ocean_h.12.bmp
width: 256	height: 256	format: 21	mem_size:262144
[scene]: num: -73, size: -24576	[12624352]
[character]: num: -33, size: 0	[12624352]
[item]: num: -150, size: 0	[12624352]
[ui]: num: 3, size: 7905760	[12624352]
[terrain]: num: 18, size: 4718592	[12624352]
[effect]: num: 0, size: 0	[12624352]
[minimap]: num: 0, size: 0	[12624352]
Release file:texture/terrain/water/ocean_h.13.bmp
width: 256	height: 256	format: 21	mem_size:262144
[scene]: num: -73, size: -24576	[12362208]
[character]: num: -33, size: 0	[12362208]
[item]: num: -150, size: 0	[12362208]
[ui]: num: 3, size: 7905760	[12362208]
[terrain]: num: 17, size: 4456448	[12362208]
[effect]: num: 0, size: 0	[12362208]
[minimap]: num: 0, size: 0	[12362208]
Release file:texture/terrain/water/ocean_h.14.bmp
width: 256	height: 256	format: 21	mem_size:262144
[scene]: num: -73, size: -24576	[12100064]
[character]: num: -33, size: 0	[12100064]
[item]: num: -150, size: 0	[12100064]
[ui]: num: 3, size: 7905760	[12100064]
[terrain]: num: 16, size: 4194304	[12100064]
[effect]: num: 0, size: 0	[12100064]
[minimap]: num: 0, size: 0	[12100064]
Release file:texture/terrain/water/ocean_h.17.bmp
width: 256	height: 256	format: 21	mem_size:262144
[scene]: num: -73, size: -24576	[11837920]
[character]: num: -33, size: 0	[11837920]
[item]: num: -150, size: 0	[11837920]
[ui]: num: 3, size: 7905760	[11837920]
[terrain]: num: 15, size: 3932160	[11837920]
[effect]: num: 0, size: 0	[11837920]
[minimap]: num: 0, size: 0	[11837920]
Release file:texture/terrain/water/ocean_h.18.bmp
width: 256	height: 256	format: 21	mem_size:262144
[scene]: num: -73, size: -24576	[11575776]
[character]: num: -33, size: 0	[11575776]
[item]: num: -150, size: 0	[11575776]
[ui]: num: 3, size: 7905760	[11575776]
[terrain]: num: 14, size: 3670016	[11575776]
[effect]: num: 0, size: 0	[11575776]
[minimap]: num: 0, size: 0	[11575776]
Release file:texture/terrain/water/ocean_h.19.bmp
width: 256	height: 256	format: 21	mem_size:262144
[scene]: num: -73, size: -24576	[11313632]
[character]: num: -33, size: 0	[11313632]
[item]: num: -150, size: 0	[11313632]
[ui]: num: 3, size: 7905760	[11313632]
[terrain]: num: 13, size: 3407872	[11313632]
[effect]: num: 0, size: 0	[11313632]
[minimap]: num: 0, size: 0	[11313632]
Release file:texture/terrain/water/ocean_h.20.bmp
width: 256	height: 256	format: 21	mem_size:262144
[scene]: num: -73, size: -24576	[11051488]
[character]: num: -33, size: 0	[11051488]
[item]: num: -150, size: 0	[11051488]
[ui]: num: 3, size: 7905760	[11051488]
[terrain]: num: 12, size: 3145728	[11051488]
[effect]: num: 0, size: 0	[11051488]
[minimap]: num: 0, size: 0	[11051488]
Release file:texture/terrain/water/ocean_h.21.bmp
width: 256	height: 256	format: 21	mem_size:262144
[scene]: num: -73, size: -24576	[10789344]
[character]: num: -33, size: 0	[10789344]
[item]: num: -150, size: 0	[10789344]
[ui]: num: 3, size: 7905760	[10789344]
[terrain]: num: 11, size: 2883584	[10789344]
[effect]: num: 0, size: 0	[10789344]
[minimap]: num: 0, size: 0	[10789344]
Release file:texture/terrain/water/ocean_h.22.bmp
width: 256	height: 256	format: 21	mem_size:262144
[scene]: num: -73, size: -24576	[10527200]
[character]: num: -33, size: 0	[10527200]
[item]: num: -150, size: 0	[10527200]
[ui]: num: 3, size: 7905760	[10527200]
[terrain]: num: 10, size: 2621440	[10527200]
[effect]: num: 0, size: 0	[10527200]
[minimap]: num: 0, size: 0	[10527200]
Release file:texture/terrain/water/ocean_h.23.bmp
width: 256	height: 256	format: 21	mem_size:262144
[scene]: num: -73, size: -24576	[10265056]
[character]: num: -33, size: 0	[10265056]
[item]: num: -150, size: 0	[10265056]
[ui]: num: 3, size: 7905760	[10265056]
[terrain]: num: 9, size: 2359296	[10265056]
[effect]: num: 0, size: 0	[10265056]
[minimap]: num: 0, size: 0	[10265056]
Release file:texture/terrain/water/ocean_h.24.bmp
width: 256	height: 256	format: 21	mem_size:262144
[scene]: num: -73, size: -24576	[10002912]
[character]: num: -33, size: 0	[10002912]
[item]: num: -150, size: 0	[10002912]
[ui]: num: 3, size: 7905760	[10002912]
[terrain]: num: 8, size: 2097152	[10002912]
[effect]: num: 0, size: 0	[10002912]
[minimap]: num: 0, size: 0	[10002912]
Release file:texture/terrain/water/ocean_h.25.bmp
width: 256	height: 256	format: 21	mem_size:262144
[scene]: num: -73, size: -24576	[9740768]
[character]: num: -33, size: 0	[9740768]
[item]: num: -150, size: 0	[9740768]
[ui]: num: 3, size: 7905760	[9740768]
[terrain]: num: 7, size: 1835008	[9740768]
[effect]: num: 0, size: 0	[9740768]
[minimap]: num: 0, size: 0	[9740768]
Release file:texture/terrain/water/ocean_h.26.bmp
width: 256	height: 256	format: 21	mem_size:262144
[scene]: num: -73, size: -24576	[9478624]
[character]: num: -33, size: 0	[9478624]
[item]: num: -150, size: 0	[9478624]
[ui]: num: 3, size: 7905760	[9478624]
[terrain]: num: 6, size: 1572864	[9478624]
[effect]: num: 0, size: 0	[9478624]
[minimap]: num: 0, size: 0	[9478624]
Release file:texture/terrain/water/ocean_h.27.bmp
width: 256	height: 256	format: 21	mem_size:262144
[scene]: num: -73, size: -24576	[9216480]
[character]: num: -33, size: 0	[9216480]
[item]: num: -150, size: 0	[9216480]
[ui]: num: 3, size: 7905760	[9216480]
[terrain]: num: 5, size: 1310720	[9216480]
[effect]: num: 0, size: 0	[9216480]
[minimap]: num: 0, size: 0	[9216480]
Release file:texture/terrain/water/ocean_h.28.bmp
width: 256	height: 256	format: 21	mem_size:262144
[scene]: num: -73, size: -24576	[8954336]
[character]: num: -33, size: 0	[8954336]
[item]: num: -150, size: 0	[8954336]
[ui]: num: 3, size: 7905760	[8954336]
[terrain]: num: 4, size: 1048576	[8954336]
[effect]: num: 0, size: 0	[8954336]
[minimap]: num: 0, size: 0	[8954336]
Release file:texture/ui/custom/npcbackdrop/3.tga
width: 55	height: 44	format: 21	mem_size:9680
[scene]: num: -73, size: -24576	[8944656]
[character]: num: -33, size: 0	[8944656]
[item]: num: -150, size: 0	[8944656]
[ui]: num: 2, size: 7896080	[8944656]
[terrain]: num: 4, size: 1048576	[8944656]
[effect]: num: 0, size: 0	[8944656]
[minimap]: num: 0, size: 0	[8944656]
Release file:texture/terrain/water/ocean_h.29.bmp
width: 256	height: 256	format: 21	mem_size:262144
[scene]: num: -73, size: -24576	[8682512]
[character]: num: -33, size: 0	[8682512]
[item]: num: -150, size: 0	[8682512]
[ui]: num: 2, size: 7896080	[8682512]
[terrain]: num: 3, size: 786432	[8682512]
[effect]: num: 0, size: 0	[8682512]
[minimap]: num: 0, size: 0	[8682512]
Release file:texture/ui/custom/npcbackdrop/2.tga
width: 55	height: 44	format: 21	mem_size:9680
[scene]: num: -73, size: -24576	[8672832]
[character]: num: -33, size: 0	[8672832]
[item]: num: -150, size: 0	[8672832]
[ui]: num: 1, size: 7886400	[8672832]
[terrain]: num: 3, size: 786432	[8672832]
[effect]: num: 0, size: 0	[8672832]
[minimap]: num: 0, size: 0	[8672832]
Release file:texture/terrain/water/ocean_h.05.bmp
width: 256	height: 256	format: 21	mem_size:262144
[scene]: num: -73, size: -24576	[8410688]
[character]: num: -33, size: 0	[8410688]
[item]: num: -150, size: 0	[8410688]
[ui]: num: 1, size: 7886400	[8410688]
[terrain]: num: 2, size: 524288	[8410688]
[effect]: num: 0, size: 0	[8410688]
[minimap]: num: 0, size: 0	[8410688]
Release file:texture/terrain/water/ocean_h.15.bmp
width: 256	height: 256	format: 21	mem_size:262144
[scene]: num: -73, size: -24576	[8148544]
[character]: num: -33, size: 0	[8148544]
[item]: num: -150, size: 0	[8148544]
[ui]: num: 1, size: 7886400	[8148544]
[terrain]: num: 1, size: 262144	[8148544]
[effect]: num: 0, size: 0	[8148544]
[minimap]: num: 0, size: 0	[8148544]
Release file:texture/terrain/water/ocean_h.30.bmp
width: 256	height: 256	format: 21	mem_size:262144
[scene]: num: -73, size: -24576	[7886400]
[character]: num: -33, size: 0	[7886400]
[item]: num: -150, size: 0	[7886400]
[ui]: num: 1, size: 7886400	[7886400]
[terrain]: num: 0, size: 0	[7886400]
[effect]: num: 0, size: 0	[7886400]
[minimap]: num: 0, size: 0	[7886400]
Release file:texture/ui/ui2/alert.png
width: 1050	height: 1000	format: 21	mem_size:4200000
[scene]: num: -73, size: -24576	[3686400]
[character]: num: -33, size: 0	[3686400]
[item]: num: -150, size: 0	[3686400]
[ui]: num: 0, size: 3686400	[3686400]
[terrain]: num: 0, size: 0	[3686400]
[effect]: num: 0, size: 0	[3686400]
[minimap]: num: 0, size: 0	[3686400]
Release file:texture/ui/ui2/secret.png
width: 1024	height: 900	format: 21	mem_size:3686400
[scene]: num: -73, size: -24576	[0]
[character]: num: -33, size: 0	[0]
[item]: num: -150, size: 0	[0]
[ui]: num: -1, size: 0	[0]
[terrain]: num: 0, size: 0	[0]
[effect]: num: 0, size: 0	[0]
[minimap]: num: 0, size: 0	[0]
type: scene, num: -73, size: -24576
type: character, num: -33, size: 0
type: item, num: -150, size: 0
type: ui, num: -1, size: 0
type: terrain, num: 0, size: 0
type: effect, num: 0, size: 0
type: minimap, num: 0, size: 0
Total num: -290, Total size: 0
