# Vertex Positions (1242)
v 0.018 0.033 2.94
v 0.013 0.049 2.957
v 0.071 0.004 2.934
v 0.061 0.017 2.966
v 0.125 -0.005 3.036
v 0.212 -0.056 2.965
v 0.175 -0.047 2.956
v 0.215 -0.057 3.006
v 0.169 -0.033 3.073
v 0.114 0 3.002
v 0.148 -0.035 2.931
v 0.092 0.004 2.979
v 0.114 -0.027 2.935
v 0.235 -0.055 3.04
v 0.221 -0.046 3.106
v 0.007 -0.088 2.917
v 0.005 -0.064 2.903
v 0.018 -0.071 2.896
v 0.011 -0.082 2.892
v 0.018 -0.071 2.896
v 0.013 -0.099 2.899
v 0.011 -0.076 2.886
v 0.025 -0.082 2.879
v 0.018 -0.093 2.874
v 0.025 -0.082 2.879
v 0.001 -0.071 2.933
v -0.001 -0.048 2.92
v 0.012 -0.054 2.912
v 0.004 -0.065 2.908
v 0.012 -0.054 2.912
v 0.002 -0.007 2.966
v -0.002 0.011 2.948
v 0.012 0.003 2.94
v 0.005 -0.01 2.939
v 0.012 0.003 2.94
v -0.006 0.014 2.978
v -0.01 0.035 2.962
v 0.004 0.029 2.952
v -0.003 0.015 2.95
v 0.004 0.029 2.952
v -0.011 0.03 2.99
v -0.016 0.052 2.976
v -0.003 0.047 2.967
v -0.01 0.034 2.965
v -0.003 0.047 2.967
v 0.026 -0.073 2.887
v 0.008 -0.08 2.905
v 0.018 -0.059 2.905
v 0.003 -0.065 2.917
v 0.021 -0.049 2.88
v 0.027 -0.065 2.872
v 0.038 -0.096 2.857
v 0.024 -0.106 2.867
v 0.033 -0.081 2.868
v 0.016 -0.095 2.883
v 0.044 -0.115 2.849
v 0.058 -0.14 2.85
v 0.032 -0.121 2.86
v 0.051 -0.144 2.857
v 0.036 -0.12 2.833
v 0.053 -0.146 2.841
v -0.006 0.1 2.934
v 0.014 0.099 2.939
v -0.01 0.099 2.962
v 0.007 0.096 2.971
v -0.008 0.092 2.978
v -0.027 0.096 2.959
v -0.028 0.095 2.972
v 0.027 0.086 2.983
v 0.028 0.07 2.979
v 0.008 0.079 2.985
v 0.006 0.06 2.983
v -0.024 0.097 2.932
v 0.001 0.09 2.915
v -0.021 0.092 2.909
v -0.01 0.035 2.967
v -0.015 0.046 2.983
v 0.018 0.046 2.964
v 0.032 0.062 2.905
v 0.021 0.087 2.924
v 0.014 0.071 2.887
v 0.03 0.055 2.957
v 0.042 0.037 2.934
v 0.029 0.02 2.946
v -0.012 0.071 2.878
v -0 0.005 2.949
v 0.083 0.038 2.882
v 0.074 0.012 2.862
v 0.082 0.021 2.894
v 0.031 -0.02 2.933
v 0.052 -0.014 2.921
v 0.003 -0.031 2.935
v 0.056 0.029 2.918
v 0.056 0.05 2.909
v 0.018 -0.059 2.905
v 0.003 -0.065 2.917
v 0.03 -0.042 2.922
v 0.003 -0.05 2.926
v 0.003 -0.065 2.917
v 0.028 0.002 2.848
v 0.036 0.009 2.854
v 0.025 0.03 2.854
v 0.033 0.028 2.867
v 0.028 -0.03 2.861
v 0.008 -0.035 2.857
v 0.005 -0.003 2.846
v -0 0.031 2.846
v -0.006 0.05 2.863
v 0.022 0.048 2.872
v 0.036 0.037 2.893
v 0.04 0.032 2.909
v 0.04 0.032 2.909
v 0.036 0.037 2.893
v 0.04 0.032 2.909
v 0.059 0.002 2.921
v 0.052 -0.014 2.921
v 0.045 0.01 2.92
v 0.057 -0.026 2.903
v 0.052 -0.014 2.921
v 0.075 -0.002 2.898
v 0.052 -0.014 2.921
v 0.04 0.032 2.909
v 0.036 0.045 2.855
v 0.057 0.064 2.854
v 0.033 0.028 2.867
v 0.056 0.061 2.884
v 0.033 0.028 2.867
v 0.008 -0.035 2.857
v 0.009 -0.045 2.862
v 0.028 -0.03 2.861
v 0.031 -0.044 2.882
v 0.028 -0.03 2.861
v 0.018 -0.059 2.905
v 0.033 0.028 2.867
v 0.077 0.05 2.859
v 0.051 -0.033 2.875
v 0.067 -0.009 2.866
v 0.053 -0.023 2.866
v 0.076 0.026 2.837
v 0.061 0.04 2.837
v 0.042 0.03 2.836
v 0.065 0.015 2.849
v 0.066 0.032 2.858
v 0.059 0.054 2.835
v 0.076 0.049 2.825
v 0.041 0.057 2.827
v 0.072 0.012 2.829
v 0.046 0.016 2.847
v 0.043 0.011 2.828
v 0.075 0.051 2.809
v 0.04 0.053 2.809
v 0.062 0.076 2.837
v 0.085 0.07 2.828
v 0.041 0.078 2.829
v 0.086 0.072 2.812
v 0.039 0.081 2.811
v 0.043 0.011 2.828
v 0.04 0.053 2.809
v 0.04 0.053 2.809
v 0.086 0.072 2.812
v 0.04 0.053 2.809
v 0.039 0.081 2.811
v 0.04 0.053 2.809
v 0.086 0.072 2.812
v 0.077 0.097 2.826
v 0.066 0.099 2.83
v 0.056 0.101 2.827
v 0.086 0.072 2.812
v 0.076 0.09 2.813
v 0.039 0.081 2.811
v 0.055 0.094 2.812
v 0.028 0.091 2.951
v 0.026 0.1 2.971
v 0.038 0.069 2.975
v 0.028 0.07 2.979
v 0.04 0.084 2.979
v 0.027 0.086 2.983
v 0.028 0.07 2.979
v 0.038 0.05 2.921
v 0.045 0.01 2.92
v 0.045 0.01 2.92
v 0.032 0.073 2.95
v 0.043 0.076 2.948
v 0.028 0.091 2.951
v 0.041 0.098 2.946
v 0.028 0.091 2.951
v 0.041 0.1 2.969
v 0.057 0.083 2.961
v 0.051 0.102 2.962
v 0.031 0.066 2.957
v 0.028 0.068 2.945
v 0.065 0.113 2.954
v 0.053 0.113 2.941
v 0.041 0.098 2.946
v 0.077 0.102 2.947
v 0.09 0.13 2.958
v 0.081 0.135 2.947
v 0.083 0.112 2.948
v 0.076 0.117 2.936
v 0.058 0.122 2.941
v 0.063 0.141 2.949
v 0.078 0.144 2.967
v 0.063 0.141 2.949
v 0.084 0.155 2.964
v 0.069 0.154 2.947
v 0.063 0.141 2.949
v 0.099 0.163 2.957
v 0.087 0.17 2.955
v 0.1 0.142 2.957
v 0.109 0.156 2.952
v 0.1 0.157 2.946
v 0.089 0.164 2.943
v 0.089 0.147 2.943
v 0.073 0.135 2.965
v 0.063 0.141 2.949
v 0.021 -0.049 2.88
v 0.018 -0.059 2.905
v 0.057 -0.026 2.903
v 0.051 -0.033 2.875
v 0.051 -0.033 2.875
v 0.057 -0.026 2.903
v 0.057 -0.026 2.903
v 0.043 0.03 2.856
v 0.053 -0.023 2.866
v 0.048 0.01 2.857
v 0.048 0.01 2.857
v 0.048 0.01 2.857
v 0.043 0.03 2.856
v 0.048 0.01 2.857
v 0.046 0.016 2.847
v 0.043 0.03 2.856
v 0.046 0.016 2.847
v 0.043 0.011 2.828
v 0.046 0.016 2.847
v 0.046 0.016 2.847
v 0.067 -0.168 2.866
v 0.098 0.114 2.814
v 0.086 0.072 2.812
v 0.098 0.114 2.814
v 0.076 0.09 2.813
v 0.042 0.127 2.815
v 0.055 0.094 2.812
v 0.039 0.081 2.811
v 0.042 0.127 2.815
v 0.07 0.126 2.815
v 0.076 0.09 2.813
v 0.07 0.126 2.815
v 0.055 0.094 2.812
v 0.1 0.142 2.957
v 0.1 0.142 2.957
v 0.1 0.142 2.957
v 0.1 0.142 2.957
v 0.069 0.154 2.947
v 0.069 0.154 2.947
v 0.109 0.156 2.952
v 0.1 0.142 2.957
v 0.1 0.142 2.957
v 0.08 0.171 2.945
v 0.08 0.171 2.945
v 0.069 0.154 2.947
v 0.069 0.154 2.947
v 0.08 0.171 2.945
v 0.093 0.179 2.94
v 0.093 0.179 2.94
v 0.089 0.164 2.943
v 0.093 0.179 2.94
v 0.109 0.156 2.952
v 0.113 0.17 2.944
v 0.113 0.17 2.944
v 0.1 0.157 2.946
v 0.1 0.157 2.946
v 0.105 0.18 2.939
v 0.105 0.18 2.939
v 0.089 0.164 2.943
v 0.027 0.062 2.957
v 0.063 0.141 2.949
v 0.058 0.122 2.941
v 0.063 0.141 2.949
v 0.067 0.101 2.934
v 0.053 0.113 2.941
v 0.033 0.028 2.867
v 0.048 0.01 2.857
v 0.048 0.01 2.857
v 0.026 -0.095 2.838
v 0.051 -0.033 2.875
v 0.028 -0.03 2.861
v 0.053 -0.023 2.866
v 0.028 -0.03 2.861
v 0.051 -0.033 2.875
v 0.053 -0.023 2.866
v 0.053 -0.023 2.866
v 0.021 -0.049 2.88
v 0.009 -0.045 2.862
v 0.014 -0.06 2.856
v 0.009 -0.045 2.862
v 0.02 -0.076 2.847
v 0.028 0.091 2.951
v 0.041 0.098 2.946
v 0.028 0.091 2.951
v -0.029 0.094 2.987
v -0.009 0.089 2.989
v 0.003 0.058 2.997
v -0.019 0.047 2.999
v 0.004 0.076 2.994
v 0.024 0.048 3.084
v 0.036 0.05 3.05
v 0.01 0.033 3.085
v 0.018 0.029 3.055
v -0.018 0.028 3.029
v -0.015 0.022 3.058
v 0.011 0.035 3.025
v 0.001 0.042 3.008
v -0.019 0.047 2.999
v -0.02 0.036 3.012
v -0.021 0.18 3.018
v -0.011 0.174 3.019
v -0.021 0.183 3.023
v -0.009 0.177 3.024
v -0.011 0.132 2.994
v 0.019 0.13 2.999
v -0.015 0.16 3.006
v 0.003 0.159 3.013
v -0.019 0.183 3.042
v -0.019 0.185 3.05
v -0.032 0.185 3.041
v -0.032 0.187 3.051
v -0.019 0.173 3.014
v -0.003 0.125 3.103
v 0.002 0.106 3.108
v -0.021 0.129 3.112
v -0.019 0.108 3.12
v -0.025 0.153 3.094
v -0.027 0.171 3.085
v -0.011 0.148 3.087
v -0.013 0.164 3.077
v 0.032 0.104 3.008
v 0.017 0.102 3.01
v 0.025 0.131 3.01
v 0.004 0.12 3.021
v 0.026 0.131 3.004
v 0.033 0.106 3.002
v -0.002 0.124 3.024
v 0.012 0.155 3.032
v 0.029 0.128 3.016
v 0.005 0.046 3.1
v -0.013 0.034 3.103
v -0.012 0.041 3.119
v 0.009 0.077 3.108
v 0.025 0.095 3.091
v 0.027 0.075 3.089
v -0.012 0.041 3.119
v -0.015 0.075 3.122
v 0.005 0.046 3.1
v 0.005 0.046 3.1
v -0.005 0.175 3.048
v -0.006 0.172 3.041
v -0.032 0.159 3.005
v -0.03 0.131 2.993
v 0.016 0.122 3.097
v -0.019 0.175 3.059
v -0.006 0.168 3.057
v -0.029 0.109 2.987
v -0.029 0.094 2.987
v -0.009 0.108 2.989
v -0.009 0.089 2.989
v -0.029 0.094 2.987
v -0.028 0.134 3.03
v -0.019 0.134 3.03
v -0.014 0.131 3.028
v 0.009 0.142 3.084
v 0.005 0.148 3.069
v -0.033 0.183 3.027
v -0.02 0.182 3.027
v -0.033 0.183 3.022
v 0.008 0.161 3.018
v 0.009 0.159 3.022
v -0.009 0.176 3.029
v -0.033 0.173 3.014
v 0.005 0.15 3.054
v 0.018 0.141 3.083
v 0.017 0.138 3.079
v 0.027 0.122 3.094
v 0.027 0.122 3.088
v 0.04 0.09 3.066
v 0.037 0.086 3.067
v 0.035 0.1 3.087
v 0.033 0.051 3.021
v 0.044 0.08 3.006
v 0.021 0.055 3.001
v 0.037 0.08 2.998
v -0.029 0.179 3.076
v -0.03 0.18 3.06
v 0.024 0.048 3.084
v 0.005 0.046 3.1
v 0.024 0.048 3.084
v 0.035 0.102 3.01
v 0.025 0.124 3.036
v 0.037 0.097 3.031
v 0.04 0.094 3.044
v -0.033 0.181 3.017
v 0.047 0.08 3.019
v 0.041 0.1 3.019
v 0.039 0.097 3.01
v -0.009 0.089 2.989
v 0.025 0.106 2.997
v 0.033 0.051 3.021
v 0.035 0.103 3.083
v 0.033 0.103 3.068
v 0.031 0.097 3.067
v 0.03 0.109 3.078
v 0.028 0.104 3.082
v 0.024 0.122 3.081
v 0.017 0.122 3.086
v 0.02 0.132 3.074
v 0.011 0.135 3.078
v 0.033 0.109 3.054
v 0.031 0.104 3.051
v 0.02 0.136 3.061
v 0.031 0.12 3.065
v 0.037 0.095 3.067
v 0.024 0.122 3.045
v 0.024 0.122 3.045
v 0.034 0.103 3.049
v 0.013 0.147 3.069
v 0.012 0.143 3.064
v 0.029 0.122 3.05
v 0.036 0.05 3.05
v 0.044 0.079 3.041
v 0.044 0.079 3.029
v 0.016 0.138 3.054
v 0.014 0.143 3.047
v 0.039 0.076 3.066
v 0.014 0.154 3.039
v 0.032 0.127 3.025
v -0.009 0.089 2.989
v 0.004 0.076 2.994
v 0.004 0.076 2.994
v 0.003 0.058 2.997
v 0.004 0.076 2.994
v 0.021 0.055 3.001
v 0.003 0.058 2.997
v -0.013 0.025 3.088
v 0.021 0.055 3.001
v 0.033 0.051 3.021
v 0.033 0.051 3.021
v 0.004 0.076 2.994
v 0.003 0.058 2.997
v -0.019 0.047 2.999
v 0.053 0.113 2.941
v 0.053 0.113 2.941
v 0.058 0.122 2.941
v 0.033 0.028 2.867
v 0.036 0.037 2.893
v 0.036 0.05 3.05
v 0.036 0.05 3.05
v -0.016 0.096 3.14
v -0.019 0.112 3.115
v -0.008 0.097 3.112
v -0.011 0.051 3.149
v -0.016 0.073 3.113
v -0.004 0.055 3.108
v -0.017 0.085 3.117
v -0.008 0.097 3.112
v -0.013 0.043 3.112
v -0.011 0.051 3.149
v -0.004 0.055 3.108
v 0.061 0.022 2.961
v 0.013 0.052 2.954
v 0.126 0.002 3.028
v 0.17 -0.026 3.065
v 0.092 0.01 2.972
v 0.115 0.004 2.998
v 0.047 0.049 3.076
v 0.025 0.064 3.074
v 0.05 0.059 3.072
v 0.031 0.073 3.071
v 0.069 0.032 3.085
v 0.072 0.038 3.081
v 0.099 0.011 3.105
v 0.071 0.03 3.075
v 0.026 0.065 3.063
v 0.048 0.048 3.065
v 0.026 0.065 3.063
v 0.049 0.048 3.064
v 0.026 0.065 3.063
v 0.072 0.031 3.075
v 0.053 0.041 3.028
v 0.049 0.048 3.064
v 0.038 0.053 3.041
v 0.09 0.016 3.032
v 0.072 0.031 3.075
v 0.069 0.029 3.034
v 0.105 0.006 3.069
v 0.072 0.031 3.075
v 0.097 0.009 3.057
v 0.099 0.011 3.105
v 0.072 0.031 3.075
v 0.049 0.048 3.064
v 0.072 0.031 3.075
v 0.026 0.065 3.063
v 0.027 0.061 3.05
v 0.049 0.048 3.064
v 0.072 0.031 3.075
v 0.061 0.017 2.966
v 0.013 0.049 2.957
v 0.056 0.026 2.975
v 0.009 0.063 2.965
v 0.013 0.049 2.957
v 0.059 0.033 2.965
v 0.011 0.061 2.956
v 0.061 0.022 2.961
v 0.013 0.052 2.954
v 0.061 0.022 2.961
v 0.111 0.019 3.003
v 0.115 0.004 2.998
v 0.121 0.017 3.036
v 0.126 0.002 3.028
v 0.115 0.004 2.998
v 0.114 0 3.002
v 0.103 0.013 3.012
v 0.125 -0.005 3.036
v 0.105 0.013 3.058
v 0.125 -0.005 3.036
v 0.162 -0.023 3.084
v 0.166 -0.021 3.073
v 0.085 0.014 2.991
v 0.089 0.021 2.979
v 0.169 -0.033 3.073
v 0.125 -0.005 3.036
v 0.125 -0.005 3.036
v 0.126 0.002 3.028
v 0.126 0.002 3.028
v 0.092 0.01 2.972
v 0.115 0.004 2.998
v 0.092 0.01 2.972
v 0.114 0 3.002
v 0.092 0.004 2.979
v 0.114 0 3.002
v 0.221 -0.046 3.106
v 0.221 -0.046 3.106
v 0.169 -0.033 3.073
v 0.221 -0.046 3.106
v 0.061 0.022 2.961
v 0.092 0.01 2.972
v 0.092 0.01 2.972
v 0.061 0.017 2.966
v 0.092 0.004 2.979
v 0.061 0.017 2.966
v 0.026 0.1 2.971
v 0.028 0.091 2.951
v 0.026 0.1 2.971
v 0.027 0.086 2.983
v 0.027 0.086 2.983
v 0.028 0.091 2.951
v 0.026 0.069 2.945
v 0.027 0.062 2.957
v 0.028 0.07 2.979
v 0.027 0.062 2.957
v 0.027 0.062 2.957
v 0.026 0.069 2.945
v 0.027 0.062 2.957
v -0.032 0.173 3.027
v -0.028 0.14 3.031
v -0.015 0.174 3.027
v -0.001 0.141 3.028
v -0.031 0.173 3.036
v -0.017 0.174 3.034
v -0.028 0.14 3.031
v -0.006 0.14 3.028
v -0.028 0.138 3.03
v -0.026 0.193 3.033
v -0.026 0.191 3.036
v -0.006 0.14 3.028
v -0.017 0.174 3.034
v -0.018 0.166 3.026
v -0.026 0.193 3.033
v -0.015 0.174 3.027
v -0.026 0.191 3.036
v -0.017 0.174 3.034
v -0.026 0.191 3.036
v -0.015 0.174 3.027
v -0.034 0.194 3.035
v -0.034 0.194 3.035
v -0.027 0.188 3.032
v -0.033 0.19 3.035
v 0.036 0.05 3.05
v 0.024 0.048 3.084
v 0.002 0.16 3.04
v -0.002 0.161 3.04
v -0.001 0.16 3.026
v 0.002 0.16 3.04
v -0.001 0.16 3.026
v 0.002 0.157 3.038
v 0.011 0.152 3.036
v 0.006 0.152 3.036
v 0.007 0.152 3.02
v 0.011 0.152 3.036
v 0.007 0.152 3.02
v 0.011 0.149 3.033
v -0.007 0.168 3.041
v -0.012 0.169 3.04
v -0.01 0.168 3.028
v -0.007 0.168 3.041
v -0.01 0.168 3.028
v -0.007 0.165 3.038
v -0.016 0.174 3.043
v -0.02 0.174 3.042
v -0.017 0.174 3.03
v -0.016 0.174 3.043
v -0.017 0.174 3.03
v -0.014 0.172 3.041
v -0.025 0.177 3.044
v -0.031 0.176 3.044
v -0.026 0.177 3.031
v -0.025 0.177 3.044
v -0.026 0.177 3.031
v -0.023 0.175 3.042
v -0.001 0.16 3.035
v -0.005 0.164 3.023
v -0.001 0.164 3.022
v 0.001 0.156 3.032
v 0 0.154 3.045
v 0 0.159 3.032
v 0.008 0.152 3.032
v 0.004 0.157 3.018
v 0.008 0.156 3.017
v 0.008 0.153 3.018
v 0.008 0.152 3.032
v 0.008 0.156 3.017
v -0.01 0.168 3.037
v -0.013 0.172 3.026
v -0.01 0.171 3.025
v -0.007 0.164 3.037
v -0.008 0.162 3.047
v -0.008 0.167 3.036
v -0.018 0.172 3.036
v -0.022 0.175 3.025
v -0.018 0.176 3.024
v -0.015 0.169 3.037
v -0.016 0.166 3.047
v -0.017 0.172 3.036
v -0.026 0.175 3.037
v -0.033 0.178 3.027
v -0.027 0.179 3.025
v -0.025 0.176 3.026
v -0.026 0.175 3.037
v -0.027 0.179 3.025
v 0.048 0.048 3.065
v 0.071 0.03 3.075
v 0.071 0.03 3.075
v 0.071 0.03 3.075
v 0.099 0.011 3.105
v 0.048 0.048 3.065
v 0.071 0.03 3.075
v 0.048 0.048 3.065
v 0.026 0.065 3.063
v 0.048 0.048 3.065
v 0.071 0.03 3.075
v 0.036 0.05 3.05
v 0.024 0.048 3.084
v 0.039 0.076 3.066
v -0.057 -0.019 2.954
v -0.035 0.035 2.952
v -0.053 -0.033 2.922
v -0.028 0.021 2.935
v -0.112 -0.135 2.928
v -0.138 -0.164 2.932
v -0.106 -0.078 3.014
v -0.131 -0.128 3.044
v -0.145 -0.169 2.972
v -0.071 -0.083 2.917
v -0.093 -0.109 2.908
v -0.076 -0.048 2.963
v -0.096 -0.065 2.983
v -0.17 -0.17 3.07
v -0.168 -0.181 3.002
v -0.001 -0.075 2.892
v -0.001 -0.075 2.892
v 0.006 -0.086 2.874
v 0.006 -0.086 2.874
v -0.008 -0.058 2.908
v -0.008 -0.058 2.908
v -0.008 -0.002 2.938
v -0.008 -0.002 2.938
v -0.016 0.023 2.95
v -0.016 0.023 2.95
v -0.022 0.041 2.965
v -0.022 0.041 2.965
v -0.009 -0.064 2.9
v -0.003 -0.08 2.88
v -0.001 -0.072 2.865
v -0.006 -0.054 2.875
v 0.003 -0.089 2.861
v 0.011 -0.107 2.851
v 0.045 -0.149 2.849
v 0.024 -0.126 2.845
v -0.057 0.078 2.965
v -0.059 0.079 2.931
v -0.042 0.09 2.959
v -0.042 0.09 2.931
v -0.044 0.082 2.974
v -0.04 0.047 2.978
v -0.063 0.039 2.963
v -0.051 0.061 2.979
v -0.066 0.052 2.974
v -0.039 0.079 2.911
v -0.039 0.03 2.959
v -0.056 0.066 2.916
v -0.035 0.058 2.882
v -0.049 0.039 2.897
v -0.032 0.003 2.94
v -0.05 0.011 2.925
v -0.053 0.031 2.949
v -0.085 0.001 2.866
v -0.072 -0.02 2.843
v -0.087 0.009 2.848
v -0.057 -0.021 2.908
v -0.026 -0.032 2.925
v -0.067 0.038 2.867
v -0.064 0.024 2.886
v 0.003 -0.065 2.917
v -0.022 -0.051 2.915
v -0.009 -0.064 2.9
v 0.003 -0.065 2.917
v -0.034 0.013 2.848
v -0.03 -0.009 2.84
v -0.025 0.022 2.846
v -0.017 -0.005 2.841
v -0.013 -0.036 2.855
v -0.032 0.04 2.863
v -0.052 0.024 2.886
v -0.045 0.027 2.87
v -0.045 0.027 2.87
v -0.052 0.024 2.886
v -0.052 0.024 2.886
v -0.054 0.004 2.902
v -0.057 -0.021 2.908
v -0.063 0.002 2.9
v -0.057 -0.021 2.908
v -0.075 -0.016 2.882
v -0.054 -0.038 2.894
v -0.057 -0.021 2.908
v -0.052 0.024 2.886
v -0.065 0.036 2.84
v -0.062 0.026 2.814
v -0.034 0.013 2.848
v -0.038 0.014 2.824
v -0.034 0.013 2.848
v -0.018 -0.051 2.874
v -0.013 -0.036 2.855
v 0.008 -0.035 2.857
v -0.013 -0.036 2.855
v -0.009 -0.064 2.9
v -0.034 0.013 2.848
v -0.08 0.011 2.823
v -0.039 -0.037 2.851
v -0.062 -0.035 2.857
v -0.041 -0.049 2.869
v -0.06 -0.001 2.805
v -0.072 -0.018 2.809
v -0.039 -0.008 2.81
v -0.066 -0.004 2.83
v -0.061 -0.023 2.825
v -0.073 -0.003 2.788
v -0.06 0.009 2.797
v -0.042 0.015 2.789
v -0.065 -0.033 2.807
v -0.036 -0.028 2.809
v -0.042 -0.018 2.825
v -0.07 -0.006 2.773
v -0.037 0.005 2.774
v -0.088 0.013 2.783
v -0.07 0.028 2.792
v -0.049 0.036 2.785
v -0.086 0.01 2.767
v -0.045 0.034 2.768
v -0.037 0.005 2.774
v -0.036 -0.028 2.809
v -0.037 0.005 2.774
v -0.045 0.034 2.768
v -0.086 0.01 2.767
v -0.037 0.005 2.774
v -0.037 0.005 2.774
v -0.086 0.01 2.767
v -0.088 0.039 2.773
v -0.079 0.046 2.778
v -0.069 0.05 2.775
v -0.064 0.041 2.763
v -0.083 0.03 2.763
v -0.045 0.034 2.768
v -0.086 0.01 2.767
v -0.069 0.069 2.969
v -0.068 0.069 2.949
v -0.066 0.052 2.974
v -0.063 0.039 2.963
v -0.076 0.046 2.968
v -0.074 0.038 2.955
v -0.063 0.039 2.963
v -0.054 0.004 2.902
v -0.051 0.025 2.913
v -0.054 0.004 2.902
v -0.081 0.079 2.956
v -0.083 0.062 2.942
v -0.068 0.069 2.949
v -0.072 0.059 2.94
v -0.068 0.069 2.949
v -0.088 0.07 2.971
v -0.078 0.064 2.973
v -0.095 0.057 2.958
v -0.07 0.049 2.94
v -0.062 0.051 2.935
v -0.081 0.079 2.956
v -0.093 0.091 2.966
v -0.105 0.082 2.977
v -0.116 0.077 2.965
v -0.116 0.096 2.964
v -0.123 0.104 2.982
v -0.123 0.084 2.97
v -0.132 0.093 2.988
v -0.106 0.108 2.989
v -0.098 0.098 2.972
v -0.113 0.12 2.994
v -0.106 0.108 2.989
v -0.129 0.111 3.008
v -0.121 0.101 3.004
v -0.106 0.108 2.989
v -0.132 0.128 3.008
v -0.144 0.121 3.004
v -0.144 0.122 2.992
v -0.153 0.117 2.996
v -0.143 0.103 2.993
v -0.132 0.116 2.985
v -0.133 0.13 2.995
v -0.116 0.094 2.998
v -0.106 0.108 2.989
v -0.009 -0.064 2.9
v -0.006 -0.054 2.875
v -0.041 -0.049 2.869
v -0.054 -0.038 2.894
v -0.041 -0.049 2.869
v -0.054 -0.038 2.894
v -0.054 -0.038 2.894
v -0.043 -0.002 2.831
v -0.045 -0.019 2.842
v -0.039 -0.037 2.851
v -0.045 -0.019 2.842
v -0.043 -0.002 2.831
v -0.045 -0.019 2.842
v -0.045 -0.019 2.842
v -0.043 -0.002 2.831
v -0.042 -0.018 2.825
v -0.042 -0.018 2.825
v -0.042 -0.018 2.825
v -0.036 -0.028 2.809
v -0.042 -0.018 2.825
v -0.111 0.044 2.755
v -0.111 0.044 2.755
v -0.086 0.01 2.767
v -0.083 0.03 2.763
v -0.062 0.075 2.756
v -0.064 0.041 2.763
v -0.062 0.075 2.756
v -0.045 0.034 2.768
v -0.088 0.065 2.754
v -0.083 0.03 2.763
v -0.088 0.065 2.754
v -0.064 0.041 2.763
v -0.143 0.103 2.993
v -0.143 0.103 2.993
v -0.143 0.103 2.993
v -0.143 0.103 2.993
v -0.113 0.12 2.994
v -0.113 0.12 2.994
v -0.143 0.103 2.993
v -0.153 0.117 2.996
v -0.143 0.103 2.993
v -0.125 0.136 3
v -0.113 0.12 2.994
v -0.125 0.136 3
v -0.113 0.12 2.994
v -0.139 0.143 3
v -0.125 0.136 3
v -0.139 0.143 3
v -0.139 0.143 3
v -0.133 0.13 2.995
v -0.158 0.133 2.996
v -0.153 0.117 2.996
v -0.158 0.133 2.996
v -0.144 0.122 2.992
v -0.151 0.144 2.998
v -0.144 0.122 2.992
v -0.151 0.144 2.998
v -0.133 0.13 2.995
v -0.059 0.042 2.943
v -0.098 0.098 2.972
v -0.106 0.108 2.989
v -0.106 0.108 2.989
v -0.107 0.085 2.954
v -0.093 0.091 2.966
v -0.045 -0.019 2.842
v -0.034 0.013 2.848
v -0.045 -0.019 2.842
v -0.054 0.004 2.902
v -0.039 -0.037 2.851
v -0.041 -0.049 2.869
v -0.013 -0.036 2.855
v -0.013 -0.036 2.855
v -0.041 -0.049 2.869
v -0.039 -0.037 2.851
v -0.039 -0.037 2.851
v -0.006 -0.054 2.875
v 0.009 -0.045 2.862
v 0.009 -0.045 2.862
v -0.081 0.079 2.956
v -0.068 0.069 2.949
v -0.068 0.069 2.949
v -0.045 0.082 2.989
v -0.044 0.049 2.996
v -0.052 0.065 2.993
v -0.049 0.023 3.06
v -0.071 0.039 3.058
v -0.037 0.028 3.089
v -0.054 0.04 3.09
v -0.047 0.029 3.03
v -0.019 0.047 2.999
v -0.041 0.037 3.011
v -0.056 0.173 3.028
v -0.054 0.17 3.022
v -0.045 0.18 3.025
v -0.045 0.177 3.02
v -0.066 0.152 3.019
v -0.077 0.121 3.006
v -0.049 0.157 3.009
v -0.05 0.128 2.997
v -0.044 0.182 3.052
v -0.044 0.18 3.044
v -0.047 0.17 3.017
v -0.041 0.102 3.111
v -0.04 0.121 3.106
v -0.042 0.162 3.079
v -0.039 0.145 3.089
v -0.057 0.114 3.026
v -0.068 0.093 3.016
v -0.082 0.12 3.018
v -0.084 0.093 3.016
v -0.086 0.094 3.01
v -0.083 0.12 3.012
v -0.084 0.117 3.024
v -0.07 0.147 3.038
v -0.052 0.119 3.028
v -0.032 0.042 3.103
v -0.062 0.066 3.096
v -0.063 0.087 3.098
v -0.041 0.072 3.111
v -0.032 0.042 3.103
v -0.012 0.041 3.119
v -0.032 0.042 3.103
v -0.055 0.168 3.045
v -0.056 0.17 3.052
v -0.058 0.115 3.102
v -0.052 0.164 3.061
v -0.04 0.173 3.061
v -0.045 0.082 2.989
v -0.028 0.094 2.987
v -0.047 0.105 2.992
v -0.029 0.094 2.987
v -0.037 0.132 3.031
v -0.042 0.128 3.03
v -0.057 0.142 3.074
v -0.057 0.136 3.089
v -0.045 0.18 3.029
v -0.055 0.171 3.032
v -0.069 0.152 3.028
v -0.07 0.153 3.024
v -0.06 0.143 3.058
v -0.071 0.113 3.095
v -0.065 0.13 3.085
v -0.07 0.113 3.102
v -0.066 0.133 3.09
v -0.077 0.075 3.075
v -0.074 0.089 3.095
v -0.081 0.079 3.075
v -0.085 0.068 3.007
v -0.091 0.067 3.016
v -0.064 0.047 3.007
v -0.073 0.04 3.029
v -0.032 0.042 3.103
v -0.054 0.04 3.09
v -0.054 0.04 3.09
v -0.086 0.091 3.019
v -0.084 0.082 3.053
v -0.084 0.085 3.04
v -0.077 0.114 3.043
v -0.089 0.084 3.02
v -0.09 0.087 3.029
v -0.092 0.067 3.029
v -0.079 0.096 3.005
v -0.045 0.082 2.989
v -0.073 0.04 3.029
v -0.075 0.093 3.091
v -0.069 0.094 3.089
v -0.072 0.087 3.075
v -0.072 0.099 3.086
v -0.076 0.092 3.076
v -0.059 0.128 3.083
v -0.061 0.114 3.092
v -0.068 0.123 3.081
v -0.069 0.112 3.088
v -0.076 0.093 3.059
v -0.079 0.098 3.062
v -0.077 0.109 3.073
v -0.071 0.128 3.068
v -0.078 0.084 3.076
v -0.074 0.112 3.053
v -0.08 0.091 3.057
v -0.074 0.112 3.053
v -0.064 0.14 3.075
v -0.064 0.136 3.069
v -0.078 0.112 3.058
v -0.087 0.067 3.039
v -0.085 0.066 3.051
v -0.071 0.039 3.058
v -0.068 0.129 3.06
v -0.068 0.135 3.053
v -0.077 0.065 3.075
v -0.071 0.146 3.046
v -0.086 0.116 3.033
v -0.052 0.065 2.993
v -0.045 0.082 2.989
v -0.044 0.049 2.996
v -0.052 0.065 2.993
v -0.052 0.065 2.993
v -0.044 0.049 2.996
v -0.064 0.047 3.007
v -0.073 0.04 3.029
v -0.064 0.047 3.007
v -0.073 0.04 3.029
v -0.052 0.065 2.993
v -0.019 0.047 2.999
v -0.044 0.049 2.996
v -0.093 0.091 2.966
v -0.093 0.091 2.966
v -0.098 0.098 2.972
v -0.045 0.027 2.87
v -0.034 0.013 2.848
v -0.071 0.039 3.058
v -0.071 0.039 3.058
v -0.028 0.095 3.113
v -0.024 0.053 3.11
v -0.028 0.095 3.113
v -0.024 0.053 3.11
v -0.011 0.051 3.149
v -0.037 0.038 2.95
v -0.059 -0.015 2.949
v -0.11 -0.072 3.006
v -0.134 -0.123 3.037
v -0.098 -0.062 2.978
v -0.079 -0.042 2.956
v -0.067 0.064 3.078
v -0.059 0.056 3.08
v -0.083 0.046 3.082
v -0.077 0.036 3.085
v -0.099 0.021 3.094
v -0.094 0.016 3.097
v -0.097 0.014 3.088
v -0.116 -0.01 3.121
v -0.08 0.035 3.074
v -0.062 0.056 3.07
v -0.081 0.035 3.074
v -0.062 0.056 3.07
v -0.062 0.056 3.07
v -0.099 0.014 3.087
v -0.075 0.042 3.049
v -0.081 0.035 3.074
v -0.089 0.027 3.038
v -0.102 0.012 3.046
v -0.099 0.014 3.087
v -0.119 -0.005 3.048
v -0.121 -0.012 3.074
v -0.099 0.014 3.087
v -0.127 -0.016 3.087
v -0.099 0.014 3.087
v -0.116 -0.01 3.121
v -0.081 0.035 3.074
v -0.099 0.014 3.087
v -0.065 0.052 3.056
v -0.062 0.056 3.07
v -0.081 0.035 3.074
v -0.099 0.014 3.087
v -0.041 0.049 2.961
v -0.035 0.035 2.952
v -0.06 -0.009 2.964
v -0.057 -0.019 2.954
v -0.035 0.035 2.952
v -0.037 0.038 2.95
v -0.041 0.047 2.952
v -0.059 -0.015 2.949
v -0.064 -0.004 2.953
v -0.059 -0.015 2.949
v -0.11 -0.072 3.006
v -0.098 -0.062 2.978
v -0.116 -0.057 3.015
v -0.104 -0.048 2.984
v -0.098 -0.062 2.978
v -0.103 -0.053 3.039
v -0.095 -0.049 2.994
v -0.106 -0.078 3.014
v -0.096 -0.065 2.983
v -0.106 -0.078 3.014
v -0.135 -0.117 3.045
v -0.132 -0.117 3.057
v -0.084 -0.032 2.963
v -0.078 -0.037 2.976
v -0.106 -0.078 3.014
v -0.131 -0.128 3.044
v -0.106 -0.078 3.014
v -0.11 -0.072 3.006
v -0.11 -0.072 3.006
v -0.098 -0.062 2.978
v -0.079 -0.042 2.956
v -0.079 -0.042 2.956
v -0.076 -0.048 2.963
v -0.096 -0.065 2.983
v -0.096 -0.065 2.983
v -0.17 -0.17 3.07
v -0.131 -0.128 3.044
v -0.17 -0.17 3.07
v -0.17 -0.17 3.07
v -0.079 -0.042 2.956
v -0.059 -0.015 2.949
v -0.079 -0.042 2.956
v -0.076 -0.048 2.963
v -0.057 -0.019 2.954
v -0.057 -0.019 2.954
v -0.068 0.069 2.949
v -0.069 0.069 2.969
v -0.066 0.052 2.974
v -0.069 0.069 2.969
v -0.066 0.052 2.974
v -0.062 0.051 2.935
v -0.068 0.069 2.949
v -0.063 0.039 2.963
v -0.059 0.042 2.943
v -0.059 0.042 2.943
v -0.062 0.051 2.935
v -0.059 0.042 2.943
v -0.059 0.042 2.943
v -0.056 0.136 3.033
v -0.048 0.171 3.029
v -0.051 0.135 3.031
v -0.046 0.171 3.036
v -0.028 0.138 3.03
v -0.028 0.14 3.031
v -0.041 0.191 3.034
v -0.04 0.19 3.037
v -0.045 0.164 3.028
v -0.046 0.171 3.036
v -0.051 0.135 3.031
v -0.046 0.171 3.036
v -0.048 0.171 3.029
v -0.04 0.19 3.037
v -0.041 0.191 3.034
v -0.04 0.19 3.037
v -0.048 0.171 3.029
v -0.034 0.194 3.035
v -0.034 0.194 3.035
v -0.033 0.19 3.035
v -0.039 0.187 3.033
v -0.071 0.039 3.058
v -0.054 0.04 3.09
v -0.059 0.154 3.031
v -0.057 0.155 3.044
v -0.06 0.153 3.044
v -0.06 0.15 3.042
v -0.059 0.154 3.031
v -0.06 0.153 3.044
v -0.067 0.145 3.026
v -0.064 0.146 3.041
v -0.068 0.144 3.041
v -0.068 0.141 3.039
v -0.067 0.145 3.026
v -0.068 0.144 3.041
v -0.052 0.164 3.031
v -0.049 0.165 3.043
v -0.053 0.164 3.044
v -0.053 0.161 3.042
v -0.052 0.164 3.031
v -0.053 0.164 3.044
v -0.046 0.171 3.032
v -0.042 0.172 3.044
v -0.046 0.171 3.045
v -0.047 0.169 3.043
v -0.046 0.171 3.032
v -0.046 0.171 3.045
v -0.038 0.176 3.032
v -0.037 0.176 3.045
v -0.039 0.173 3.043
v -0.038 0.176 3.032
v -0.037 0.176 3.045
v -0.061 0.158 3.026
v -0.057 0.159 3.027
v -0.058 0.155 3.04
v -0.061 0.158 3.026
v -0.058 0.155 3.04
v -0.061 0.154 3.027
v -0.069 0.148 3.022
v -0.065 0.15 3.023
v -0.066 0.145 3.038
v -0.069 0.148 3.022
v -0.066 0.145 3.038
v -0.069 0.145 3.024
v -0.054 0.167 3.028
v -0.05 0.168 3.029
v -0.051 0.164 3.04
v -0.054 0.167 3.028
v -0.051 0.164 3.04
v -0.054 0.164 3.029
v -0.046 0.173 3.026
v -0.043 0.173 3.027
v -0.044 0.17 3.038
v -0.046 0.173 3.026
v -0.044 0.17 3.038
v -0.047 0.17 3.027
v -0.039 0.178 3.026
v -0.037 0.174 3.038
v -0.039 0.178 3.026
v -0.037 0.174 3.038
v -0.04 0.175 3.027
v -0.08 0.035 3.074
v -0.097 0.014 3.088
v -0.097 0.014 3.088
v -0.116 -0.01 3.121
v -0.097 0.014 3.088
v -0.08 0.035 3.074
v -0.08 0.035 3.074
v -0.097 0.014 3.088
v -0.062 0.056 3.07
v -0.08 0.035 3.074
v -0.097 0.014 3.088
v -0.077 0.065 3.075
v -0.054 0.04 3.09
v -0.071 0.039 3.058

# Vertex Normals (1242)
vn -0.346 -0.472 -0.811
vn -0.446 -0.782 0.435
vn -0.139 -0.189 -0.972
vn -0.554 -0.808 0.201
vn -0.518 -0.853 0.066
vn 0.73 -0.383 -0.566
vn 0.197 -0.463 -0.864
vn 0.711 -0.526 -0.467
vn -0.4 -0.916 0.033
vn -0.543 -0.826 0.152
vn 0.386 -0.366 -0.847
vn -0.42 -0.848 0.323
vn -0.274 -0.59 -0.759
vn 0.949 -0.277 -0.149
vn 0.665 -0.707 0.243
vn -0.055 -0.585 0.809
vn -0.284 0.453 0.845
vn 0.577 0.44 0.688
vn 0.242 -0.954 -0.175
vn 0.845 -0.534 0.025
vn -0.055 -0.585 0.809
vn -0.284 0.453 0.845
vn 0.577 0.44 0.688
vn 0.242 -0.954 -0.175
vn 0.845 -0.534 0.025
vn -0.05 -0.584 0.81
vn -0.247 0.46 0.853
vn 0.608 0.422 0.672
vn 0.209 -0.961 -0.182
vn 0.829 -0.559 0.001
vn -0.003 -0.316 0.949
vn -0.253 0.663 0.704
vn 0.608 0.616 0.502
vn 0.255 -0.958 0.13
vn 0.862 -0.482 0.157
vn 0.032 -0.425 0.905
vn -0.238 0.583 0.777
vn 0.626 0.564 0.539
vn 0.27 -0.963 -0.008
vn 0.871 -0.487 0.06
vn 0.068 -0.533 0.843
vn -0.219 0.49 0.844
vn 0.62 0.514 0.593
vn 0.279 -0.949 -0.145
vn 0.874 -0.485 -0.038
vn 0.897 -0.106 0.429
vn 0.014 -0.739 0.674
vn 0.836 -0.169 0.522
vn -0.036 -0.651 0.758
vn 0.916 0.394 -0.075
vn 0.91 0.398 -0.119
vn 0.966 0.217 0.139
vn 0.019 -0.611 0.791
vn 0.984 0.124 0.13
vn 0.054 -0.826 0.56
vn 0.927 0.365 0.086
vn 0.902 0.428 0.062
vn -0.048 -0.348 0.936
vn -0.093 0.056 0.994
vn 0.088 0.009 -0.996
vn 0.313 -0.34 -0.887
vn 0.022 0.983 -0.183
vn 0.332 0.923 -0.193
vn -0.03 0.983 0.179
vn 0.021 0.904 0.427
vn 0.142 0.89 0.434
vn -0.273 0.961 0.052
vn -0.271 0.948 0.169
vn -0.023 0.289 0.957
vn 0.45 -0.358 0.818
vn 0.449 0.376 0.81
vn 0.607 -0.52 0.601
vn -0.255 0.958 -0.132
vn 0.23 0.874 -0.427
vn -0.195 0.86 -0.472
vn 0.113 -0.66 0.742
vn 0.225 -0.882 0.414
vn 0.501 -0.505 0.703
vn 0.847 0.335 -0.412
vn 0.671 0.671 -0.314
vn 0.488 0.666 -0.564
vn 0.921 -0.054 0.385
vn 0.952 0.11 0.286
vn 0.537 -0.243 0.808
vn -0.097 0.721 -0.686
vn 0.042 -0.439 0.898
vn 0.95 0.307 0.053
vn 0.718 -0.176 -0.673
vn 0.952 -0.009 0.305
vn 0.409 -0.372 0.833
vn 0.624 -0.434 0.649
vn -0.031 -0.415 0.909
vn 0.183 0.302 0.936
vn 0.022 0.759 0.651
vn 0.572 -0.744 0.345
vn 0.572 -0.744 0.345
vn 0.551 -0.596 0.585
vn -0.041 -0.466 0.884
vn 0.266 -0.499 0.824
vn 0.336 -0.065 -0.94
vn 0.461 0.215 -0.861
vn 0.529 0.482 -0.699
vn 0.688 0.601 -0.407
vn 0.28 -0.368 -0.887
vn 0.201 -0.352 -0.914
vn 0.179 -0.141 -0.974
vn 0.08 0.44 -0.894
vn 0.034 0.628 -0.777
vn 0.619 0.604 -0.502
vn 0.536 0.841 0.072
vn 0.944 0.253 -0.212
vn -0.408 0.369 0.835
vn -0.686 0.623 0.376
vn -0.686 0.623 0.376
vn 0.458 -0.06 0.887
vn -0.059 0.041 0.997
vn -0.148 0.132 0.98
vn 0.809 -0.547 0.214
vn 0.741 -0.446 0.502
vn 0.894 -0.377 0.241
vn 0.751 -0.323 0.576
vn -0.43 0.303 0.85
vn -0.881 0.472 -0.019
vn -0.05 0.953 -0.3
vn -0.453 0.568 0.688
vn -0.127 0.961 0.245
vn -0.818 0.574 0.025
vn 0.277 -0.384 -0.881
vn 0.218 -0.613 -0.759
vn 0.277 -0.384 -0.881
vn 0.514 -0.814 -0.271
vn 0.525 -0.664 -0.532
vn 0.799 -0.6 0.049
vn -0.842 0.499 0.204
vn 0.89 0.432 -0.146
vn 0.784 -0.599 -0.164
vn 0.65 -0.437 -0.622
vn 0.478 -0.522 -0.706
vn 0.983 -0.111 0.147
vn 0.26 0.848 0.462
vn -0.998 0.058 0.018
vn 0.33 -0.742 0.583
vn 0.871 -0.467 -0.151
vn 0.02 0.06 0.998
vn 0.925 -0.135 0.355
vn -0.86 0.006 0.51
vn 0.548 -0.776 -0.312
vn -0.966 -0.233 0.111
vn -0.991 -0.079 0.111
vn 0.533 -0.277 -0.8
vn -0.998 -0.047 0.05
vn 0.03 0.092 0.995
vn 0.775 -0.204 0.598
vn -0.755 0.088 0.649
vn 0.925 -0.379 0.043
vn -0.995 0.008 0.101
vn 0.041 -0.412 -0.91
vn 0.041 -0.412 -0.91
vn -0.014 -0.446 -0.895
vn 0.014 0.105 -0.994
vn 0.014 0.105 -0.994
vn 0.027 0.072 -0.997
vn 0.027 0.072 -0.997
vn 0.027 0.072 -0.997
vn 0.49 0.47 0.734
vn 0.092 0.367 0.926
vn -0.253 0.574 0.779
vn 0.026 0.064 -0.998
vn 0.017 0.06 -0.998
vn 0.026 0.064 -0.998
vn 0.019 0.073 -0.997
vn 0.622 0.766 -0.16
vn -0.223 0.959 0.173
vn 0.483 -0.734 0.478
vn 0.355 -0.315 0.88
vn 0.545 0.057 0.836
vn 0.285 -0.254 0.924
vn 0.285 -0.254 0.924
vn 0.952 0.303 -0.054
vn 0.978 0.162 -0.128
vn 0.913 0.257 -0.316
vn 0.315 -0.376 -0.871
vn 0.207 -0.639 -0.741
vn -0.237 -0.024 -0.971
vn -0.363 -0.085 -0.928
vn -0.312 -0.107 -0.944
vn 0.218 0.882 0.419
vn 0.799 -0.472 0.371
vn 0.009 0.677 0.736
vn 0.641 -0.705 -0.303
vn 0.948 0.314 0.052
vn -0.179 0.068 0.981
vn -0.637 0.625 0.451
vn -0.702 0.664 0.257
vn 0.814 -0.545 0.204
vn 0.773 -0.56 0.299
vn 0.338 -0.041 -0.94
vn 0.883 -0.458 0.099
vn 0.398 0.133 -0.908
vn -0.135 0.294 -0.946
vn -0.064 0.172 -0.983
vn -0.239 0.166 0.957
vn -0.707 0.53 0.468
vn -0.133 0.346 0.929
vn -0.695 0.434 0.572
vn -0.703 0.397 0.59
vn 0.447 0.402 0.799
vn -0.215 0.735 0.643
vn 0.543 -0.456 -0.705
vn 0.44 -0.524 -0.729
vn 0.366 -0.356 -0.86
vn -0.068 -0.103 -0.992
vn 0.212 -0.274 -0.938
vn -0.346 -0.158 0.925
vn -0.774 0.275 0.57
vn 0.496 -0.827 -0.263
vn 0.496 -0.827 -0.263
vn 0.551 -0.83 0.086
vn 0.551 -0.83 0.086
vn 0.495 -0.867 0.053
vn 0.667 -0.338 0.664
vn 0.498 -0.649 0.575
vn -0.595 -0.349 -0.724
vn 0.264 -0.224 -0.938
vn 0.256 0.103 -0.961
vn 0.205 -0.236 -0.95
vn 0.197 -0.124 -0.973
vn 0.085 -0.035 -0.996
vn 0.085 -0.035 -0.996
vn -0.095 -0.478 0.873
vn -0.017 -0.549 0.836
vn -0.017 -0.549 0.836
vn 0.004 -0.973 0.233
vn 0.004 -0.973 0.233
vn -0.053 -0.987 0.152
vn 0.485 -0.721 0.495
vn 0.389 0.572 0.723
vn -0.001 0.05 -0.999
vn -0.001 0.05 -0.999
vn -0.695 0.666 -0.27
vn -0.152 0.634 0.758
vn 0.898 0.377 -0.228
vn 0.006 0.086 -0.996
vn 0.006 0.086 -0.996
vn 0.107 0.777 0.621
vn 0.973 0.171 -0.158
vn 0.027 0.069 -0.997
vn -0.882 0.451 -0.137
vn 0.382 -0.261 0.887
vn 0.415 -0.022 0.91
vn 0.524 -0.513 -0.68
vn 0.523 -0.548 -0.653
vn -0.153 -0.089 -0.984
vn -0.25 -0.15 -0.957
vn 0.438 0.004 0.899
vn 0.438 0.004 0.899
vn 0.432 0.003 0.902
vn -0.558 0.688 0.463
vn -0.171 -0.054 -0.984
vn -0.171 -0.054 -0.984
vn -0.204 0.011 -0.979
vn -0.227 -0.128 -0.965
vn -0.227 -0.128 -0.965
vn -0.364 0.858 0.361
vn 0.936 -0.23 0.266
vn 0.936 -0.23 0.266
vn 0.567 0.305 0.765
vn -0.076 0.902 0.425
vn 0.423 -0.561 -0.711
vn -0.671 0.664 -0.331
vn 0.972 -0.199 0.127
vn 0.384 0.845 0.373
vn 0.046 -0.303 -0.952
vn -0.686 0.608 -0.399
vn 0.918 0.395 0.027
vn -0.849 0.041 0.527
vn -0.867 0.034 0.497
vn -0.867 0.034 0.497
vn 0.243 -0.36 -0.901
vn -0.398 0.009 -0.917
vn -0.757 -0.303 -0.578
vn -0.757 -0.303 -0.578
vn 0.131 -0.023 -0.991
vn 0.033 0.326 -0.945
vn 0.249 -0.781 -0.573
vn 0.249 -0.781 -0.573
vn 0.323 -0.671 -0.668
vn 0.323 -0.671 -0.668
vn 0.323 -0.671 -0.668
vn 0.286 -0.367 -0.885
vn 0.59 0.006 -0.807
vn 0.482 -0.733 -0.48
vn 0.771 0.508 -0.383
vn 0.098 0.452 -0.887
vn 0.758 0.453 -0.47
vn 0.09 0.448 -0.889
vn -0.39 0.904 -0.177
vn -0.484 0.873 0.06
vn -0.484 0.873 0.06
vn -0.206 0.977 0.058
vn 0.393 0.88 0.265
vn 0.753 -0.65 0.102
vn 0.195 -0.975 0.111
vn 0.874 0.324 0.361
vn 0.693 -0.628 0.353
vn 0.697 -0.717 -0.018
vn 0.496 -0.76 0.419
vn 0.54 -0.842 -0.001
vn 0.069 -0.946 -0.318
vn 0.095 -0.995 -0.032
vn 0.375 -0.859 -0.349
vn 0.226 -0.757 -0.613
vn 0.092 -0.748 -0.658
vn 0.04 -0.839 -0.542
vn 0.23 0.692 -0.685
vn 0.384 0.639 -0.666
vn 0.23 0.941 -0.248
vn 0.551 0.816 -0.177
vn 0.122 0.313 -0.942
vn 0.32 0.34 -0.884
vn 0.186 0.511 -0.839
vn 0.365 0.581 -0.728
vn 0.276 0.681 -0.678
vn 0.408 0.891 0.2
vn -0.121 0.715 -0.688
vn -0.079 0.973 0.215
vn 0.204 0.534 -0.821
vn 0.416 0.477 0.774
vn 0.514 0.178 0.839
vn 0.017 0.49 0.872
vn 0.053 0.2 0.978
vn 0.011 0.534 0.846
vn -0.001 0.611 0.791
vn 0.505 0.574 0.644
vn 0.629 0.592 0.504
vn 0.629 0.33 0.704
vn 0.614 0.782 0.107
vn 0.833 0.199 0.517
vn 0.546 0.83 -0.111
vn 0.781 0.424 -0.458
vn 0.859 0.309 -0.408
vn 0.62 0.782 -0.056
vn 0.357 0.657 -0.664
vn 0.429 0.489 -0.76
vn 0.501 -0.674 0.543
vn 0.121 -0.876 0.466
vn 0.118 -0.92 0.373
vn 0.59 -0.066 0.805
vn 0.648 -0.108 0.754
vn 0.805 -0.085 0.587
vn 0.737 0.019 0.675
vn 0.081 -0.072 0.994
vn 0.737 0.019 0.675
vn 0.499 -0.252 0.829
vn 0.68 0.726 0.104
vn 0.375 0.568 -0.732
vn -0.111 0.471 -0.875
vn -0.1 0.302 -0.948
vn 0.33 0.32 0.888
vn 0.495 0.757 0.427
vn 0.671 0.621 0.405
vn -0.082 0.128 -0.988
vn 0.103 -0.038 -0.994
vn 0.162 0.112 -0.98
vn 0.093 -0.025 -0.995
vn 0.093 -0.025 -0.995
vn -0.083 0.981 0.176
vn 0.153 0.988 -0.024
vn 0.533 0.846 -0.002
vn 0.223 0.776 0.59
vn 0.461 0.836 0.299
vn -0.019 0.72 0.694
vn 0.156 0.752 0.64
vn -0.11 0.976 -0.19
vn 0.692 0.665 -0.282
vn 0.71 0.322 0.626
vn 0.409 0.501 0.763
vn -0.112 0.479 -0.871
vn 0.762 0.59 0.267
vn 0.649 0.685 0.332
vn 0.836 -0.129 -0.534
vn 0.673 0.33 0.662
vn 0.776 0.374 -0.508
vn 0.985 -0.12 0.124
vn 0.939 -0.156 0.308
vn 0.801 -0.184 0.57
vn 0.838 -0.466 -0.283
vn 0.877 -0.099 -0.47
vn 0.418 -0.354 -0.837
vn 0.519 -0.15 -0.842
vn -0.059 0.91 0.411
vn -0.056 0.9 0.433
vn 0.667 -0.221 0.711
vn 0.643 -0.246 0.725
vn 0.643 -0.246 0.725
vn 0.409 0.307 -0.859
vn 0.866 0.337 0.371
vn 0.932 0.329 0.15
vn 0.939 0.343 0.029
vn -0.121 0.682 -0.721
vn 1 -0.016 -0.012
vn 0.94 0.341 -0.023
vn 0.754 0.428 -0.498
vn 0.231 -0.023 -0.973
vn 0.335 0.124 -0.934
vn 0.556 -0.828 -0.073
vn 0.804 0.562 -0.194
vn 0.967 -0.179 0.183
vn 0.777 0.627 0.056
vn 0.884 0.127 0.451
vn 0.696 0.591 -0.407
vn 0.685 0.362 0.632
vn 0.849 0.295 -0.439
vn 0.64 0.649 0.411
vn 0.984 0.003 -0.181
vn 0.966 0.05 -0.255
vn 0.857 0.459 0.235
vn 0.737 0.675 -0.039
vn 0.925 0.362 0.113
vn 0.66 0.75 -0.038
vn 0.826 0.141 -0.545
vn 0.845 0.534 -0.028
vn 0.781 0.577 0.238
vn 0.682 0.731 -0.007
vn 0.852 0.514 -0.096
vn 0.82 0.409 -0.401
vn 0.962 -0.272 -0.032
vn 0.998 -0.005 0.065
vn 0.978 0.107 0.18
vn 0.827 0.558 -0.069
vn 0.844 0.436 0.312
vn 0.95 0.033 0.31
vn 0.808 0.551 0.207
vn 0.912 0.396 0.111
vn 0.259 -0.082 -0.962
vn 0.259 -0.082 -0.962
vn 0.152 -0.212 -0.965
vn 0.216 -0.162 -0.963
vn 0.216 -0.162 -0.963
vn 0.109 -0.574 -0.812
vn 0.109 -0.574 -0.812
vn 0.118 -0.924 0.363
vn 0.396 -0.805 -0.441
vn 0.396 -0.805 -0.441
vn 0.413 -0.743 -0.526
vn 0.133 0.006 -0.991
vn 0.208 -0.575 -0.792
vn 0.208 -0.575 -0.792
vn -0.226 0.098 -0.969
vn -0.246 0.221 -0.944
vn -0.686 0.383 0.618
vn -0.359 0.893 -0.27
vn -0.359 0.893 -0.27
vn 0.953 -0.033 0.302
vn 0.904 -0.418 -0.091
vn 0.077 -0.024 0.997
vn -0.045 0.853 0.521
vn 0.787 0.569 0.238
vn -0.044 0.85 0.524
vn -0.044 0.85 0.524
vn 0.85 0.493 0.186
vn 0.12 -0.889 0.442
vn 0.842 -0.491 0.224
vn 0.111 -0.969 0.22
vn 0.823 -0.562 0.088
vn 0.823 -0.562 0.088
vn 0.521 0.77 -0.369
vn 0.381 0.704 -0.599
vn 0.534 0.835 -0.13
vn 0.516 0.848 -0.123
vn 0.445 0.79 -0.422
vn 0.555 0.809 -0.196
vn -0.494 -0.387 0.779
vn -0.377 -0.471 0.797
vn 0.579 0.807 0.117
vn 0.587 0.791 0.17
vn -0.63 -0.308 0.713
vn 0.581 0.764 0.281
vn 0.43 0.047 0.901
vn -0.593 -0.805 -0.009
vn -0.583 -0.811 -0.039
vn -0.603 -0.798 0.009
vn 0.383 0.456 -0.803
vn 0.517 0.44 -0.734
vn 0.384 0.488 -0.784
vn 0.743 0.448 -0.498
vn -0.111 -0.005 -0.994
vn 0.577 0.812 -0.089
vn -0.487 0.269 -0.831
vn 0.424 -0.312 -0.85
vn 0.535 0.841 -0.079
vn -0.087 -0.056 -0.995
vn 0.823 -0.542 -0.173
vn 0.564 0.805 -0.183
vn 0.632 -0.615 -0.472
vn 0.595 0.804 0.018
vn 0.595 0.804 0.018
vn 0.606 0.791 -0.082
vn 0.607 0.791 -0.081
vn 0.585 0.804 -0.107
vn -0.698 0.438 -0.567
vn 0.585 0.804 -0.107
vn 0.649 0.761 -0.003
vn -0.561 -0.721 0.406
vn -0.561 -0.721 0.406
vn -0.362 0.019 0.932
vn 0.243 0.732 0.636
vn -0.56 -0.543 0.626
vn 0.507 0.816 -0.279
vn 0.52 0.767 -0.376
vn 0.374 0.37 -0.85
vn 0.284 0.247 -0.926
vn 0.284 0.247 -0.926
vn 0.423 0.895 -0.144
vn 0.915 0.304 -0.264
vn 0.398 0.917 -0.038
vn 0.852 0.431 -0.299
vn 0.852 0.431 -0.299
vn -0.687 -0.715 0.127
vn -0.901 0.163 0.402
vn -0.687 -0.715 0.127
vn -0.714 0.284 0.64
vn -0.633 -0.774 0.03
vn -0.377 0.146 0.915
vn 0.509 0.86 0.032
vn -0.665 0.002 0.747
vn 0.38 0.91 -0.168
vn -0.646 -0.734 0.209
vn -0.646 -0.734 0.209
vn -0.569 -0.813 0.122
vn 0.768 0.472 -0.434
vn 0.615 0.776 -0.141
vn 0.653 0.527 -0.545
vn 0.746 0.367 -0.555
vn 0.746 0.367 -0.555
vn -0.499 -0.766 0.405
vn -0.492 -0.8 0.343
vn -0.492 -0.8 0.343
vn 0.282 0.933 0.223
vn -0.456 -0.802 0.385
vn -0.456 -0.802 0.385
vn 0.508 0.831 -0.226
vn 0.431 0.374 -0.821
vn 0.431 0.374 -0.821
vn 0.516 0.556 -0.652
vn -0.547 -0.726 0.417
vn -0.484 -0.802 0.35
vn -0.484 -0.802 0.35
vn -0.028 0.899 -0.437
vn -0.028 0.899 -0.437
vn 0.144 0.653 0.744
vn 0.144 0.653 0.744
vn 0.369 0.486 0.792
vn 0.557 0.166 -0.814
vn 0.557 0.166 -0.814
vn 0.734 -0.651 -0.194
vn 0.056 -0.946 0.321
vn 0.056 -0.946 0.321
vn 0.681 -0.602 -0.418
vn 0.683 -0.601 -0.415
vn 0.683 -0.601 -0.415
vn -0.082 0.087 -0.993
vn -0.064 -0.104 -0.993
vn -0.056 0.032 -0.998
vn -0.09 -0.098 -0.991
vn 0.083 -0.092 0.992
vn 0.162 -0.105 0.981
vn 0.18 -0.132 0.975
vn 0.101 -0.127 0.987
vn 0.101 -0.127 0.987
vn -0.186 0.308 -0.933
vn -0.071 0.422 0.904
vn 0.814 0.343 -0.47
vn 0.814 0.343 -0.47
vn 0.814 0.343 -0.47
vn 0.877 0.462 0.132
vn 0.877 0.462 0.132
vn 0.877 0.462 0.132
vn 0.881 0.437 0.182
vn 0.881 0.437 0.182
vn 0.881 0.437 0.182
vn -0.143 0.029 0.989
vn -0.248 0.321 -0.914
vn -0.033 0.777 -0.629
vn -0.033 0.777 -0.629
vn 0.964 -0.221 0.148
vn 0.875 -0.196 0.443
vn 0.213 0.976 -0.036
vn 0.213 0.976 -0.036
vn 0.213 0.976 -0.036
vn 0.94 0.253 -0.228
vn 0.94 0.253 -0.228
vn 0.94 0.253 -0.228
vn 0.193 0.981 -0.006
vn 0.193 0.981 -0.006
vn 0.193 0.981 -0.006
vn 0.947 0.242 -0.213
vn 0.947 0.242 -0.213
vn 0.947 0.242 -0.213
vn 0.147 0.989 -0.035
vn 0.147 0.989 -0.035
vn 0.147 0.989 -0.035
vn 0.909 0.379 -0.172
vn 0.909 0.379 -0.172
vn 0.909 0.379 -0.172
vn -0.135 0.991 -0.006
vn -0.135 0.991 -0.006
vn -0.135 0.991 -0.006
vn 0.792 0.6 -0.115
vn 0.792 0.6 -0.115
vn 0.792 0.6 -0.115
vn -0.127 0.992 -0.008
vn -0.098 0.995 -0.01
vn -0.127 0.992 -0.008
vn 0.785 0.61 -0.112
vn 0.785 0.61 -0.112
vn 0.785 0.61 -0.112
vn 0.265 0.933 0.243
vn 0.265 0.933 0.243
vn 0.265 0.933 0.243
vn 0.978 0.189 0.091
vn 0.978 0.189 0.091
vn 0.978 0.189 0.091
vn 0.237 0.946 0.223
vn 0.237 0.946 0.223
vn 0.237 0.946 0.223
vn 0.977 0.203 0.061
vn 0.977 0.203 0.061
vn 0.977 0.203 0.061
vn 0.165 0.947 0.275
vn 0.165 0.947 0.275
vn 0.165 0.947 0.275
vn 0.935 0.325 0.141
vn 0.935 0.325 0.141
vn 0.935 0.325 0.141
vn -0.109 0.949 0.295
vn -0.109 0.949 0.295
vn -0.109 0.949 0.295
vn 0.822 0.537 0.19
vn 0.822 0.537 0.19
vn 0.822 0.537 0.19
vn -0.101 0.95 0.296
vn -0.072 0.953 0.294
vn -0.101 0.95 0.296
vn 0.807 0.575 0.134
vn 0.807 0.575 0.134
vn 0.807 0.575 0.134
vn -0.589 -0.805 0.07
vn -0.537 -0.842 0.051
vn -0.543 -0.823 0.165
vn -0.572 -0.82 -0.012
vn -0.572 -0.82 -0.012
vn -0.603 -0.795 0.066
vn -0.616 -0.786 0.053
vn -0.616 -0.786 0.053
vn -0.603 -0.791 0.102
vn -0.603 -0.791 0.102
vn -0.626 -0.78 -0.008
vn 0.905 -0.305 0.297
vn 0.905 -0.305 0.297
vn 0.905 -0.305 0.297
vn 0.882 -0.365 0.299
vn 0.748 -0.422 0.513
vn 0.352 -0.008 -0.936
vn 0.659 -0.135 -0.74
vn 0.221 -0.431 -0.875
vn -0.297 -0.688 -0.662
vn 0.896 -0.413 0.161
vn 0.841 -0.529 0.111
vn -0.213 -0.801 -0.559
vn 0.661 -0.276 -0.697
vn 0.011 -0.459 -0.888
vn 0.779 -0.482 0.4
vn 0.89 -0.382 0.249
vn -0.169 -0.974 0.153
vn -0.591 -0.754 -0.285
vn -0.927 0.119 0.355
vn -0.501 -0.821 -0.274
vn -0.927 0.119 0.355
vn -0.501 -0.821 -0.274
vn -0.913 0.146 0.38
vn -0.533 -0.805 -0.26
vn -0.916 0.19 0.355
vn -0.504 -0.863 0.025
vn -0.911 0.134 0.391
vn -0.491 -0.868 -0.071
vn -0.889 0.092 0.448
vn -0.477 -0.863 -0.168
vn -0.843 -0.508 0.178
vn -0.868 -0.493 0.049
vn -0.856 0.001 -0.518
vn -0.894 0.005 -0.448
vn -0.88 -0.347 -0.324
vn -0.89 -0.406 -0.206
vn -0.674 -0.738 -0.038
vn -0.808 -0.56 -0.186
vn -0.585 0.708 0.397
vn -0.721 0.618 -0.314
vn -0.514 0.847 0.136
vn -0.491 0.839 -0.233
vn -0.697 0.674 0.245
vn -0.364 -0.798 0.48
vn -0.361 -0.755 0.547
vn -0.832 -0.072 0.551
vn -0.035 -0.248 0.968
vn -0.567 0.652 -0.504
vn -0.275 -0.727 0.629
vn -0.837 0.281 -0.47
vn -0.656 0.516 -0.551
vn -0.944 0.17 -0.283
vn -0.445 -0.475 0.759
vn -0.904 -0.239 0.354
vn -0.686 -0.695 0.218
vn -0.971 -0.071 0.23
vn -0.602 -0.606 -0.52
vn -0.987 0.089 -0.132
vn -0.701 -0.38 0.603
vn -0.415 -0.471 0.778
vn -0.261 0.943 0.208
vn -0.463 0.596 0.656
vn -0.336 -0.474 0.814
vn -0.501 -0.698 0.511
vn -0.486 -0.831 0.272
vn -0.486 -0.831 0.272
vn -0.517 0.344 -0.784
vn -0.012 -0.082 -0.997
vn -0.321 0.395 -0.86
vn 0.139 -0.108 -0.984
vn 0.126 -0.391 -0.912
vn -0.566 0.51 -0.648
vn -0.937 0.311 -0.159
vn -0.761 0.528 -0.378
vn 0.414 0.857 0.305
vn 0.414 0.857 0.305
vn -0.027 0.793 0.609
vn -0.202 0.432 0.879
vn -0.211 0.271 0.939
vn -0.584 0.259 0.769
vn -0.831 -0.048 0.554
vn -0.878 -0.361 0.315
vn -0.735 -0.64 0.225
vn -0.769 -0.477 0.426
vn -0.039 0.603 0.797
vn -0.135 0.963 -0.232
vn -0.095 0.747 -0.658
vn 0.615 0.759 -0.216
vn 0.841 0.454 -0.295
vn 0.468 0.883 -0.044
vn -0.147 -0.901 -0.407
vn -0.105 -0.765 -0.636
vn 0.131 -0.413 -0.901
vn 0.131 -0.413 -0.901
vn -0.736 -0.672 -0.08
vn 0.6 0.799 -0.036
vn -0.928 0.113 -0.354
vn -0.158 -0.706 -0.69
vn -0.557 -0.774 -0.301
vn -0.455 -0.864 -0.215
vn -0.472 0.881 -0.025
vn -0.968 -0.237 0.079
vn 0.958 0.284 0.043
vn -0.684 -0.73 -0.004
vn -0.288 -0.612 0.737
vn -0.926 -0.253 0.281
vn -0.199 0.414 0.888
vn 0.756 0.401 0.518
vn -0.365 -0.93 -0.049
vn 0.963 0.169 0.208
vn 0.967 0.007 0.253
vn -0.277 -0.67 -0.689
vn 0.958 0.245 0.149
vn -0.779 -0.277 0.563
vn -0.241 0.344 0.907
vn 0.563 0.509 0.651
vn -0.77 -0.633 0.079
vn 0.914 0.366 0.174
vn 0.281 -0.733 -0.62
vn 0.17 -0.709 -0.685
vn 0.17 -0.709 -0.685
vn 0.128 -0.2 -0.971
vn 0.128 -0.2 -0.971
vn 0.128 -0.2 -0.971
vn 0.126 -0.217 -0.968
vn 0.126 -0.217 -0.968
vn -0.735 0.458 0.5
vn -0.367 0.553 0.748
vn -0.078 0.815 0.574
vn 0.146 -0.213 -0.966
vn 0.152 -0.224 -0.963
vn 0.142 -0.224 -0.964
vn 0.142 -0.224 -0.964
vn -0.191 0.641 0.744
vn -0.822 0.557 -0.118
vn -0.015 -0.644 0.765
vn -0.015 -0.644 0.765
vn -0.404 -0.612 0.679
vn -0.37 -0.919 -0.14
vn -0.241 -0.873 0.424
vn -0.979 0.131 0.157
vn -0.997 -0.028 -0.076
vn -0.981 0.084 0.173
vn 0.174 0.653 -0.737
vn -0.342 0.048 -0.938
vn 0.057 0.637 -0.769
vn -0.075 0.32 -0.945
vn 0.068 0.623 -0.779
vn 0.167 -0.076 0.983
vn -0.175 0.335 0.926
vn -0.748 -0.663 -0.001
vn -0.128 -0.311 -0.942
vn -0.95 -0.17 -0.263
vn 0.766 0.307 0.565
vn 0.677 0.174 0.715
vn 0.244 -0.563 0.79
vn -0.765 -0.63 -0.134
vn -0.402 0.612 -0.681
vn -0.299 0.461 -0.836
vn -0.842 -0.494 -0.217
vn -0.729 -0.675 -0.115
vn 0.084 0.685 -0.724
vn 0.109 0.818 -0.565
vn 0.633 0.088 0.769
vn 0.643 0.048 0.765
vn 0.068 -0.212 0.975
vn 0.189 -0.372 0.909
vn 0.639 0.226 0.735
vn 0.124 0.274 0.954
vn -0.51 -0.126 0.851
vn -0.301 0.153 -0.941
vn -0.365 -0.064 -0.929
vn -0.474 -0.025 -0.88
vn -0.152 0.272 -0.95
vn 0.113 0.461 -0.88
vn 0.323 -0.618 0.716
vn 0.726 -0.039 0.687
vn -0.188 -0.906 -0.379
vn -0.188 -0.906 -0.379
vn -0.089 -0.996 -0.016
vn -0.458 -0.877 0.144
vn -0.458 -0.877 0.144
vn -0.539 -0.596 0.596
vn -0.608 -0.473 0.638
vn 0.905 -0.371 -0.208
vn 0.029 -0.251 -0.968
vn 0.159 -0.44 -0.884
vn -0.043 -0.496 -0.867
vn 0.084 -0.543 -0.835
vn 0.084 -0.543 -0.835
vn -0.031 -0.652 -0.758
vn 0.001 -0.345 0.939
vn 0.001 -0.345 0.939
vn 0.059 -0.257 0.965
vn 0.191 -0.855 0.482
vn 0.129 -0.831 0.541
vn 0.129 -0.831 0.541
vn -0.668 0.581 0.466
vn 0.172 -0.228 -0.958
vn 0.172 -0.228 -0.958
vn 0.504 0.761 -0.407
vn -0.186 0.83 0.526
vn -0.91 -0.027 -0.413
vn 0.153 -0.197 -0.968
vn 0.153 -0.197 -0.968
vn -0.446 0.833 0.329
vn -0.932 -0.219 -0.288
vn 0.14 -0.219 -0.966
vn 0.718 0.667 -0.197
vn -0.444 -0.539 0.716
vn -0.388 -0.725 0.569
vn -0.448 -0.13 -0.884
vn -0.451 -0.086 -0.888
vn 0.296 0.412 -0.862
vn 0.195 0.473 -0.859
vn -0.469 -0.513 0.719
vn -0.469 -0.513 0.719
vn -0.463 -0.515 0.722
vn 0.477 0.352 0.805
vn 0.21 0.503 -0.838
vn 0.21 0.503 -0.838
vn 0.237 0.556 -0.797
vn 0.272 0.434 -0.859
vn 0.272 0.434 -0.859
vn 0.272 0.539 0.797
vn -0.921 -0.39 0.024
vn -0.921 -0.39 0.024
vn -0.02 0.525 0.851
vn -0.62 -0.196 0.76
vn -0.345 -0.103 -0.933
vn 0.62 0.773 0.137
vn -0.471 0.48 0.74
vn -0.954 -0.29 -0.079
vn 0.015 0.266 -0.964
vn 0.643 0.764 0.051
vn -0.579 -0.643 -0.502
vn 0.848 -0.182 0.498
vn 0.848 -0.182 0.498
vn 0.819 -0.201 0.537
vn -0.331 0.321 -0.888
vn 0.23 0.74 -0.632
vn 0.611 -0.468 -0.639
vn 0.944 -0.281 -0.171
vn 0.944 -0.281 -0.171
vn -0.987 0.156 0.032
vn 0.093 -0.821 -0.563
vn 0.093 -0.821 -0.563
vn 0.093 -0.821 -0.563
vn 0.05 -0.788 -0.614
vn 0.05 -0.788 -0.614
vn 0.239 -0.455 -0.858
vn 0.12 -0.392 -0.912
vn -0.122 -0.74 -0.662
vn -0.609 0.147 -0.779
vn -0.697 0.193 -0.69
vn 0.684 0.424 0.593
vn 0.684 0.424 0.593
vn 0.422 0.844 0.33
vn -0.795 0.606 -0.018
vn -0.572 -0.82 -0.026
vn -0.993 -0.096 -0.076
vn -0.361 -0.93 0.066
vn -0.54 -0.838 0.075
vn -0.273 -0.836 0.477
vn -0.499 -0.745 0.442
vn -0.25 -0.92 -0.303
vn -0.04 -0.748 -0.662
vn -0.141 -0.847 -0.512
vn -0.718 0.692 -0.082
vn -0.594 0.543 -0.594
vn -0.441 0.875 -0.198
vn -0.457 0.624 -0.633
vn -0.573 0.489 -0.658
vn -0.506 0.259 -0.823
vn -0.402 0.453 -0.796
vn -0.317 0.27 -0.909
vn -0.539 0.798 0.27
vn -0.499 0.605 -0.621
vn -0.422 0.473 -0.774
vn -0.41 0.088 0.908
vn -0.382 0.399 0.833
vn -0.65 0.467 0.599
vn -0.507 0.475 0.719
vn -0.661 0.75 -0.004
vn -0.73 0.651 0.207
vn -0.77 0.042 0.636
vn -0.571 0.213 0.793
vn -0.953 0.131 -0.273
vn -0.907 0.259 -0.332
vn -0.622 0.386 -0.682
vn -0.568 0.567 -0.597
vn -0.727 0.685 0.049
vn -0.276 -0.75 0.601
vn -0.679 -0.23 0.697
vn -0.497 -0.22 0.839
vn -0.441 -0.167 0.882
vn -0.314 -0.332 0.89
vn -0.62 -0.114 0.776
vn -0.62 -0.114 0.776
vn -0.581 0.474 -0.662
vn -0.785 0.582 0.213
vn -0.252 0.263 0.932
vn -0.712 0.485 0.508
vn -0.563 0.653 0.506
vn -0.16 0.109 -0.981
vn -0.16 0.109 -0.981
vn -0.319 0.128 -0.939
vn -0.245 -0.041 -0.969
vn -0.343 0.939 0.013
vn -0.712 0.697 0.086
vn -0.565 0.735 0.375
vn -0.279 0.727 0.627
vn -0.202 0.717 0.667
vn -0.382 0.423 0.822
vn -0.659 0.188 0.728
vn -0.841 0.515 -0.168
vn -0.814 0.436 0.384
vn -0.899 0.209 -0.384
vn -0.864 -0.296 -0.407
vn -0.619 0.203 0.759
vn -0.713 0.551 0.433
vn -0.835 -0.33 0.44
vn -0.658 -0.327 0.678
vn -0.914 -0.306 0.265
vn -0.642 -0.262 -0.721
vn -0.901 -0.273 -0.338
vn -0.517 -0.506 -0.69
vn -0.765 -0.623 -0.164
vn -0.47 -0.355 0.808
vn -0.47 -0.355 0.808
vn -0.5 -0.335 0.798
vn -0.582 0.21 -0.786
vn -0.973 0.156 0.171
vn -0.946 0.145 0.29
vn -0.85 0.168 0.499
vn -0.887 0.267 -0.376
vn -0.981 0.153 0.121
vn -0.969 -0.209 0.135
vn -0.512 0.073 -0.856
vn -0.398 0.073 -0.914
vn -0.391 -0.921 -0.003
vn -0.917 0.394 -0.066
vn -0.849 0.439 -0.292
vn -0.867 0.465 0.179
vn -0.815 -0.04 0.577
vn -0.877 -0.359 0.32
vn -0.981 -0.19 -0.035
vn -0.945 0.119 -0.305
vn -0.686 0.519 0.51
vn -0.642 0.232 0.731
vn -0.885 0.288 0.364
vn -0.984 -0.141 -0.11
vn -0.951 0.178 0.253
vn -0.851 0.52 0.079
vn -0.791 0.608 0.07
vn -0.927 0.361 0.104
vn -0.834 0.418 0.359
vn -0.909 -0.029 -0.416
vn -0.804 0.586 0.103
vn -0.94 0.338 0.037
vn -0.933 0.237 -0.27
vn -0.943 -0.081 0.323
vn -0.957 -0.197 0.211
vn -0.885 -0.453 0.106
vn -0.92 0.387 0.061
vn -0.857 0.269 0.438
vn -0.883 -0.146 0.447
vn -0.86 0.388 0.332
vn -0.945 0.214 0.249
vn -0.434 -0.028 -0.9
vn -0.434 -0.028 -0.9
vn -0.438 -0.37 -0.819
vn -0.438 -0.37 -0.819
vn -0.399 -0.399 -0.825
vn -0.238 -0.801 -0.55
vn -0.238 -0.801 -0.55
vn -0.334 -0.817 -0.471
vn -0.293 -0.873 -0.39
vn -0.293 -0.873 -0.39
vn -0.408 -0.001 -0.913
vn 0.019 -0.799 -0.601
vn 0.019 -0.799 -0.601
vn 0.203 0.765 -0.612
vn 0.199 0.73 -0.654
vn 0.707 -0.064 0.705
vn 0.483 0.831 -0.275
vn 0.483 0.831 -0.275
vn -0.809 -0.586 0.036
vn -0.873 -0.212 0.438
vn -0.839 0.409 0.359
vn -0.892 0.322 0.316
vn -0.689 -0.641 0.338
vn -0.677 -0.709 0.2
vn -0.677 -0.709 0.2
vn -0.628 0.406 -0.664
vn -0.811 0.364 -0.458
vn -0.891 0.393 -0.226
vn -0.884 0.413 -0.217
vn -0.884 0.364 -0.294
vn -0.753 0.427 -0.5
vn -0.698 0.666 0.265
vn 0.574 -0.378 0.727
vn -0.7 0.681 0.212
vn 0.668 -0.273 0.692
vn -0.67 0.642 0.374
vn 0.775 -0.171 0.609
vn 0.729 -0.676 -0.108
vn -0.294 -0.024 0.955
vn 0.74 -0.666 -0.091
vn 0.717 -0.684 -0.136
vn -0.694 0.321 -0.644
vn -0.582 0.393 -0.712
vn -0.578 0.362 -0.732
vn -0.88 0.289 -0.377
vn 0.298 0.346 -0.89
vn -0.73 0.683 0.008
vn -0.037 0.002 -0.999
vn -0.051 -0.053 -0.997
vn -0.693 0.721 0.012
vn -0.476 -0.4 -0.783
vn -0.564 -0.732 -0.383
vn -0.729 0.679 -0.087
vn -0.719 -0.693 -0.058
vn -0.73 0.674 0.116
vn -0.73 0.674 0.116
vn -0.753 0.658 0.019
vn -0.753 0.657 0.02
vn 0.509 0.556 -0.657
vn -0.738 0.674 -0.008
vn -0.738 0.674 -0.008
vn -0.777 0.621 0.103
vn -0.701 0.419 0.577
vn 0.678 -0.174 0.714
vn 0.156 0.155 0.976
vn 0.811 -0.304 0.5
vn 0.811 -0.304 0.5
vn -0.245 0.108 -0.963
vn -0.807 0.363 -0.466
vn -0.245 0.108 -0.963
vn -0.838 0.403 -0.369
vn -0.399 0.152 -0.904
vn -0.895 -0.106 -0.433
vn -0.895 -0.106 -0.433
vn -0.839 0.531 -0.116
vn -0.833 0.506 -0.224
vn -0.879 -0.249 -0.406
vn 0.33 0.592 0.735
vn 0.583 0.615 0.53
vn 0.95 -0.28 0.141
vn 0.947 -0.208 0.244
vn 0.947 -0.208 0.244
vn -0.907 0.417 -0.063
vn 0.099 0.268 0.958
vn -0.803 0.545 -0.242
vn 0.436 0.325 0.839
vn 0.908 -0.355 0.223
vn 0.913 -0.253 0.319
vn 0.913 -0.253 0.319
vn -0.921 0.3 -0.248
vn -0.832 -0.016 -0.554
vn -0.739 -0.081 -0.669
vn -0.739 -0.081 -0.669
vn -0.755 0.102 -0.648
vn 0.808 -0.404 0.43
vn 0.808 -0.404 0.43
vn 0.786 -0.376 0.491
vn -0.79 0.592 0.159
vn 0.775 -0.429 0.465
vn 0.775 -0.429 0.465
vn -0.855 0.411 -0.317
vn -0.646 0.211 -0.733
vn -0.451 0.121 -0.884
vn -0.451 0.121 -0.884
vn 0.802 -0.41 0.435
vn 0.802 -0.41 0.435
vn 0.801 -0.316 0.509
vn -0.571 0.818 -0.066
vn -0.571 0.818 -0.066
vn -0.345 -0.251 0.905
vn 0.221 0.285 0.933
vn 0.221 0.285 0.933
vn 0.028 0.634 -0.773
vn 0.028 0.634 -0.773
vn 0.168 -0.981 -0.093
vn 0.168 -0.981 -0.093
vn -0.324 -0.711 -0.625
vn -0.647 -0.581 -0.493
vn -0.647 -0.581 -0.493
vn 0.369 0.133 -0.92
vn -0.039 -0.093 -0.995
vn -0.099 0.028 -0.995
vn 0.072 -0.13 0.989
vn 0.007 -0.121 0.993
vn 0.072 -0.13 0.989
vn -0.006 -0.15 0.989
vn -0.016 0.325 -0.946
vn 0.12 0.44 0.89
vn -0.924 0.173 -0.34
vn -0.924 0.173 -0.34
vn -0.924 0.173 -0.34
vn -0.912 0.261 0.316
vn -0.912 0.261 0.316
vn -0.912 0.261 0.316
vn -0.921 0.286 0.266
vn -0.921 0.286 0.266
vn -0.921 0.286 0.266
vn 0.279 0.07 0.958
vn 0.045 0.35 -0.936
vn -0.21 0.759 -0.616
vn -0.21 0.759 -0.616
vn -0.871 -0.401 0.284
vn -0.746 -0.355 0.563
vn -0.401 0.916 0.01
vn -0.401 0.916 0.01
vn -0.401 0.916 0.01
vn -0.994 0.063 -0.084
vn -0.994 0.063 -0.084
vn -0.994 0.063 -0.084
vn -0.377 0.925 0.036
vn -0.377 0.925 0.036
vn -0.377 0.925 0.036
vn -0.996 0.052 -0.068
vn -0.996 0.052 -0.068
vn -0.996 0.052 -0.068
vn -0.338 0.941 0.001
vn -0.338 0.941 0.001
vn -0.338 0.941 0.001
vn -0.98 0.194 -0.031
vn -0.98 0.194 -0.031
vn -0.98 0.194 -0.031
vn -0.061 0.998 -0.012
vn -0.061 0.998 -0.012
vn -0.061 0.998 -0.012
vn -0.901 0.434 0.011
vn -0.901 0.434 0.011
vn -0.901 0.434 0.011
vn -0.069 0.998 -0.012
vn -0.069 0.998 -0.012
vn -0.895 0.445 0.013
vn -0.895 0.445 0.013
vn -0.895 0.445 0.013
vn -0.402 0.868 0.292
vn -0.402 0.868 0.292
vn -0.402 0.868 0.292
vn -0.974 0.018 0.224
vn -0.974 0.018 0.224
vn -0.974 0.018 0.224
vn -0.38 0.885 0.268
vn -0.38 0.885 0.268
vn -0.38 0.885 0.268
vn -0.978 0.011 0.206
vn -0.978 0.011 0.206
vn -0.978 0.011 0.206
vn -0.303 0.901 0.31
vn -0.303 0.901 0.31
vn -0.303 0.901 0.31
vn -0.954 0.164 0.252
vn -0.954 0.164 0.252
vn -0.954 0.164 0.252
vn -0.034 0.956 0.29
vn -0.034 0.956 0.29
vn -0.034 0.956 0.29
vn -0.88 0.399 0.259
vn -0.88 0.399 0.259
vn -0.88 0.399 0.259
vn -0.042 0.956 0.291
vn -0.042 0.956 0.291
vn -0.875 0.41 0.259
vn -0.875 0.41 0.259
vn -0.875 0.41 0.259
vn 0.737 -0.675 -0.029
vn 0.691 -0.721 -0.04
vn 0.71 -0.7 0.072
vn 0.711 -0.695 -0.107
vn 0.711 -0.695 -0.107
vn 0.748 -0.663 -0.034
vn 0.757 -0.652 -0.05
vn 0.757 -0.652 -0.05
vn 0.752 -0.659 0.001
vn 0.752 -0.659 0.001
vn 0.757 -0.644 -0.111
vn -0.775 -0.47 0.422
vn -0.775 -0.47 0.422
vn -0.775 -0.47 0.422

# Texture Coordinates (1242)
vt 0.056 -0.923 0
vt 0.042 -0.885 0
vt 0.158 -0.953 0
vt 0.169 -0.896 0
vt 0.357 -0.8 0
vt 0.418 -0.998 0
vt 0.352 -0.973 0
vt 0.459 -0.906 0
vt 0.46 -0.782 0
vt 0.298 -0.853 0
vt 0.295 -0.994 0
vt 0.241 -0.891 0
vt 0.227 -0.973 0
vt 0.531 -0.911 0
vt 0.574 -0.8 0
vt 0.992 -0.591 0
vt 0.888 -0.602 0
vt 0.908 -0.663 0
vt 0.938 -0.519 0
vt 0.97 -0.488 0
vt 0.992 -0.591 0
vt 0.888 -0.602 0
vt 0.908 -0.663 0
vt 0.938 -0.519 0
vt 0.97 -0.488 0
vt 0.992 -0.591 0
vt 0.888 -0.602 0
vt 0.908 -0.663 0
vt 0.938 -0.519 0
vt 0.97 -0.488 0
vt 0.992 -0.591 0
vt 0.888 -0.602 0
vt 0.908 -0.663 0
vt 0.938 -0.519 0
vt 0.97 -0.488 0
vt 0.992 -0.591 0
vt 0.888 -0.602 0
vt 0.908 -0.663 0
vt 0.938 -0.519 0
vt 0.97 -0.488 0
vt 0.992 -0.591 0
vt 0.888 -0.602 0
vt 0.908 -0.663 0
vt 0.938 -0.519 0
vt 0.97 -0.488 0
vt 0.399 -0.37 0
vt 0.438 -0.378 0
vt 0.406 -0.403 0
vt 0.444 -0.398 0
vt 0.373 -0.403 0
vt 0.377 -0.369 0
vt 0.377 -0.317 0
vt 0.409 -0.316 0
vt 0.38 -0.346 0
vt 0.422 -0.342 0
vt 0.379 -0.282 0
vt 0.4 -0.246 0
vt 0.405 -0.291 0
vt 0.414 -0.253 0
vt 0.348 -0.272 0
vt 0.385 -0.235 0
vt 0.081 -0.138 0
vt 0.127 -0.136 0
vt 0.077 -0.089 0
vt 0.131 -0.088 0
vt 0.086 -0.051 0
vt 0.021 -0.082 0
vt 0.021 -0.052 0
vt 0.183 -0.089 0
vt 0.21 -0.109 0
vt 0.174 -0.05 0
vt 0.274 -0.06 0
vt 0.021 -0.138 0
vt 0.083 -0.191 0
vt 0.021 -0.189 0
vt 0.331 -0.153 0
vt 0.333 -0.062 0
vt 0.265 -0.17 0
vt 0.14 -0.281 0
vt 0.135 -0.189 0
vt 0.093 -0.287 0
vt 0.218 -0.182 0
vt 0.221 -0.268 0
vt 0.272 -0.262 0
vt 0.021 -0.289 0
vt 0.331 -0.257 0
vt 0.834 -0.173 0
vt 0.817 -0.119 0
vt 0.874 -0.172 0
vt 0.278 -0.333 0
vt 0.223 -0.33 0
vt 0.331 -0.326 0
vt 0.895 -0.235 0
vt 0.865 -0.242 0
vt 0.299 -0.431 0
vt 0.331 -0.435 0
vt 0.283 -0.392 0
vt 0.331 -0.391 0
vt 0.331 -0.435 0
vt 0.106 -0.48 0
vt 0.134 -0.467 0
vt 0.099 -0.433 0
vt 0.129 -0.432 0
vt 0.165 -0.505 0
vt 0.164 -0.54 0
vt 0.049 -0.512 0
vt 0.021 -0.443 0
vt 0.021 -0.381 0
vt 0.098 -0.377 0
vt 0.134 -0.37 0
vt 0.142 -0.328 0
vt 0.909 -0.272 0
vt 0.868 -0.292 0
vt 0.909 -0.272 0
vt 0.946 -0.183 0
vt 0.978 -0.151 0
vt 0.965 -0.221 0
vt 0.96 -0.086 0
vt 0.978 -0.151 0
vt 0.918 -0.132 0
vt 0.978 -0.151 0
vt 0.909 -0.272 0
vt 0.765 -0.271 0
vt 0.772 -0.226 0
vt 0.808 -0.282 0
vt 0.828 -0.237 0
vt 0.808 -0.282 0
vt 0.26 -0.532 0
vt 0.276 -0.503 0
vt 0.228 -0.506 0
vt 0.264 -0.462 0
vt 0.228 -0.506 0
vt 0.299 -0.431 0
vt 0.808 -0.282 0
vt 0.765 -0.163 0
vt 0.909 -0.051 0
vt 0.869 -0.078 0
vt 0.841 -0.042 0
vt 0.672 -0.173 0
vt 0.68 -0.227 0
vt 0.685 -0.267 0
vt 0.692 -0.131 0
vt 0.758 -0.126 0
vt 0.588 -0.262 0
vt 0.568 -0.218 0
vt 0.603 -0.302 0
vt 0.648 -0.14 0
vt 0.712 -0.319 0
vt 0.68 -0.32 0
vt 0.527 -0.177 0
vt 0.622 -0.34 0
vt 0.544 -0.283 0
vt 0.523 -0.239 0
vt 0.567 -0.316 0
vt 0.501 -0.208 0
vt 0.594 -0.356 0
vt 0.642 -0.092 0
vt 0.528 -0.078 0
vt 0.528 -0.078 0
vt 0.451 -0.174 0
vt 0.528 -0.078 0
vt 0.456 -0.069 0
vt 0.528 -0.078 0
vt 0.451 -0.174 0
vt 0.495 -0.284 0
vt 0.514 -0.308 0
vt 0.531 -0.331 0
vt 0.451 -0.174 0
vt 0.419 -0.146 0
vt 0.456 -0.069 0
vt 0.423 -0.097 0
vt 0.161 -0.135 0
vt 0.163 -0.111 0
vt 0.506 -0.422 0
vt 0.505 -0.401 0
vt 0.469 -0.418 0
vt 0.469 -0.394 0
vt 0.505 -0.401 0
vt 0.179 -0.275 0
vt 0.18 -0.319 0
vt 0.18 -0.319 0
vt 0.549 -0.426 0
vt 0.53 -0.457 0
vt 0.58 -0.458 0
vt 0.579 -0.472 0
vt 0.58 -0.458 0
vt 0.424 -0.425 0
vt 0.473 -0.472 0
vt 0.424 -0.473 0
vt 0.54 -0.416 0
vt 0.171 -0.193 0
vt 0.424 -0.512 0
vt 0.38 -0.5 0
vt 0.381 -0.475 0
vt 0.471 -0.516 0
vt 0.471 -0.574 0
vt 0.522 -0.574 0
vt 0.471 -0.535 0
vt 0.522 -0.54 0
vt 0.562 -0.534 0
vt 0.561 -0.576 0
vt 0.424 -0.576 0
vt 0.38 -0.567 0
vt 0.424 -0.624 0
vt 0.375 -0.614 0
vt 0.38 -0.567 0
vt 0.444 -0.665 0
vt 0.407 -0.663 0
vt 0.559 -0.625 0
vt 0.557 -0.677 0
vt 0.534 -0.667 0
vt 0.506 -0.667 0
vt 0.522 -0.631 0
vt 0.424 -0.56 0
vt 0.38 -0.567 0
vt 0.287 -0.469 0
vt 0.299 -0.431 0
vt 0.225 -0.383 0
vt 0.224 -0.445 0
vt 0.224 -0.445 0
vt 0.225 -0.383 0
vt 0.225 -0.383 0
vt 0.751 -0.315 0
vt 0.164 -0.484 0
vt 0.147 -0.461 0
vt 0.797 -0.062 0
vt 0.797 -0.062 0
vt 0.747 -0.074 0
vt 0.797 -0.062 0
vt 0.687 -0.086 0
vt 0.747 -0.074 0
vt 0.687 -0.086 0
vt 0.642 -0.092 0
vt 0.687 -0.086 0
vt 0.687 -0.086 0
vt 0.433 -0.214 0
vt 0.439 -0.251 0
vt 0.451 -0.174 0
vt 0.365 -0.182 0
vt 0.473 -0.287 0
vt 0.562 -0.399 0
vt 0.524 -0.353 0
vt 0.456 -0.069 0
vt 0.366 -0.054 0
vt 0.473 -0.345 0
vt 0.473 -0.287 0
vt 0.354 -0.117 0
vt 0.524 -0.353 0
vt 0.471 -0.628 0
vt 0.471 -0.628 0
vt 0.471 -0.628 0
vt 0.471 -0.628 0
vt 0.559 -0.625 0
vt 0.559 -0.625 0
vt 0.474 -0.662 0
vt 0.471 -0.628 0
vt 0.471 -0.628 0
vt 0.37 -0.656 0
vt 0.492 -0.665 0
vt 0.471 -0.628 0
vt 0.471 -0.628 0
vt 0.492 -0.665 0
vt 0.503 -0.701 0
vt 0.388 -0.694 0
vt 0.403 -0.697 0
vt 0.388 -0.694 0
vt 0.474 -0.662 0
vt 0.454 -0.698 0
vt 0.548 -0.707 0
vt 0.437 -0.71 0
vt 0.437 -0.71 0
vt 0.425 -0.707 0
vt 0.521 -0.713 0
vt 0.403 -0.697 0
vt 0.202 -0.172 0
vt 0.38 -0.567 0
vt 0.38 -0.521 0
vt 0.38 -0.567 0
vt 0.522 -0.516 0
vt 0.568 -0.505 0
vt 0.808 -0.282 0
vt 0.796 -0.318 0
vt 0.796 -0.318 0
vt 0.348 -0.312 0
vt 0.224 -0.445 0
vt 0.228 -0.506 0
vt 0.193 -0.483 0
vt 0.228 -0.506 0
vt 0.224 -0.445 0
vt 0.164 -0.484 0
vt 0.164 -0.484 0
vt 0.287 -0.469 0
vt 0.348 -0.403 0
vt 0.348 -0.374 0
vt 0.348 -0.403 0
vt 0.348 -0.347 0
vt 0.38 -0.429 0
vt 0.381 -0.475 0
vt 0.38 -0.429 0
vt 0.021 -0.01 0
vt 0.086 -0.01 0
vt 0.271 -0.013 0
vt 0.331 -0.014 0
vt 0.173 -0.011 0
vt 0.924 -0.347 0
vt 0.822 -0.313 0
vt 0.911 -0.392 0
vt 0.842 -0.385 0
vt 0.796 -0.459 0
vt 0.856 -0.46 0
vt 0.79 -0.394 0
vt 0.745 -0.408 0
vt 0.705 -0.459 0
vt 0.761 -0.46 0
vt 0.666 -0.947 0
vt 0.684 -0.926 0
vt 0.65 -0.937 0
vt 0.676 -0.913 0
vt 0.784 -0.926 0
vt 0.783 -0.866 0
vt 0.724 -0.946 0
vt 0.718 -0.907 0
vt 0.631 -0.836 0
vt 0.63 -0.812 0
vt 0.587 -0.837 0
vt 0.586 -0.815 0
vt 0.69 -0.953 0
vt 0.637 -0.633 0
vt 0.662 -0.59 0
vt 0.586 -0.628 0
vt 0.586 -0.572 0
vt 0.586 -0.692 0
vt 0.586 -0.735 0
vt 0.628 -0.696 0
vt 0.628 -0.735 0
vt 0.824 -0.811 0
vt 0.822 -0.8 0
vt 0.778 -0.844 0
vt 0.776 -0.824 0
vt 0.781 -0.855 0
vt 0.825 -0.821 0
vt 0.712 -0.851 0
vt 0.707 -0.817 0
vt 0.775 -0.801 0
vt 0.969 -0.389 0
vt 0.944 -0.462 0
vt 0.979 -0.463 0
vt 0.705 -0.558 0
vt 0.738 -0.617 0
vt 0.775 -0.595 0
vt 0.687 -0.476 0
vt 0.641 -0.521 0
vt 0.754 -0.511 0
vt 0.754 -0.511 0
vt 0.659 -0.808 0
vt 0.661 -0.829 0
vt 0.72 -0.981 0
vt 0.784 -0.97 0
vt 0.679 -0.64 0
vt 0.63 -0.785 0
vt 0.653 -0.781 0
vt 0.831 -0.966 0
vt 0.873 -0.962 0
vt 0.835 -0.919 0
vt 0.881 -0.908 0
vt 0.873 -0.962 0
vt 0.586 -0.886 0
vt 0.63 -0.877 0
vt 0.666 -0.866 0
vt 0.664 -0.696 0
vt 0.667 -0.73 0
vt 0.586 -0.953 0
vt 0.636 -0.92 0
vt 0.624 -0.975 0
vt 0.714 -0.889 0
vt 0.714 -0.876 0
vt 0.669 -0.898 0
vt 0.692 -0.986 0
vt 0.683 -0.756 0
vt 0.674 -0.697 0
vt 0.683 -0.691 0
vt 0.689 -0.649 0
vt 0.698 -0.656 0
vt 0.79 -0.656 0
vt 0.795 -0.648 0
vt 0.741 -0.631 0
vt 0.906 -0.723 0
vt 0.869 -0.786 0
vt 0.913 -0.801 0
vt 0.875 -0.813 0
vt 0.586 -0.764 0
vt 0.586 -0.792 0
vt 0.821 -0.565 0
vt 0.754 -0.511 0
vt 0.821 -0.565 0
vt 0.821 -0.789 0
vt 0.765 -0.761 0
vt 0.816 -0.74 0
vt 0.815 -0.713 0
vt 0.651 -0.983 0
vt 0.861 -0.748 0
vt 0.819 -0.769 0
vt 0.839 -0.79 0
vt 0.881 -0.908 0
vt 0.824 -0.838 0
vt 0.777 -0.339 0
vt 0.742 -0.642 0
vt 0.764 -0.676 0
vt 0.777 -0.668 0
vt 0.739 -0.666 0
vt 0.743 -0.651 0
vt 0.716 -0.674 0
vt 0.704 -0.663 0
vt 0.708 -0.695 0
vt 0.689 -0.695 0
vt 0.765 -0.707 0
vt 0.779 -0.709 0
vt 0.712 -0.723 0
vt 0.742 -0.698 0
vt 0.783 -0.662 0
vt 0.757 -0.742 0
vt 0.757 -0.742 0
vt 0.786 -0.71 0
vt 0.677 -0.729 0
vt 0.689 -0.73 0
vt 0.749 -0.728 0
vt 0.889 -0.665 0
vt 0.848 -0.701 0
vt 0.853 -0.722 0
vt 0.713 -0.742 0
vt 0.709 -0.76 0
vt 0.815 -0.641 0
vt 0.704 -0.799 0
vt 0.772 -0.785 0
vt 0.881 -0.908 0
vt 0.879 -0.852 0
vt 0.879 -0.852 0
vt 0.916 -0.847 0
vt 0.879 -0.852 0
vt 0.731 -0.36 0
vt 0.707 -0.388 0
vt 0.917 -0.46 0
vt 0.731 -0.36 0
vt 0.777 -0.339 0
vt 0.777 -0.339 0
vt 0.879 -0.852 0
vt 0.707 -0.388 0
vt 0.705 -0.459 0
vt 0.568 -0.505 0
vt 0.568 -0.505 0
vt 0.38 -0.521 0
vt 0.808 -0.282 0
vt 0.868 -0.292 0
vt 0.889 -0.665 0
vt 0.889 -0.665 0
vt 0.992 -0.591 0
vt 0.888 -0.602 0
vt 0.908 -0.663 0
vt 0.991 -0.591 0
vt 0.888 -0.602 0
vt 0.908 -0.662 0
vt 0.938 -0.519 0
vt 0.97 -0.488 0
vt 0.937 -0.52 0
vt 0.992 -0.589 0
vt 0.97 -0.49 0
vt 0.169 -0.896 0
vt 0.042 -0.885 0
vt 0.357 -0.8 0
vt 0.46 -0.782 0
vt 0.241 -0.891 0
vt 0.298 -0.853 0
vt 0.105 -0.624 0
vt 0.031 -0.618 0
vt 0.096 -0.672 0
vt 0.028 -0.665 0
vt 0.174 -0.635 0
vt 0.169 -0.669 0
vt 0.266 -0.657 0
vt 0.172 -0.611 0
vt 0.051 -0.551 0
vt 0.107 -0.567 0
vt 0.026 -0.701 0
vt 0.082 -0.7 0
vt 0.026 -0.701 0
vt 0.165 -0.685 0
vt 0.068 -0.806 0
vt 0.082 -0.702 0
vt 0.043 -0.762 0
vt 0.177 -0.81 0
vt 0.165 -0.686 0
vt 0.121 -0.798 0
vt 0.233 -0.732 0
vt 0.165 -0.686 0
vt 0.211 -0.758 0
vt 0.267 -0.68 0
vt 0.165 -0.686 0
vt 0.082 -0.702 0
vt 0.165 -0.686 0
vt 0.026 -0.7 0
vt 0.025 -0.731 0
vt 0.082 -0.702 0
vt 0.165 -0.686 0
vt 0.173 -0.825 0
vt 0.044 -0.824 0
vt 0.162 -0.846 0
vt 0.033 -0.844 0
vt 0.044 -0.824 0
vt 0.16 -0.869 0
vt 0.029 -0.873 0
vt 0.17 -0.893 0
vt 0.041 -0.884 0
vt 0.17 -0.893 0
vt 0.288 -0.828 0
vt 0.299 -0.854 0
vt 0.35 -0.773 0
vt 0.356 -0.799 0
vt 0.299 -0.854 0
vt 0.277 -0.768 0
vt 0.281 -0.791 0
vt 0.357 -0.698 0
vt 0.346 -0.739 0
vt 0.357 -0.698 0
vt 0.459 -0.737 0
vt 0.454 -0.764 0
vt 0.236 -0.832 0
vt 0.237 -0.864 0
vt 0.477 -0.72 0
vt 0.357 -0.698 0
vt 0.357 -0.698 0
vt 0.356 -0.799 0
vt 0.356 -0.799 0
vt 0.241 -0.891 0
vt 0.299 -0.854 0
vt 0.241 -0.891 0
vt 0.277 -0.768 0
vt 0.24 -0.809 0
vt 0.277 -0.768 0
vt 0.574 -0.799 0
vt 0.574 -0.799 0
vt 0.477 -0.72 0
vt 0.574 -0.799 0
vt 0.17 -0.893 0
vt 0.241 -0.891 0
vt 0.241 -0.891 0
vt 0.173 -0.825 0
vt 0.24 -0.809 0
vt 0.173 -0.825 0
vt 0.427 -0.411 0
vt 0.38 -0.429 0
vt 0.427 -0.411 0
vt 0.469 -0.394 0
vt 0.469 -0.394 0
vt 0.58 -0.458 0
vt 0.562 -0.409 0
vt 0.544 -0.399 0
vt 0.505 -0.401 0
vt 0.544 -0.399 0
vt 0.544 -0.399 0
vt 0.562 -0.409 0
vt 0.544 -0.399 0
vt 0.278 -0.66 0
vt 0.267 -0.575 0
vt 0.323 -0.653 0
vt 0.347 -0.565 0
vt 0.278 -0.66 0
vt 0.324 -0.652 0
vt 0.267 -0.575 0
vt 0.349 -0.564 0
vt 0.267 -0.575 0
vt 0.305 -0.706 0
vt 0.305 -0.706 0
vt 0.349 -0.564 0
vt 0.324 -0.652 0
vt 0.335 -0.652 0
vt 0.308 -0.71 0
vt 0.335 -0.652 0
vt 0.305 -0.706 0
vt 0.324 -0.652 0
vt 0.305 -0.706 0
vt 0.335 -0.652 0
vt 0.287 -0.718 0
vt 0.287 -0.716 0
vt 0.308 -0.71 0
vt 0.287 -0.718 0
vt 0.889 -0.665 0
vt 0.821 -0.565 0
vt 0.865 -0.566 0
vt 0.856 -0.538 0
vt 0.904 -0.534 0
vt 0.894 -0.487 0
vt 0.904 -0.532 0
vt 0.878 -0.5 0
vt 0.865 -0.566 0
vt 0.856 -0.538 0
vt 0.904 -0.534 0
vt 0.894 -0.487 0
vt 0.904 -0.532 0
vt 0.878 -0.5 0
vt 0.865 -0.566 0
vt 0.856 -0.538 0
vt 0.904 -0.534 0
vt 0.894 -0.487 0
vt 0.904 -0.532 0
vt 0.878 -0.5 0
vt 0.865 -0.566 0
vt 0.856 -0.538 0
vt 0.904 -0.534 0
vt 0.894 -0.487 0
vt 0.904 -0.532 0
vt 0.878 -0.5 0
vt 0.865 -0.566 0
vt 0.856 -0.538 0
vt 0.904 -0.534 0
vt 0.894 -0.487 0
vt 0.904 -0.532 0
vt 0.878 -0.5 0
vt 0.904 -0.534 0
vt 0.856 -0.538 0
vt 0.865 -0.566 0
vt 0.878 -0.5 0
vt 0.904 -0.532 0
vt 0.894 -0.487 0
vt 0.904 -0.534 0
vt 0.856 -0.538 0
vt 0.865 -0.566 0
vt 0.878 -0.5 0
vt 0.904 -0.532 0
vt 0.894 -0.487 0
vt 0.904 -0.534 0
vt 0.856 -0.538 0
vt 0.865 -0.566 0
vt 0.878 -0.5 0
vt 0.904 -0.532 0
vt 0.894 -0.487 0
vt 0.904 -0.534 0
vt 0.856 -0.538 0
vt 0.865 -0.566 0
vt 0.878 -0.5 0
vt 0.904 -0.532 0
vt 0.894 -0.487 0
vt 0.904 -0.534 0
vt 0.856 -0.538 0
vt 0.865 -0.566 0
vt 0.878 -0.5 0
vt 0.904 -0.532 0
vt 0.894 -0.487 0
vt 0.082 -0.702 0
vt 0.165 -0.686 0
vt 0.165 -0.686 0
vt 0.165 -0.686 0
vt 0.267 -0.68 0
vt 0.082 -0.702 0
vt 0.165 -0.686 0
vt 0.082 -0.702 0
vt 0.026 -0.7 0
vt 0.082 -0.702 0
vt 0.165 -0.686 0
vt 0.889 -0.665 0
vt 0.821 -0.565 0
vt 0.815 -0.641 0
vt 0.169 -0.896 0
vt 0.042 -0.885 0
vt 0.158 -0.953 0
vt 0.056 -0.923 0
vt 0.352 -0.973 0
vt 0.418 -0.998 0
vt 0.357 -0.8 0
vt 0.46 -0.782 0
vt 0.459 -0.906 0
vt 0.227 -0.973 0
vt 0.295 -0.994 0
vt 0.241 -0.891 0
vt 0.298 -0.853 0
vt 0.574 -0.8 0
vt 0.531 -0.911 0
vt 0.908 -0.663 0
vt 0.97 -0.488 0
vt 0.908 -0.663 0
vt 0.97 -0.488 0
vt 0.908 -0.663 0
vt 0.97 -0.488 0
vt 0.908 -0.663 0
vt 0.97 -0.488 0
vt 0.908 -0.663 0
vt 0.97 -0.488 0
vt 0.908 -0.663 0
vt 0.97 -0.488 0
vt 0.406 -0.403 0
vt 0.399 -0.37 0
vt 0.377 -0.369 0
vt 0.373 -0.403 0
vt 0.38 -0.346 0
vt 0.377 -0.317 0
vt 0.4 -0.246 0
vt 0.379 -0.282 0
vt 0.131 -0.088 0
vt 0.127 -0.136 0
vt 0.077 -0.089 0
vt 0.081 -0.138 0
vt 0.086 -0.051 0
vt 0.274 -0.06 0
vt 0.21 -0.109 0
vt 0.174 -0.05 0
vt 0.183 -0.089 0
vt 0.083 -0.191 0
vt 0.265 -0.17 0
vt 0.135 -0.189 0
vt 0.093 -0.287 0
vt 0.14 -0.281 0
vt 0.272 -0.262 0
vt 0.221 -0.268 0
vt 0.218 -0.182 0
vt 0.874 -0.172 0
vt 0.817 -0.119 0
vt 0.834 -0.173 0
vt 0.223 -0.33 0
vt 0.278 -0.333 0
vt 0.865 -0.242 0
vt 0.895 -0.235 0
vt 0.331 -0.435 0
vt 0.283 -0.392 0
vt 0.299 -0.431 0
vt 0.331 -0.435 0
vt 0.129 -0.432 0
vt 0.134 -0.467 0
vt 0.099 -0.433 0
vt 0.106 -0.48 0
vt 0.165 -0.505 0
vt 0.098 -0.377 0
vt 0.142 -0.328 0
vt 0.134 -0.37 0
vt 0.868 -0.292 0
vt 0.909 -0.272 0
vt 0.909 -0.272 0
vt 0.965 -0.221 0
vt 0.978 -0.151 0
vt 0.946 -0.183 0
vt 0.978 -0.151 0
vt 0.918 -0.132 0
vt 0.96 -0.086 0
vt 0.978 -0.151 0
vt 0.909 -0.272 0
vt 0.828 -0.237 0
vt 0.772 -0.226 0
vt 0.808 -0.282 0
vt 0.765 -0.271 0
vt 0.808 -0.282 0
vt 0.264 -0.462 0
vt 0.228 -0.506 0
vt 0.26 -0.532 0
vt 0.228 -0.506 0
vt 0.299 -0.431 0
vt 0.808 -0.282 0
vt 0.765 -0.163 0
vt 0.841 -0.042 0
vt 0.869 -0.078 0
vt 0.909 -0.051 0
vt 0.68 -0.227 0
vt 0.672 -0.173 0
vt 0.685 -0.267 0
vt 0.758 -0.126 0
vt 0.692 -0.131 0
vt 0.568 -0.218 0
vt 0.588 -0.262 0
vt 0.603 -0.302 0
vt 0.648 -0.14 0
vt 0.68 -0.32 0
vt 0.712 -0.319 0
vt 0.527 -0.177 0
vt 0.622 -0.34 0
vt 0.523 -0.239 0
vt 0.544 -0.283 0
vt 0.567 -0.316 0
vt 0.501 -0.208 0
vt 0.594 -0.356 0
vt 0.528 -0.078 0
vt 0.642 -0.092 0
vt 0.528 -0.078 0
vt 0.456 -0.069 0
vt 0.451 -0.174 0
vt 0.528 -0.078 0
vt 0.528 -0.078 0
vt 0.451 -0.174 0
vt 0.495 -0.284 0
vt 0.514 -0.308 0
vt 0.531 -0.331 0
vt 0.423 -0.097 0
vt 0.419 -0.146 0
vt 0.456 -0.069 0
vt 0.451 -0.174 0
vt 0.163 -0.111 0
vt 0.161 -0.135 0
vt 0.469 -0.394 0
vt 0.505 -0.401 0
vt 0.469 -0.418 0
vt 0.506 -0.422 0
vt 0.505 -0.401 0
vt 0.18 -0.319 0
vt 0.179 -0.275 0
vt 0.18 -0.319 0
vt 0.579 -0.472 0
vt 0.53 -0.457 0
vt 0.58 -0.458 0
vt 0.549 -0.426 0
vt 0.58 -0.458 0
vt 0.424 -0.473 0
vt 0.424 -0.425 0
vt 0.473 -0.472 0
vt 0.54 -0.416 0
vt 0.171 -0.193 0
vt 0.381 -0.475 0
vt 0.38 -0.5 0
vt 0.424 -0.512 0
vt 0.471 -0.516 0
vt 0.522 -0.54 0
vt 0.522 -0.574 0
vt 0.471 -0.535 0
vt 0.471 -0.574 0
vt 0.561 -0.576 0
vt 0.562 -0.534 0
vt 0.375 -0.614 0
vt 0.38 -0.567 0
vt 0.424 -0.624 0
vt 0.424 -0.576 0
vt 0.38 -0.567 0
vt 0.407 -0.663 0
vt 0.444 -0.665 0
vt 0.534 -0.667 0
vt 0.557 -0.677 0
vt 0.559 -0.625 0
vt 0.522 -0.631 0
vt 0.506 -0.667 0
vt 0.424 -0.56 0
vt 0.38 -0.567 0
vt 0.299 -0.431 0
vt 0.287 -0.469 0
vt 0.224 -0.445 0
vt 0.225 -0.383 0
vt 0.224 -0.445 0
vt 0.225 -0.383 0
vt 0.225 -0.383 0
vt 0.751 -0.315 0
vt 0.147 -0.461 0
vt 0.164 -0.484 0
vt 0.797 -0.062 0
vt 0.747 -0.074 0
vt 0.797 -0.062 0
vt 0.797 -0.062 0
vt 0.747 -0.074 0
vt 0.687 -0.086 0
vt 0.687 -0.086 0
vt 0.687 -0.086 0
vt 0.642 -0.092 0
vt 0.687 -0.086 0
vt 0.439 -0.251 0
vt 0.365 -0.182 0
vt 0.451 -0.174 0
vt 0.473 -0.287 0
vt 0.562 -0.399 0
vt 0.524 -0.353 0
vt 0.366 -0.054 0
vt 0.456 -0.069 0
vt 0.473 -0.345 0
vt 0.473 -0.287 0
vt 0.354 -0.117 0
vt 0.524 -0.353 0
vt 0.471 -0.628 0
vt 0.471 -0.628 0
vt 0.471 -0.628 0
vt 0.471 -0.628 0
vt 0.559 -0.625 0
vt 0.559 -0.625 0
vt 0.471 -0.628 0
vt 0.474 -0.662 0
vt 0.471 -0.628 0
vt 0.37 -0.656 0
vt 0.471 -0.628 0
vt 0.492 -0.665 0
vt 0.471 -0.628 0
vt 0.503 -0.701 0
vt 0.492 -0.665 0
vt 0.388 -0.694 0
vt 0.388 -0.694 0
vt 0.403 -0.697 0
vt 0.454 -0.698 0
vt 0.474 -0.662 0
vt 0.548 -0.707 0
vt 0.437 -0.71 0
vt 0.425 -0.707 0
vt 0.437 -0.71 0
vt 0.521 -0.713 0
vt 0.403 -0.697 0
vt 0.202 -0.172 0
vt 0.38 -0.521 0
vt 0.38 -0.567 0
vt 0.38 -0.567 0
vt 0.522 -0.516 0
vt 0.568 -0.505 0
vt 0.796 -0.318 0
vt 0.808 -0.282 0
vt 0.796 -0.318 0
vt 0.18 -0.319 0
vt 0.193 -0.483 0
vt 0.224 -0.445 0
vt 0.228 -0.506 0
vt 0.228 -0.506 0
vt 0.224 -0.445 0
vt 0.164 -0.484 0
vt 0.164 -0.484 0
vt 0.287 -0.469 0
vt 0.348 -0.403 0
vt 0.348 -0.403 0
vt 0.381 -0.475 0
vt 0.38 -0.429 0
vt 0.38 -0.429 0
vt 0.086 -0.01 0
vt 0.271 -0.013 0
vt 0.173 -0.011 0
vt 0.842 -0.385 0
vt 0.822 -0.313 0
vt 0.911 -0.392 0
vt 0.924 -0.347 0
vt 0.79 -0.394 0
vt 0.705 -0.459 0
vt 0.745 -0.408 0
vt 0.676 -0.913 0
vt 0.684 -0.926 0
vt 0.65 -0.937 0
vt 0.666 -0.947 0
vt 0.718 -0.907 0
vt 0.783 -0.866 0
vt 0.724 -0.946 0
vt 0.784 -0.926 0
vt 0.63 -0.812 0
vt 0.631 -0.836 0
vt 0.69 -0.953 0
vt 0.662 -0.59 0
vt 0.637 -0.633 0
vt 0.628 -0.735 0
vt 0.628 -0.696 0
vt 0.776 -0.824 0
vt 0.822 -0.8 0
vt 0.778 -0.844 0
vt 0.824 -0.811 0
vt 0.825 -0.821 0
vt 0.781 -0.855 0
vt 0.775 -0.801 0
vt 0.707 -0.817 0
vt 0.712 -0.851 0
vt 0.969 -0.389 0
vt 0.775 -0.595 0
vt 0.738 -0.617 0
vt 0.705 -0.558 0
vt 0.754 -0.511 0
vt 0.687 -0.476 0
vt 0.754 -0.511 0
vt 0.661 -0.829 0
vt 0.659 -0.808 0
vt 0.679 -0.64 0
vt 0.653 -0.781 0
vt 0.63 -0.785 0
vt 0.881 -0.908 0
vt 0.873 -0.962 0
vt 0.835 -0.919 0
vt 0.873 -0.962 0
vt 0.63 -0.877 0
vt 0.666 -0.866 0
vt 0.667 -0.73 0
vt 0.664 -0.696 0
vt 0.636 -0.92 0
vt 0.669 -0.898 0
vt 0.714 -0.876 0
vt 0.714 -0.889 0
vt 0.683 -0.756 0
vt 0.698 -0.656 0
vt 0.683 -0.691 0
vt 0.689 -0.649 0
vt 0.674 -0.697 0
vt 0.795 -0.648 0
vt 0.741 -0.631 0
vt 0.79 -0.656 0
vt 0.875 -0.813 0
vt 0.869 -0.786 0
vt 0.913 -0.801 0
vt 0.906 -0.723 0
vt 0.754 -0.511 0
vt 0.821 -0.565 0
vt 0.821 -0.565 0
vt 0.821 -0.789 0
vt 0.815 -0.713 0
vt 0.816 -0.74 0
vt 0.765 -0.761 0
vt 0.839 -0.79 0
vt 0.819 -0.769 0
vt 0.861 -0.748 0
vt 0.824 -0.838 0
vt 0.881 -0.908 0
vt 0.777 -0.339 0
vt 0.742 -0.642 0
vt 0.743 -0.651 0
vt 0.777 -0.668 0
vt 0.739 -0.666 0
vt 0.764 -0.676 0
vt 0.689 -0.695 0
vt 0.704 -0.663 0
vt 0.708 -0.695 0
vt 0.716 -0.674 0
vt 0.779 -0.709 0
vt 0.765 -0.707 0
vt 0.742 -0.698 0
vt 0.712 -0.723 0
vt 0.783 -0.662 0
vt 0.757 -0.742 0
vt 0.786 -0.71 0
vt 0.757 -0.742 0
vt 0.677 -0.729 0
vt 0.689 -0.73 0
vt 0.749 -0.728 0
vt 0.853 -0.722 0
vt 0.848 -0.701 0
vt 0.889 -0.665 0
vt 0.713 -0.742 0
vt 0.709 -0.76 0
vt 0.815 -0.641 0
vt 0.704 -0.799 0
vt 0.772 -0.785 0
vt 0.879 -0.852 0
vt 0.881 -0.908 0
vt 0.916 -0.847 0
vt 0.879 -0.852 0
vt 0.879 -0.852 0
vt 0.707 -0.388 0
vt 0.731 -0.36 0
vt 0.777 -0.339 0
vt 0.731 -0.36 0
vt 0.777 -0.339 0
vt 0.879 -0.852 0
vt 0.705 -0.459 0
vt 0.707 -0.388 0
vt 0.568 -0.505 0
vt 0.568 -0.505 0
vt 0.38 -0.521 0
vt 0.868 -0.292 0
vt 0.808 -0.282 0
vt 0.889 -0.665 0
vt 0.889 -0.665 0
vt 0.908 -0.663 0
vt 0.908 -0.662 0
vt 0.97 -0.488 0
vt 0.97 -0.49 0
vt 0.992 -0.589 0
vt 0.042 -0.885 0
vt 0.169 -0.896 0
vt 0.357 -0.8 0
vt 0.46 -0.782 0
vt 0.298 -0.853 0
vt 0.241 -0.891 0
vt 0.028 -0.665 0
vt 0.031 -0.618 0
vt 0.096 -0.672 0
vt 0.105 -0.624 0
vt 0.169 -0.669 0
vt 0.174 -0.635 0
vt 0.172 -0.611 0
vt 0.266 -0.657 0
vt 0.107 -0.567 0
vt 0.051 -0.551 0
vt 0.082 -0.7 0
vt 0.026 -0.701 0
vt 0.026 -0.701 0
vt 0.165 -0.685 0
vt 0.043 -0.762 0
vt 0.082 -0.702 0
vt 0.068 -0.806 0
vt 0.121 -0.798 0
vt 0.165 -0.686 0
vt 0.177 -0.81 0
vt 0.211 -0.758 0
vt 0.165 -0.686 0
vt 0.233 -0.732 0
vt 0.165 -0.686 0
vt 0.267 -0.68 0
vt 0.082 -0.702 0
vt 0.165 -0.686 0
vt 0.025 -0.731 0
vt 0.026 -0.7 0
vt 0.082 -0.702 0
vt 0.165 -0.686 0
vt 0.033 -0.844 0
vt 0.044 -0.824 0
vt 0.162 -0.846 0
vt 0.173 -0.825 0
vt 0.044 -0.824 0
vt 0.041 -0.884 0
vt 0.029 -0.873 0
vt 0.17 -0.893 0
vt 0.16 -0.869 0
vt 0.17 -0.893 0
vt 0.356 -0.799 0
vt 0.299 -0.854 0
vt 0.35 -0.773 0
vt 0.288 -0.828 0
vt 0.299 -0.854 0
vt 0.346 -0.739 0
vt 0.281 -0.791 0
vt 0.357 -0.698 0
vt 0.277 -0.768 0
vt 0.357 -0.698 0
vt 0.454 -0.764 0
vt 0.459 -0.737 0
vt 0.237 -0.864 0
vt 0.236 -0.832 0
vt 0.357 -0.698 0
vt 0.477 -0.72 0
vt 0.357 -0.698 0
vt 0.356 -0.799 0
vt 0.356 -0.799 0
vt 0.299 -0.854 0
vt 0.241 -0.891 0
vt 0.241 -0.891 0
vt 0.24 -0.809 0
vt 0.277 -0.768 0
vt 0.277 -0.768 0
vt 0.574 -0.799 0
vt 0.477 -0.72 0
vt 0.574 -0.799 0
vt 0.574 -0.799 0
vt 0.241 -0.891 0
vt 0.17 -0.893 0
vt 0.241 -0.891 0
vt 0.24 -0.809 0
vt 0.173 -0.825 0
vt 0.173 -0.825 0
vt 0.38 -0.429 0
vt 0.427 -0.411 0
vt 0.469 -0.394 0
vt 0.427 -0.411 0
vt 0.469 -0.394 0
vt 0.562 -0.409 0
vt 0.58 -0.458 0
vt 0.505 -0.401 0
vt 0.544 -0.399 0
vt 0.544 -0.399 0
vt 0.562 -0.409 0
vt 0.544 -0.399 0
vt 0.544 -0.399 0
vt 0.347 -0.565 0
vt 0.323 -0.653 0
vt 0.349 -0.564 0
vt 0.324 -0.652 0
vt 0.267 -0.575 0
vt 0.267 -0.575 0
vt 0.305 -0.706 0
vt 0.305 -0.706 0
vt 0.335 -0.652 0
vt 0.324 -0.652 0
vt 0.349 -0.564 0
vt 0.324 -0.652 0
vt 0.335 -0.652 0
vt 0.305 -0.706 0
vt 0.308 -0.71 0
vt 0.305 -0.706 0
vt 0.335 -0.652 0
vt 0.287 -0.718 0
vt 0.287 -0.716 0
vt 0.287 -0.718 0
vt 0.308 -0.71 0
vt 0.889 -0.665 0
vt 0.821 -0.565 0
vt 0.904 -0.534 0
vt 0.856 -0.538 0
vt 0.865 -0.566 0
vt 0.878 -0.5 0
vt 0.904 -0.532 0
vt 0.894 -0.487 0
vt 0.904 -0.534 0
vt 0.856 -0.538 0
vt 0.865 -0.566 0
vt 0.878 -0.5 0
vt 0.904 -0.532 0
vt 0.894 -0.487 0
vt 0.904 -0.534 0
vt 0.856 -0.538 0
vt 0.865 -0.566 0
vt 0.878 -0.5 0
vt 0.904 -0.532 0
vt 0.894 -0.487 0
vt 0.904 -0.534 0
vt 0.856 -0.538 0
vt 0.865 -0.566 0
vt 0.878 -0.5 0
vt 0.904 -0.532 0
vt 0.894 -0.487 0
vt 0.904 -0.534 0
vt 0.865 -0.566 0
vt 0.878 -0.5 0
vt 0.904 -0.532 0
vt 0.894 -0.487 0
vt 0.865 -0.566 0
vt 0.856 -0.538 0
vt 0.904 -0.534 0
vt 0.894 -0.487 0
vt 0.904 -0.532 0
vt 0.878 -0.5 0
vt 0.865 -0.566 0
vt 0.856 -0.538 0
vt 0.904 -0.534 0
vt 0.894 -0.487 0
vt 0.904 -0.532 0
vt 0.878 -0.5 0
vt 0.865 -0.566 0
vt 0.856 -0.538 0
vt 0.904 -0.534 0
vt 0.894 -0.487 0
vt 0.904 -0.532 0
vt 0.878 -0.5 0
vt 0.865 -0.566 0
vt 0.856 -0.538 0
vt 0.904 -0.534 0
vt 0.894 -0.487 0
vt 0.904 -0.532 0
vt 0.878 -0.5 0
vt 0.865 -0.566 0
vt 0.904 -0.534 0
vt 0.894 -0.487 0
vt 0.904 -0.532 0
vt 0.878 -0.5 0
vt 0.082 -0.702 0
vt 0.165 -0.686 0
vt 0.165 -0.686 0
vt 0.267 -0.68 0
vt 0.165 -0.686 0
vt 0.082 -0.702 0
vt 0.082 -0.702 0
vt 0.165 -0.686 0
vt 0.026 -0.7 0
vt 0.082 -0.702 0
vt 0.165 -0.686 0
vt 0.815 -0.641 0
vt 0.821 -0.565 0
vt 0.889 -0.665 0

# Indices (3756)
f 1/1/1 3/3/3 2/2/2
f 4/4/4 2/2/2 3/3/3
f 5/5/5 7/7/7 6/6/6
f 8/8/8 9/9/9 5/5/5
f 10/10/10 12/12/12 11/11/11
f 13/13/13 11/11/11 12/12/12
f 14/14/14 15/15/15 9/9/9
f 12/12/12 4/4/4 13/13/13
f 3/3/3 13/13/13 4/4/4
f 5/5/5 6/6/6 8/8/8
f 8/8/8 14/14/14 9/9/9
f 5/5/5 11/11/11 7/7/7
f 5/5/5 10/10/10 11/11/11
f 16/16/16 18/18/18 17/17/17
f 19/19/19 20/20/20 16/16/16
f 21/21/21 23/23/23 22/22/22
f 24/24/24 25/25/25 21/21/21
f 26/26/26 28/28/28 27/27/27
f 29/29/29 30/30/30 26/26/26
f 31/31/31 33/33/33 32/32/32
f 34/34/34 35/35/35 31/31/31
f 36/36/36 38/38/38 37/37/37
f 39/39/39 40/40/40 36/36/36
f 41/41/41 43/43/43 42/42/42
f 44/44/44 45/45/45 41/41/41
f 46/46/46 48/48/48 47/47/47
f 49/49/49 47/47/47 48/48/48
f 48/48/48 46/46/46 50/50/50
f 51/51/51 50/50/50 46/46/46
f 52/52/52 54/54/54 53/53/53
f 55/55/55 53/53/53 54/54/54
f 56/56/56 58/58/58 57/57/57
f 59/59/59 57/57/57 58/58/58
f 60/60/60 56/56/56 61/61/61
f 57/57/57 61/61/61 56/56/56
f 62/62/62 64/64/64 63/63/63
f 65/65/65 63/63/63 64/64/64
f 65/65/65 64/64/64 66/66/66
f 67/67/67 68/68/68 64/64/64
f 69/69/69 71/71/71 70/70/70
f 72/72/72 70/70/70 71/71/71
f 64/64/64 62/62/62 67/67/67
f 73/73/73 67/67/67 62/62/62
f 74/74/74 75/75/75 62/62/62
f 73/73/73 62/62/62 75/75/75
f 76/76/76 78/78/78 77/77/77
f 72/72/72 77/77/77 78/78/78
f 79/79/79 81/81/81 80/80/80
f 74/74/74 80/80/80 81/81/81
f 82/82/82 78/78/78 83/83/83
f 84/84/84 83/83/83 78/78/78
f 85/85/85 75/75/75 81/81/81
f 74/74/74 81/81/81 75/75/75
f 84/84/84 78/78/78 86/86/86
f 76/76/76 86/86/86 78/78/78
f 87/87/87 89/89/89 88/88/88
f 90/90/90 91/91/91 84/84/84
f 83/83/83 84/84/84 91/91/91
f 92/92/92 90/90/90 86/86/86
f 84/84/84 86/86/86 90/90/90
f 93/93/93 89/89/89 94/94/94
f 95/95/95 97/97/97 96/96/96
f 98/98/98 99/99/99 97/97/97
f 100/100/100 102/102/102 101/101/101
f 103/103/103 101/101/101 102/102/102
f 104/104/104 105/105/105 100/100/100
f 106/106/106 100/100/100 105/105/105
f 106/106/106 107/107/107 100/100/100
f 102/102/102 100/100/100 107/107/107
f 108/108/108 85/85/85 109/109/109
f 81/81/81 109/109/109 85/85/85
f 110/110/110 109/109/109 111/111/111
f 109/109/109 81/81/81 111/111/111
f 81/81/81 79/79/79 111/111/111
f 93/93/93 94/94/94 112/112/112
f 113/113/113 114/114/114 94/94/94
f 115/115/115 117/117/117 116/116/116
f 118/118/118 120/120/120 119/119/119
f 115/115/115 121/121/121 120/120/120
f 122/122/122 117/117/117 93/93/93
f 115/115/115 93/93/93 117/117/117
f 93/93/93 115/115/115 89/89/89
f 120/120/120 89/89/89 115/115/115
f 102/102/102 107/107/107 109/109/109
f 108/108/108 109/109/109 107/107/107
f 109/109/109 110/110/110 102/102/102
f 103/103/103 102/102/102 110/110/110
f 123/123/123 125/125/125 124/124/124
f 126/126/126 124/124/124 127/127/127
f 128/128/128 130/130/130 129/129/129
f 131/131/131 129/129/129 132/132/132
f 131/131/131 97/97/97 133/133/133
f 134/134/134 94/94/94 126/126/126
f 126/126/126 87/87/87 124/124/124
f 135/135/135 124/124/124 87/87/87
f 136/136/136 138/138/138 137/137/137
f 135/135/135 139/139/139 124/124/124
f 140/140/140 124/124/124 139/139/139
f 123/123/123 124/124/124 141/141/141
f 140/140/140 141/141/141 124/124/124
f 142/142/142 139/139/139 143/143/143
f 135/135/135 143/143/143 139/139/139
f 140/140/140 139/139/139 144/144/144
f 145/145/145 144/144/144 139/139/139
f 140/140/140 144/144/144 141/141/141
f 146/146/146 141/141/141 144/144/144
f 147/147/147 139/139/139 142/142/142
f 141/141/141 149/149/149 148/148/148
f 150/150/150 145/145/145 147/147/147
f 139/139/139 147/147/147 145/145/145
f 141/141/141 146/146/146 149/149/149
f 151/151/151 149/149/149 146/146/146
f 152/152/152 144/144/144 153/153/153
f 145/145/145 153/153/153 144/144/144
f 146/146/146 144/144/144 154/154/154
f 152/152/152 154/154/154 144/144/144
f 145/145/145 150/150/150 153/153/153
f 155/155/155 153/153/153 150/150/150
f 151/151/151 146/146/146 156/156/156
f 154/154/154 156/156/156 146/146/146
f 157/157/157 158/158/158 147/147/147
f 150/150/150 147/147/147 159/159/159
f 150/150/150 161/161/161 160/160/160
f 162/162/162 164/164/164 163/163/163
f 153/153/153 165/165/165 152/152/152
f 166/166/166 152/152/152 165/165/165
f 152/152/152 166/166/166 167/167/167
f 167/167/167 154/154/154 152/152/152
f 168/168/168 170/170/170 169/169/169
f 171/171/171 169/169/169 170/170/170
f 63/63/63 65/65/65 172/172/172
f 173/173/173 172/172/172 65/65/65
f 82/82/82 70/70/70 78/78/78
f 72/72/72 78/78/78 70/70/70
f 174/174/174 176/176/176 175/175/175
f 177/177/177 178/178/178 176/176/176
f 179/179/179 83/83/83 180/180/180
f 91/91/91 181/181/181 83/83/83
f 182/182/182 184/184/184 183/183/183
f 185/185/185 183/183/183 186/186/186
f 176/176/176 188/188/188 187/187/187
f 189/189/189 187/187/187 188/188/188
f 190/190/190 183/183/183 174/174/174
f 188/188/188 174/174/174 183/183/183
f 191/191/191 80/80/80 172/172/172
f 63/63/63 172/172/172 80/80/80
f 192/192/192 193/193/193 189/189/189
f 194/194/194 189/189/189 193/193/193
f 188/188/188 195/195/195 189/189/189
f 192/192/192 189/189/189 195/195/195
f 196/196/196 198/198/198 197/197/197
f 199/199/199 197/197/197 198/198/198
f 199/199/199 200/200/200 197/197/197
f 201/201/201 197/197/197 200/200/200
f 71/71/71 65/65/65 66/66/66
f 173/173/173 65/65/65 69/69/69
f 71/71/71 69/69/69 65/65/65
f 202/202/202 204/204/204 203/203/203
f 205/205/205 206/206/206 204/204/204
f 207/207/207 208/208/208 204/204/204
f 209/209/209 211/211/211 210/210/210
f 212/212/212 211/211/211 213/213/213
f 202/202/202 214/214/214 196/196/196
f 214/214/214 202/202/202 215/215/215
f 131/131/131 217/217/217 216/216/216
f 218/218/218 97/97/97 219/219/219
f 131/131/131 220/220/220 97/97/97
f 97/97/97 221/221/221 90/90/90
f 91/91/91 90/90/90 222/222/222
f 141/141/141 148/148/148 123/123/123
f 223/223/223 123/123/123 148/148/148
f 224/224/224 101/101/101 225/225/225
f 88/88/88 143/143/143 87/87/87
f 135/135/135 87/87/87 143/143/143
f 137/137/137 138/138/138 88/88/88
f 226/226/226 88/88/88 138/138/138
f 101/101/101 103/103/103 225/225/225
f 88/88/88 227/227/227 143/143/143
f 228/228/228 143/143/143 229/229/229
f 142/142/142 143/143/143 230/230/230
f 231/231/231 232/232/232 143/143/143
f 233/233/233 147/147/147 234/234/234
f 142/142/142 235/235/235 147/147/147
f 57/57/57 59/59/59 236/236/236
f 61/61/61 57/57/57 236/236/236
f 155/155/155 237/237/237 153/153/153
f 169/169/169 239/239/239 238/238/238
f 165/165/165 237/237/237 240/240/240
f 153/153/153 237/237/237 165/165/165
f 154/154/154 241/241/241 156/156/156
f 167/167/167 241/241/241 154/154/154
f 242/242/242 241/241/241 167/167/167
f 243/243/243 244/244/244 171/171/171
f 165/165/165 245/245/245 166/166/166
f 246/246/246 245/245/245 165/165/165
f 171/171/171 247/247/247 169/169/169
f 167/167/167 245/245/245 248/248/248
f 166/166/166 245/245/245 167/167/167
f 208/208/208 205/205/205 204/204/204
f 196/196/196 249/249/249 202/202/202
f 204/204/204 202/202/202 250/250/250
f 196/196/196 197/197/197 251/251/251
f 213/213/213 252/252/252 197/197/197
f 201/201/201 253/253/253 197/197/197
f 213/213/213 197/197/197 254/254/254
f 63/63/63 80/80/80 62/62/62
f 74/74/74 62/62/62 80/80/80
f 255/255/255 207/207/207 256/256/256
f 257/257/257 207/207/207 204/204/204
f 258/258/258 205/205/205 208/208/208
f 259/259/259 212/212/212 260/260/260
f 261/261/261 212/212/212 213/213/213
f 213/213/213 211/211/211 209/209/209
f 262/262/262 263/263/263 212/212/212
f 208/208/208 264/264/264 258/258/258
f 265/265/265 266/266/266 208/208/208
f 267/267/267 268/268/268 207/207/207
f 211/211/211 269/269/269 210/210/210
f 207/207/207 268/268/268 270/270/270
f 271/271/271 272/272/272 207/207/207
f 212/212/212 273/273/273 211/211/211
f 208/208/208 272/272/272 274/274/274
f 207/207/207 272/272/272 208/208/208
f 82/82/82 275/275/275 70/70/70
f 54/54/54 46/46/46 55/55/55
f 47/47/47 55/55/55 46/46/46
f 54/54/54 51/51/51 46/46/46
f 214/214/214 276/276/276 192/192/192
f 277/277/277 192/192/192 278/278/278
f 198/198/198 192/192/192 195/195/195
f 183/183/183 279/279/279 188/188/188
f 195/195/195 188/188/188 279/279/279
f 183/183/183 185/185/185 279/279/279
f 280/280/280 279/279/279 185/185/185
f 281/281/281 123/123/123 282/282/282
f 223/223/223 283/283/283 123/123/123
f 191/191/191 179/179/179 80/80/80
f 79/79/79 80/80/80 179/179/179
f 180/180/180 111/111/111 179/179/179
f 79/79/79 179/179/179 111/111/111
f 56/56/56 52/52/52 58/58/58
f 53/53/53 58/58/58 52/52/52
f 60/60/60 284/284/284 56/56/56
f 52/52/52 56/56/56 284/284/284
f 131/131/131 286/286/286 285/285/285
f 287/287/287 289/289/289 288/288/288
f 104/104/104 100/100/100 290/290/290
f 101/101/101 291/291/291 100/100/100
f 90/90/90 92/92/92 97/97/97
f 98/98/98 97/97/97 92/92/92
f 292/292/292 129/129/129 131/131/131
f 50/50/50 51/51/51 293/293/293
f 294/294/294 295/295/295 51/51/51
f 54/54/54 296/296/296 51/51/51
f 294/294/294 51/51/51 296/296/296
f 284/284/284 296/296/296 52/52/52
f 54/54/54 52/52/52 296/296/296
f 136/136/136 137/137/137 118/118/118
f 120/120/120 118/118/118 137/137/137
f 89/89/89 120/120/120 88/88/88
f 137/137/137 88/88/88 120/120/120
f 187/187/187 189/189/189 297/297/297
f 298/298/298 299/299/299 189/189/189
f 300/300/300 301/301/301 68/68/68
f 66/66/66 68/68/68 301/301/301
f 302/302/302 303/303/303 72/72/72
f 77/77/77 72/72/72 303/303/303
f 71/71/71 304/304/304 72/72/72
f 302/302/302 72/72/72 304/304/304
f 305/305/305 307/307/307 306/306/306
f 308/308/308 306/306/306 307/307/307
f 309/309/309 311/311/311 310/310/310
f 308/308/308 310/310/310 311/311/311
f 312/312/312 314/314/314 313/313/313
f 315/315/315 317/317/317 316/316/316
f 318/318/318 316/316/316 317/317/317
f 319/319/319 321/321/321 320/320/320
f 322/322/322 320/320/320 321/321/321
f 323/323/323 325/325/325 324/324/324
f 326/326/326 324/324/324 325/325/325
f 322/322/322 321/321/321 316/316/316
f 327/327/327 316/316/316 321/321/321
f 328/328/328 330/330/330 329/329/329
f 331/331/331 329/329/329 330/330/330
f 332/332/332 334/334/334 333/333/333
f 335/335/335 333/333/333 334/334/334
f 336/336/336 338/338/338 337/337/337
f 339/339/339 337/337/337 338/338/338
f 338/338/338 336/336/336 340/340/340
f 341/341/341 340/340/340 336/336/336
f 342/342/342 343/343/343 339/339/339
f 344/344/344 339/339/339 343/343/343
f 345/345/345 347/347/347 346/346/346
f 305/305/305 345/345/345 307/307/307
f 348/348/348 350/350/350 349/349/349
f 349/349/349 329/329/329 348/348/348
f 351/351/351 353/353/353 352/352/352
f 348/348/348 352/352/352 354/354/354
f 331/331/331 352/352/352 329/329/329
f 348/348/348 329/329/329 352/352/352
f 324/324/324 355/355/355 323/323/323
f 356/356/356 323/323/323 355/355/355
f 321/321/321 319/319/319 357/357/357
f 358/358/358 357/357/357 319/319/319
f 359/359/359 329/329/329 349/349/349
f 359/359/359 328/328/328 329/329/329
f 335/335/335 361/361/361 360/360/360
f 362/362/362 364/364/364 363/363/363
f 365/365/365 366/366/366 364/364/364
f 325/325/325 323/323/323 367/367/367
f 368/368/368 367/367/367 323/323/323
f 368/368/368 323/323/323 369/369/369
f 356/356/356 369/369/369 323/323/323
f 343/343/343 342/342/342 356/356/356
f 369/369/369 356/356/356 342/342/342
f 370/370/370 371/371/371 334/334/334
f 335/335/335 334/334/334 371/371/371
f 332/332/332 330/330/330 334/334/334
f 328/328/328 334/334/334 330/330/330
f 372/372/372 367/367/367 373/373/373
f 368/368/368 373/373/373 367/367/367
f 373/373/373 317/317/317 372/372/372
f 374/374/374 372/372/372 317/317/317
f 375/375/375 318/318/318 376/376/376
f 377/377/377 376/376/376 318/318/318
f 357/357/357 378/378/378 321/321/321
f 327/327/327 321/321/321 378/378/378
f 379/379/379 361/361/361 371/371/371
f 340/340/340 375/375/375 338/338/338
f 376/376/376 338/338/338 375/375/375
f 380/380/380 382/382/382 381/381/381
f 383/383/383 381/381/381 382/382/382
f 384/384/384 386/386/386 385/385/385
f 349/349/349 385/385/385 386/386/386
f 387/387/387 389/389/389 388/388/388
f 390/390/390 388/388/388 389/389/389
f 335/335/335 391/391/391 333/333/333
f 360/360/360 391/391/391 335/335/335
f 392/392/392 391/391/391 360/360/360
f 328/328/328 359/359/359 334/334/334
f 370/370/370 334/334/334 359/359/359
f 350/350/350 348/348/348 393/393/393
f 394/394/394 395/395/395 348/348/348
f 339/339/339 344/344/344 337/337/337
f 396/396/396 337/337/337 344/344/344
f 397/397/397 399/399/399 398/398/398
f 376/376/376 342/342/342 338/338/338
f 339/339/339 338/338/338 342/342/342
f 377/377/377 369/369/369 376/376/376
f 342/342/342 376/376/376 369/369/369
f 400/400/400 315/315/315 378/378/378
f 327/327/327 378/378/378 315/315/315
f 315/315/315 316/316/316 327/327/327
f 401/401/401 403/403/403 402/402/402
f 364/364/364 405/405/405 404/404/404
f 406/406/406 306/306/306 311/311/311
f 308/308/308 311/311/311 306/306/306
f 407/407/407 383/383/383 386/386/386
f 382/382/382 386/386/386 383/383/383
f 408/408/408 410/410/410 409/409/409
f 411/411/411 409/409/409 410/410/410
f 412/412/412 414/414/414 413/413/413
f 415/415/415 413/413/413 414/414/414
f 416/416/416 408/408/408 417/417/417
f 409/409/409 417/417/417 408/408/408
f 418/418/418 414/414/414 419/419/419
f 383/383/383 413/413/413 381/381/381
f 415/415/415 381/381/381 413/413/413
f 420/420/420 409/409/409 407/407/407
f 411/411/411 407/407/407 409/409/409
f 421/421/421 423/423/423 422/422/422
f 423/423/423 399/399/399 422/422/422
f 399/399/399 397/397/397 422/422/422
f 424/424/424 379/379/379 371/371/371
f 381/381/381 425/425/425 380/380/380
f 424/424/424 380/380/380 425/425/425
f 419/419/419 410/410/410 408/408/408
f 414/414/414 412/412/412 419/419/419
f 415/415/415 414/414/414 425/425/425
f 418/418/418 425/425/425 414/414/414
f 419/419/419 426/426/426 418/418/418
f 410/410/410 419/419/419 412/412/412
f 422/422/422 426/426/426 421/421/421
f 421/421/421 426/426/426 417/417/417
f 426/426/426 416/416/416 417/417/417
f 426/426/426 419/419/419 416/416/416
f 412/412/412 413/413/413 410/410/410
f 411/411/411 410/410/410 413/413/413
f 413/413/413 383/383/383 411/411/411
f 407/407/407 411/411/411 383/383/383
f 423/423/423 384/384/384 399/399/399
f 415/415/415 425/425/425 381/381/381
f 427/427/427 429/429/429 428/428/428
f 430/430/430 418/418/418 422/422/422
f 426/426/426 422/422/422 418/418/418
f 397/397/397 431/431/431 422/422/422
f 430/430/430 422/422/422 431/431/431
f 408/408/408 416/416/416 419/419/419
f 428/428/428 399/399/399 432/432/432
f 385/385/385 432/432/432 399/399/399
f 355/355/355 433/433/433 356/356/356
f 343/343/343 356/356/356 433/433/433
f 343/343/343 433/433/433 344/344/344
f 434/434/434 344/344/344 433/433/433
f 71/71/71 66/66/66 304/304/304
f 301/301/301 304/304/304 66/66/66
f 405/405/405 436/436/436 435/435/435
f 390/390/390 389/389/389 437/437/437
f 438/438/438 439/439/439 389/389/389
f 440/440/440 312/312/312 441/441/441
f 319/319/319 364/364/364 358/358/358
f 362/362/362 358/358/358 364/364/364
f 320/320/320 405/405/405 319/319/319
f 364/364/364 319/319/319 405/405/405
f 369/369/369 377/377/377 368/368/368
f 373/373/373 368/368/368 377/377/377
f 442/442/442 310/310/310 307/307/307
f 308/308/308 307/307/307 310/310/310
f 371/371/371 361/361/361 335/335/335
f 443/443/443 444/444/444 312/312/312
f 311/311/311 312/312/312 445/445/445
f 309/309/309 314/314/314 311/311/311
f 312/312/312 311/311/311 314/314/314
f 385/385/385 350/350/350 432/432/432
f 430/430/430 425/425/425 418/418/418
f 430/430/430 431/431/431 425/425/425
f 379/379/379 425/425/425 431/431/431
f 390/390/390 446/446/446 405/405/405
f 447/447/447 312/312/312 448/448/448
f 349/349/349 350/350/350 385/385/385
f 344/344/344 434/434/434 396/396/396
f 402/402/402 396/396/396 434/434/434
f 198/198/198 195/195/195 199/199/199
f 279/279/279 199/199/199 195/195/195
f 200/200/200 199/199/199 449/449/449
f 279/279/279 450/450/450 199/199/199
f 451/451/451 193/193/193 192/192/192
f 198/198/198 196/196/196 192/192/192
f 214/214/214 192/192/192 196/196/196
f 87/87/87 126/126/126 94/94/94
f 452/452/452 453/453/453 94/94/94
f 382/382/382 380/380/380 359/359/359
f 370/370/370 359/359/359 380/380/380
f 386/386/386 382/382/382 349/349/349
f 359/359/359 349/349/349 382/382/382
f 424/424/424 371/371/371 380/380/380
f 370/370/370 380/380/380 371/371/371
f 424/424/424 425/425/425 379/379/379
f 386/386/386 384/384/384 407/407/407
f 420/420/420 407/407/407 384/384/384
f 399/399/399 384/384/384 385/385/385
f 398/398/398 399/399/399 429/429/429
f 428/428/428 429/429/429 399/399/399
f 360/360/360 324/324/324 392/392/392
f 326/326/326 392/392/392 324/324/324
f 361/361/361 355/355/355 360/360/360
f 324/324/324 360/360/360 355/355/355
f 361/361/361 379/379/379 355/355/355
f 433/433/433 355/355/355 379/379/379
f 431/431/431 433/433/433 379/379/379
f 431/431/431 397/397/397 433/433/433
f 434/434/434 433/433/433 397/397/397
f 397/397/397 398/398/398 434/434/434
f 402/402/402 434/434/434 398/398/398
f 429/429/429 401/401/401 398/398/398
f 402/402/402 398/398/398 401/401/401
f 429/429/429 454/454/454 401/401/401
f 387/387/387 401/401/401 455/455/455
f 423/423/423 417/417/417 420/420/420
f 409/409/409 420/420/420 417/417/417
f 421/421/421 417/417/417 423/423/423
f 64/64/64 68/68/68 66/66/66
f 456/456/456 458/458/458 457/457/457
f 459/459/459 461/461/461 460/460/460
f 462/462/462 463/463/463 456/456/456
f 464/464/464 466/466/466 465/465/465
f 317/317/317 373/373/373 318/318/318
f 377/377/377 318/318/318 373/373/373
f 340/340/340 341/341/341 320/320/320
f 405/405/405 320/320/320 341/341/341
f 317/317/317 315/315/315 374/374/374
f 400/400/400 374/374/374 315/315/315
f 318/318/318 375/375/375 316/316/316
f 322/322/322 316/316/316 375/375/375
f 375/375/375 340/340/340 322/322/322
f 320/320/320 322/322/322 340/340/340
f 403/403/403 388/388/388 336/336/336
f 388/388/388 341/341/341 336/336/336
f 337/337/337 396/396/396 403/403/403
f 403/403/403 401/401/401 388/388/388
f 403/403/403 336/336/336 337/337/337
f 403/403/403 396/396/396 402/402/402
f 388/388/388 390/390/390 341/341/341
f 405/405/405 341/341/341 390/390/390
f 388/388/388 401/401/401 387/387/387
f 423/423/423 420/420/420 384/384/384
f 89/89/89 87/87/87 94/94/94
f 467/467/467 3/3/3 468/468/468
f 1/1/1 468/468/468 3/3/3
f 7/7/7 469/469/469 6/6/6
f 470/470/470 8/8/8 469/469/469
f 13/13/13 471/471/471 11/11/11
f 472/472/472 11/11/11 471/471/471
f 15/15/15 14/14/14 470/470/470
f 3/3/3 467/467/467 13/13/13
f 471/471/471 13/13/13 467/467/467
f 6/6/6 469/469/469 8/8/8
f 14/14/14 8/8/8 470/470/470
f 11/11/11 469/469/469 7/7/7
f 472/472/472 469/469/469 11/11/11
f 473/473/473 475/475/475 474/474/474
f 476/476/476 474/474/474 475/475/475
f 477/477/477 478/478/478 473/473/473
f 475/475/475 473/473/473 478/478/478
f 477/477/477 480/480/480 479/479/479
f 474/474/474 481/481/481 473/473/473
f 482/482/482 473/473/473 481/481/481
f 477/477/477 479/479/479 478/478/478
f 476/476/476 475/475/475 483/483/483
f 484/484/484 485/485/485 475/475/475
f 478/478/478 486/486/486 475/475/475
f 484/484/484 475/475/475 486/486/486
f 482/482/482 480/480/480 473/473/473
f 477/477/477 473/473/473 480/480/480
f 479/479/479 486/486/486 478/478/478
f 487/487/487 489/489/489 488/488/488
f 490/490/490 492/492/492 491/491/491
f 493/493/493 495/495/495 494/494/494
f 493/493/493 497/497/497 496/496/496
f 487/487/487 498/498/498 492/492/492
f 498/498/498 499/499/499 492/492/492
f 500/500/500 502/502/502 501/501/501
f 489/489/489 501/501/501 488/488/488
f 490/490/490 503/503/503 495/495/495
f 504/504/504 506/506/506 505/505/505
f 507/507/507 508/508/508 506/506/506
f 509/509/509 511/511/511 510/510/510
f 512/512/512 510/510/510 513/513/513
f 514/514/514 516/516/516 515/515/515
f 517/517/517 518/518/518 516/516/516
f 519/519/519 521/521/521 520/520/520
f 522/522/522 520/520/520 523/523/523
f 506/506/506 509/509/509 507/507/507
f 510/510/510 507/507/507 509/509/509
f 522/522/522 524/524/524 516/516/516
f 525/525/525 516/516/516 524/524/524
f 526/526/526 527/527/527 506/506/506
f 509/509/509 506/506/506 527/527/527
f 528/528/528 524/524/524 529/529/529
f 522/522/522 530/530/530 524/524/524
f 516/516/516 525/525/525 531/531/531
f 470/470/470 532/532/532 525/525/525
f 527/527/527 514/514/514 533/533/533
f 534/534/534 535/535/535 514/514/514
f 520/520/520 526/526/526 536/536/536
f 537/537/537 538/538/538 526/526/526
f 522/522/522 516/516/516 520/520/520
f 514/514/514 520/520/520 516/516/516
f 539/539/539 525/525/525 524/524/524
f 540/540/540 524/524/524 541/541/541
f 542/542/542 470/470/470 525/525/525
f 520/520/520 514/514/514 526/526/526
f 527/527/527 526/526/526 514/514/514
f 543/543/543 509/509/509 544/544/544
f 527/527/527 545/545/545 509/509/509
f 506/506/506 546/546/546 526/526/526
f 547/547/547 526/526/526 548/548/548
f 549/549/549 187/187/187 550/550/550
f 551/551/551 552/552/552 187/187/187
f 176/176/176 187/187/187 553/553/553
f 182/182/182 555/555/555 554/554/554
f 190/190/190 174/174/174 556/556/556
f 557/557/557 558/558/558 174/174/174
f 82/82/82 83/83/83 191/191/191
f 179/179/179 191/191/191 83/83/83
f 307/307/307 345/345/345 442/442/442
f 346/346/346 442/442/442 345/345/345
f 190/190/190 182/182/182 183/183/183
f 190/190/190 559/559/559 182/182/182
f 560/560/560 182/182/182 561/561/561
f 82/82/82 191/191/191 275/275/275
f 188/188/188 176/176/176 174/174/174
f 562/562/562 564/564/564 563/563/563
f 565/565/565 563/563/563 564/564/564
f 566/566/566 568/568/568 567/567/567
f 569/569/569 567/567/567 570/570/570
f 571/571/571 564/564/564 562/562/562
f 572/572/572 566/566/566 567/567/567
f 573/573/573 575/575/575 574/574/574
f 576/576/576 578/578/578 577/577/577
f 579/579/579 581/581/581 580/580/580
f 582/582/582 566/566/566 572/572/572
f 583/583/583 571/571/571 562/562/562
f 584/584/584 585/585/585 572/572/572
f 586/586/586 428/428/428 432/432/432
f 432/432/432 350/350/350 587/587/587
f 588/588/588 590/590/590 589/589/589
f 591/591/591 593/593/593 592/592/592
f 594/594/594 596/596/596 595/595/595
f 597/597/597 599/599/599 598/598/598
f 600/600/600 602/602/602 601/601/601
f 603/603/603 605/605/605 604/604/604
f 606/606/606 608/608/608 607/607/607
f 609/609/609 611/611/611 610/610/610
f 612/612/612 614/614/614 613/613/613
f 615/615/615 617/617/617 616/616/616
f 618/618/618 620/620/620 619/619/619
f 621/621/621 623/623/623 622/622/622
f 624/624/624 626/626/626 625/625/625
f 627/627/627 629/629/629 628/628/628
f 630/630/630 632/632/632 631/631/631
f 633/633/633 635/635/635 634/634/634
f 636/636/636 638/638/638 637/637/637
f 639/639/639 641/641/641 640/640/640
f 642/642/642 644/644/644 643/643/643
f 645/645/645 647/647/647 646/646/646
f 489/489/489 487/487/487 648/648/648
f 492/492/492 490/490/490 649/649/649
f 495/495/495 493/493/493 650/650/650
f 651/651/651 493/493/493 652/652/652
f 653/653/653 487/487/487 492/492/492
f 654/654/654 655/655/655 492/492/492
f 489/489/489 648/648/648 501/501/501
f 656/656/656 501/501/501 657/657/657
f 658/658/658 490/490/490 495/495/495
f 659/659/659 661/661/661 660/660/660
f 662/662/662 664/664/664 663/663/663
f 665/665/665 663/663/663 664/664/664
f 666/666/666 668/668/668 667/667/667
f 669/669/669 670/670/670 668/668/668
f 671/671/671 673/673/673 672/672/672
f 674/674/674 672/672/672 673/673/673
f 675/675/675 676/676/676 669/669/669
f 664/664/664 662/662/662 671/671/671
f 673/673/673 671/671/671 662/662/662
f 667/667/667 668/668/668 670/670/670
f 676/676/676 670/670/670 669/669/669
f 672/672/672 668/668/668 666/666/666
f 674/674/674 668/668/668 672/672/672
f 677/677/677 16/16/16 17/17/17
f 678/678/678 19/19/19 16/16/16
f 679/679/679 21/21/21 22/22/22
f 680/680/680 24/24/24 21/21/21
f 681/681/681 26/26/26 27/27/27
f 682/682/682 29/29/29 26/26/26
f 683/683/683 31/31/31 32/32/32
f 684/684/684 34/34/34 31/31/31
f 685/685/685 36/36/36 37/37/37
f 686/686/686 39/39/39 36/36/36
f 687/687/687 41/41/41 42/42/42
f 688/688/688 44/44/44 41/41/41
f 49/49/49 689/689/689 47/47/47
f 690/690/690 47/47/47 689/689/689
f 691/691/691 690/690/690 692/692/692
f 689/689/689 692/692/692 690/690/690
f 55/55/55 693/693/693 53/53/53
f 694/694/694 53/53/53 693/693/693
f 59/59/59 58/58/58 695/695/695
f 696/696/696 695/695/695 58/58/58
f 695/695/695 696/696/696 61/61/61
f 60/60/60 61/61/61 696/696/696
f 697/697/697 699/699/699 698/698/698
f 700/700/700 698/698/698 699/699/699
f 699/699/699 697/697/697 701/701/701
f 68/68/68 67/67/67 699/699/699
f 702/702/702 704/704/704 703/703/703
f 705/705/705 703/703/703 704/704/704
f 73/73/73 700/700/700 67/67/67
f 699/699/699 67/67/67 700/700/700
f 73/73/73 75/75/75 700/700/700
f 706/706/706 700/700/700 75/75/75
f 702/702/702 707/707/707 77/77/77
f 76/76/76 77/77/77 707/707/707
f 706/706/706 709/709/709 708/708/708
f 710/710/710 708/708/708 709/709/709
f 711/711/711 707/707/707 712/712/712
f 713/713/713 712/712/712 707/707/707
f 706/706/706 75/75/75 709/709/709
f 85/85/85 709/709/709 75/75/75
f 76/76/76 707/707/707 86/86/86
f 711/711/711 86/86/86 707/707/707
f 714/714/714 716/716/716 715/715/715
f 712/712/712 717/717/717 711/711/711
f 718/718/718 711/711/711 717/717/717
f 711/711/711 718/718/718 86/86/86
f 92/92/92 86/86/86 718/718/718
f 714/714/714 720/720/720 719/719/719
f 98/98/98 722/722/722 721/721/721
f 723/723/723 724/724/724 722/722/722
f 725/725/725 727/727/727 726/726/726
f 728/728/728 726/726/726 727/727/727
f 106/106/106 105/105/105 728/728/728
f 729/729/729 728/728/728 105/105/105
f 727/727/727 107/107/107 728/728/728
f 106/106/106 728/728/728 107/107/107
f 709/709/709 85/85/85 730/730/730
f 108/108/108 730/730/730 85/85/85
f 710/710/710 709/709/709 731/731/731
f 709/709/709 730/730/730 731/731/731
f 730/730/730 732/732/732 731/731/731
f 733/733/733 719/719/719 734/734/734
f 720/720/720 735/735/735 719/719/719
f 736/736/736 738/738/738 737/737/737
f 738/738/738 740/740/740 739/739/739
f 741/741/741 742/742/742 740/740/740
f 738/738/738 736/736/736 720/720/720
f 743/743/743 720/720/720 736/736/736
f 740/740/740 738/738/738 714/714/714
f 720/720/720 714/714/714 738/738/738
f 108/108/108 107/107/107 730/730/730
f 727/727/727 730/730/730 107/107/107
f 725/725/725 732/732/732 727/727/727
f 730/730/730 727/727/727 732/732/732
f 744/744/744 746/746/746 745/745/745
f 747/747/747 745/745/745 748/748/748
f 749/749/749 750/750/750 129/129/129
f 751/751/751 129/129/129 752/752/752
f 722/722/722 749/749/749 753/753/753
f 719/719/719 754/754/754 744/744/744
f 755/755/755 716/716/716 745/745/745
f 744/744/744 745/745/745 716/716/716
f 756/756/756 758/758/758 757/757/757
f 759/759/759 760/760/760 745/745/745
f 755/755/755 745/745/745 760/760/760
f 759/759/759 745/745/745 761/761/761
f 747/747/747 761/761/761 745/745/745
f 755/755/755 760/760/760 762/762/762
f 763/763/763 762/762/762 760/760/760
f 764/764/764 760/760/760 765/765/765
f 759/759/759 765/765/765 760/760/760
f 766/766/766 765/765/765 761/761/761
f 759/759/759 761/761/761 765/765/765
f 760/760/760 767/767/767 763/763/763
f 768/768/768 761/761/761 769/769/769
f 760/760/760 764/764/764 767/767/767
f 770/770/770 767/767/767 764/764/764
f 771/771/771 766/766/766 768/768/768
f 761/761/761 768/768/768 766/766/766
f 764/764/764 765/765/765 772/772/772
f 773/773/773 772/772/772 765/765/765
f 773/773/773 765/765/765 774/774/774
f 766/766/766 774/774/774 765/765/765
f 775/775/775 770/770/770 772/772/772
f 764/764/764 772/772/772 770/770/770
f 774/774/774 766/766/766 776/776/776
f 771/771/771 776/776/776 766/766/766
f 770/770/770 777/777/777 767/767/767
f 778/778/778 767/767/767 779/779/779
f 780/780/780 782/782/782 781/781/781
f 770/770/770 784/784/784 783/783/783
f 785/785/785 772/772/772 773/773/773
f 773/773/773 786/786/786 785/785/785
f 786/786/786 773/773/773 787/787/787
f 774/774/774 787/787/787 773/773/773
f 788/788/788 790/790/790 789/789/789
f 791/791/791 789/789/789 790/790/790
f 792/792/792 697/697/697 793/793/793
f 698/698/698 793/793/793 697/697/697
f 702/702/702 703/703/703 707/707/707
f 713/713/713 707/707/707 703/703/703
f 794/794/794 796/796/796 795/795/795
f 797/797/797 798/798/798 796/796/796
f 717/717/717 712/712/712 799/799/799
f 800/800/800 801/801/801 712/712/712
f 802/802/802 804/804/804 803/803/803
f 805/805/805 803/803/803 806/806/806
f 807/807/807 809/809/809 808/808/808
f 796/796/796 808/808/808 809/809/809
f 809/809/809 803/803/803 797/797/797
f 810/810/810 797/797/797 803/803/803
f 698/698/698 708/708/708 793/793/793
f 811/811/811 793/793/793 708/708/708
f 812/812/812 813/813/813 807/807/807
f 814/814/814 807/807/807 813/813/813
f 814/814/814 815/815/815 807/807/807
f 809/809/809 807/807/807 815/815/815
f 816/816/816 818/818/818 817/817/817
f 819/819/819 817/817/817 818/818/818
f 820/820/820 821/821/821 817/817/817
f 816/816/816 817/817/817 821/821/821
f 697/697/697 704/704/704 701/701/701
f 704/704/704 697/697/697 705/705/705
f 792/792/792 705/705/705 697/697/697
f 822/822/822 824/824/824 823/823/823
f 825/825/825 826/826/826 824/824/824
f 827/827/827 828/828/828 824/824/824
f 829/829/829 831/831/831 830/830/830
f 829/829/829 833/833/833 832/832/832
f 834/834/834 825/825/825 819/819/819
f 825/825/825 834/834/834 835/835/835
f 836/836/836 749/749/749 837/837/837
f 749/749/749 722/722/722 838/838/838
f 839/839/839 840/840/840 722/722/722
f 717/717/717 841/841/841 718/718/718
f 722/722/722 718/718/718 842/842/842
f 843/843/843 769/769/769 747/747/747
f 761/761/761 747/747/747 769/769/769
f 726/726/726 845/845/845 844/844/844
f 755/755/755 762/762/762 716/716/716
f 715/715/715 716/716/716 762/762/762
f 846/846/846 756/756/756 715/715/715
f 757/757/757 715/715/715 756/756/756
f 725/725/725 726/726/726 844/844/844
f 847/847/847 848/848/848 762/762/762
f 715/715/715 762/762/762 849/849/849
f 850/850/850 762/762/762 851/851/851
f 763/763/763 852/852/852 762/762/762
f 763/763/763 767/767/767 853/853/853
f 854/854/854 855/855/855 767/767/767
f 59/59/59 695/695/695 236/236/236
f 695/695/695 61/61/61 236/236/236
f 856/856/856 775/775/775 772/772/772
f 857/857/857 789/789/789 858/858/858
f 856/856/856 785/785/785 859/859/859
f 856/856/856 772/772/772 785/785/785
f 860/860/860 774/774/774 776/776/776
f 860/860/860 787/787/787 774/774/774
f 860/860/860 861/861/861 787/787/787
f 862/862/862 863/863/863 788/788/788
f 864/864/864 785/785/785 786/786/786
f 864/864/864 865/865/865 785/785/785
f 866/866/866 788/788/788 789/789/789
f 864/864/864 787/787/787 867/867/867
f 864/864/864 786/786/786 787/787/787
f 822/822/822 827/827/827 824/824/824
f 824/824/824 868/868/868 825/825/825
f 819/819/819 825/825/825 869/869/869
f 832/832/832 817/817/817 870/870/870
f 819/819/819 871/871/871 817/817/817
f 832/832/832 872/872/872 817/817/817
f 820/820/820 817/817/817 873/873/873
f 706/706/706 708/708/708 700/700/700
f 698/698/698 700/700/700 708/708/708
f 828/828/828 875/875/875 874/874/874
f 828/828/828 876/876/876 824/824/824
f 822/822/822 877/877/877 827/827/827
f 833/833/833 879/879/879 878/878/878
f 833/833/833 880/880/880 832/832/832
f 829/829/829 832/832/832 831/831/831
f 881/881/881 882/882/882 833/833/833
f 883/883/883 827/827/827 877/877/877
f 884/884/884 885/885/885 827/827/827
f 886/886/886 887/887/887 828/828/828
f 888/888/888 829/829/829 830/830/830
f 886/886/886 828/828/828 889/889/889
f 890/890/890 891/891/891 828/828/828
f 892/892/892 833/833/833 829/829/829
f 890/890/890 827/827/827 893/893/893
f 890/890/890 828/828/828 827/827/827
f 894/894/894 713/713/713 703/703/703
f 47/47/47 690/690/690 55/55/55
f 693/693/693 55/55/55 690/690/690
f 691/691/691 693/693/693 690/690/690
f 895/895/895 896/896/896 814/814/814
f 834/834/834 814/814/814 897/897/897
f 814/814/814 818/818/818 815/815/815
f 815/815/815 898/898/898 809/809/809
f 803/803/803 809/809/809 898/898/898
f 899/899/899 802/802/802 898/898/898
f 803/803/803 898/898/898 802/802/802
f 843/843/843 747/747/747 900/900/900
f 901/901/901 902/902/902 747/747/747
f 710/710/710 800/800/800 708/708/708
f 811/811/811 708/708/708 800/800/800
f 710/710/710 731/731/731 800/800/800
f 903/903/903 800/800/800 731/731/731
f 53/53/53 694/694/694 58/58/58
f 696/696/696 58/58/58 694/694/694
f 694/694/694 284/284/284 696/696/696
f 60/60/60 696/696/696 284/284/284
f 904/904/904 906/906/906 905/905/905
f 749/749/749 908/908/908 907/907/907
f 726/726/726 728/728/728 909/909/909
f 729/729/729 910/910/910 728/728/728
f 98/98/98 92/92/92 722/722/722
f 718/718/718 722/722/722 92/92/92
f 129/129/129 911/911/911 749/749/749
f 294/294/294 691/691/691 912/912/912
f 692/692/692 913/913/913 691/691/691
f 294/294/294 296/296/296 691/691/691
f 693/693/693 691/691/691 296/296/296
f 693/693/693 296/296/296 694/694/694
f 284/284/284 694/694/694 296/296/296
f 740/740/740 757/757/757 741/741/741
f 758/758/758 741/741/741 757/757/757
f 757/757/757 740/740/740 715/715/715
f 714/714/714 715/715/715 740/740/740
f 914/914/914 807/807/807 915/915/915
f 808/808/808 916/916/916 807/807/807
f 701/701/701 917/917/917 68/68/68
f 300/300/300 68/68/68 917/917/917
f 77/77/77 303/303/303 702/702/702
f 918/918/918 702/702/702 303/303/303
f 918/918/918 919/919/919 702/702/702
f 704/704/704 702/702/702 919/919/919
f 920/920/920 922/922/922 921/921/921
f 923/923/923 921/921/921 922/922/922
f 920/920/920 924/924/924 310/310/310
f 309/309/309 310/310/310 924/924/924
f 314/314/314 926/926/926 925/925/925
f 927/927/927 929/929/929 928/928/928
f 930/930/930 928/928/928 929/929/929
f 931/931/931 933/933/933 932/932/932
f 934/934/934 932/932/932 933/933/933
f 326/326/326 325/325/325 935/935/935
f 936/936/936 935/935/935 325/325/325
f 937/937/937 933/933/933 928/928/928
f 931/931/931 928/928/928 933/933/933
f 331/331/331 330/330/330 938/938/938
f 939/939/939 938/938/938 330/330/330
f 940/940/940 941/941/941 333/333/333
f 332/332/332 333/333/333 941/941/941
f 942/942/942 944/944/944 943/943/943
f 945/945/945 943/943/943 944/944/944
f 946/946/946 945/945/945 947/947/947
f 944/944/944 947/947/947 945/945/945
f 948/948/948 949/949/949 942/942/942
f 950/950/950 942/942/942 949/949/949
f 347/347/347 951/951/951 346/346/346
f 951/951/951 923/923/923 922/922/922
f 952/952/952 954/954/954 953/953/953
f 938/938/938 953/953/953 954/954/954
f 954/954/954 955/955/955 352/352/352
f 956/956/956 352/352/352 957/957/957
f 954/954/954 352/352/352 938/938/938
f 331/331/331 938/938/938 352/352/352
f 958/958/958 959/959/959 936/936/936
f 935/935/935 936/936/936 959/959/959
f 358/358/358 934/934/934 357/357/357
f 933/933/933 357/357/357 934/934/934
f 938/938/938 960/960/960 953/953/953
f 939/939/939 960/960/960 938/938/938
f 961/961/961 940/940/940 962/962/962
f 963/963/963 965/965/965 964/964/964
f 362/362/362 966/966/966 965/965/965
f 967/967/967 936/936/936 367/367/367
f 325/325/325 367/367/367 936/936/936
f 958/958/958 936/936/936 968/968/968
f 967/967/967 968/968/968 936/936/936
f 968/968/968 950/950/950 958/958/958
f 949/949/949 958/958/958 950/950/950
f 940/940/940 969/969/969 941/941/941
f 970/970/970 941/941/941 969/969/969
f 939/939/939 330/330/330 941/941/941
f 332/332/332 941/941/941 330/330/330
f 967/967/967 367/367/367 971/971/971
f 372/372/372 971/971/971 367/367/367
f 374/374/374 929/929/929 372/372/372
f 971/971/971 372/372/372 929/929/929
f 972/972/972 927/927/927 973/973/973
f 974/974/974 973/973/973 927/927/927
f 937/937/937 378/378/378 933/933/933
f 357/357/357 933/933/933 378/378/378
f 961/961/961 975/975/975 969/969/969
f 973/973/973 974/974/974 944/944/944
f 947/947/947 944/944/944 974/974/974
f 976/976/976 978/978/978 977/977/977
f 979/979/979 977/977/977 978/978/978
f 953/953/953 981/981/981 980/980/980
f 982/982/982 980/980/980 981/981/981
f 983/983/983 985/985/985 984/984/984
f 986/986/986 984/984/984 985/985/985
f 391/391/391 940/940/940 333/333/333
f 391/391/391 962/962/962 940/940/940
f 391/391/391 392/392/392 962/962/962
f 970/970/970 960/960/960 941/941/941
f 939/939/939 941/941/941 960/960/960
f 987/987/987 954/954/954 988/988/988
f 952/952/952 989/989/989 954/954/954
f 990/990/990 948/948/948 943/943/943
f 942/942/942 943/943/943 948/948/948
f 991/991/991 993/993/993 992/992/992
f 942/942/942 950/950/950 944/944/944
f 973/973/973 944/944/944 950/950/950
f 950/950/950 968/968/968 973/973/973
f 972/972/972 973/973/973 968/968/968
f 937/937/937 930/930/930 378/378/378
f 400/400/400 378/378/378 930/930/930
f 928/928/928 930/930/930 937/937/937
f 994/994/994 996/996/996 995/995/995
f 997/997/997 965/965/965 998/998/998
f 920/920/920 921/921/921 924/924/924
f 999/999/999 924/924/924 921/921/921
f 978/978/978 976/976/976 981/981/981
f 1000/1000/1000 981/981/981 976/976/976
f 1001/1001/1001 1003/1003/1003 1002/1002/1002
f 1004/1004/1004 1002/1002/1002 1003/1003/1003
f 1005/1005/1005 1007/1007/1007 1006/1006/1006
f 1008/1008/1008 1006/1006/1006 1007/1007/1007
f 1002/1002/1002 1004/1004/1004 1009/1009/1009
f 1010/1010/1010 1009/1009/1009 1004/1004/1004
f 1007/1007/1007 1012/1012/1012 1011/1011/1011
f 1005/1005/1005 1006/1006/1006 977/977/977
f 976/976/976 977/977/977 1006/1006/1006
f 1001/1001/1001 1002/1002/1002 1000/1000/1000
f 1013/1013/1013 1000/1000/1000 1002/1002/1002
f 993/993/993 991/991/991 1014/1014/1014
f 991/991/991 1015/1015/1015 1014/1014/1014
f 1015/1015/1015 1016/1016/1016 1014/1014/1014
f 975/975/975 1017/1017/1017 969/969/969
f 1017/1017/1017 1018/1018/1018 979/979/979
f 977/977/977 979/979/979 1018/1018/1018
f 1003/1003/1003 1011/1011/1011 1004/1004/1004
f 1008/1008/1008 1007/1007/1007 1011/1011/1011
f 1012/1012/1012 1007/1007/1007 1018/1018/1018
f 1005/1005/1005 1018/1018/1018 1007/1007/1007
f 1019/1019/1019 1011/1011/1011 1012/1012/1012
f 1011/1011/1011 1003/1003/1003 1008/1008/1008
f 1010/1010/1010 1019/1019/1019 1009/1009/1009
f 1014/1014/1014 1016/1016/1016 1019/1019/1019
f 1019/1019/1019 1016/1016/1016 1009/1009/1009
f 1011/1011/1011 1019/1019/1019 1010/1010/1010
f 1001/1001/1001 1006/1006/1006 1003/1003/1003
f 1008/1008/1008 1003/1003/1003 1006/1006/1006
f 1000/1000/1000 976/976/976 1001/1001/1001
f 1006/1006/1006 1001/1001/1001 976/976/976
f 982/982/982 1015/1015/1015 991/991/991
f 1018/1018/1018 1005/1005/1005 977/977/977
f 1020/1020/1020 1022/1022/1022 1021/1021/1021
f 1019/1019/1019 1012/1012/1012 1014/1014/1014
f 1023/1023/1023 1014/1014/1014 1012/1012/1012
f 1023/1023/1023 1024/1024/1024 1014/1014/1014
f 993/993/993 1014/1014/1014 1024/1024/1024
f 1010/1010/1010 1004/1004/1004 1011/1011/1011
f 980/980/980 991/991/991 1025/1025/1025
f 1021/1021/1021 1025/1025/1025 991/991/991
f 949/949/949 1026/1026/1026 958/958/958
f 959/959/959 958/958/958 1026/1026/1026
f 1027/1027/1027 1026/1026/1026 948/948/948
f 949/949/949 948/948/948 1026/1026/1026
f 917/917/917 701/701/701 919/919/919
f 704/704/704 919/919/919 701/701/701
f 1028/1028/1028 997/997/997 1029/1029/1029
f 1030/1030/1030 985/985/985 1031/1031/1031
f 983/983/983 1032/1032/1032 985/985/985
f 926/926/926 1034/1034/1034 1033/1033/1033
f 362/362/362 965/965/965 358/358/358
f 934/934/934 358/358/358 965/965/965
f 965/965/965 997/997/997 934/934/934
f 932/932/932 934/934/934 997/997/997
f 971/971/971 972/972/972 967/967/967
f 968/968/968 967/967/967 972/972/972
f 920/920/920 310/310/310 922/922/922
f 442/442/442 922/922/922 310/310/310
f 961/961/961 969/969/969 940/940/940
f 924/924/924 1035/1035/1035 926/926/926
f 1036/1036/1036 926/926/926 1037/1037/1037
f 926/926/926 314/314/314 924/924/924
f 309/309/309 924/924/924 314/314/314
f 952/952/952 980/980/980 1025/1025/1025
f 1018/1018/1018 1023/1023/1023 1012/1012/1012
f 975/975/975 1024/1024/1024 1018/1018/1018
f 1023/1023/1023 1018/1018/1018 1024/1024/1024
f 1038/1038/1038 983/983/983 997/997/997
f 926/926/926 1040/1040/1040 1039/1039/1039
f 952/952/952 953/953/953 980/980/980
f 995/995/995 1027/1027/1027 990/990/990
f 948/948/948 990/990/990 1027/1027/1027
f 898/898/898 815/815/815 816/816/816
f 818/818/818 816/816/816 815/815/815
f 898/898/898 816/816/816 1041/1041/1041
f 821/821/821 1042/1042/1042 816/816/816
f 813/813/813 1043/1043/1043 814/814/814
f 834/834/834 819/819/819 814/814/814
f 818/818/818 814/814/814 819/819/819
f 744/744/744 716/716/716 719/719/719
f 1044/1044/1044 1045/1045/1045 719/719/719
f 970/970/970 979/979/979 960/960/960
f 978/978/978 960/960/960 979/979/979
f 960/960/960 978/978/978 953/953/953
f 981/981/981 953/953/953 978/978/978
f 970/970/970 969/969/969 979/979/979
f 1017/1017/1017 979/979/979 969/969/969
f 1018/1018/1018 1017/1017/1017 975/975/975
f 1013/1013/1013 982/982/982 1000/1000/1000
f 981/981/981 1000/1000/1000 982/982/982
f 982/982/982 991/991/991 980/980/980
f 1021/1021/1021 991/991/991 1020/1020/1020
f 992/992/992 1020/1020/1020 991/991/991
f 326/326/326 935/935/935 392/392/392
f 962/962/962 392/392/392 935/935/935
f 935/935/935 959/959/959 962/962/962
f 961/961/961 962/962/962 959/959/959
f 1026/1026/1026 975/975/975 959/959/959
f 961/961/961 959/959/959 975/975/975
f 1026/1026/1026 1024/1024/1024 975/975/975
f 1027/1027/1027 993/993/993 1026/1026/1026
f 1024/1024/1024 1026/1026/1026 993/993/993
f 995/995/995 992/992/992 1027/1027/1027
f 993/993/993 1027/1027/1027 992/992/992
f 995/995/995 996/996/996 992/992/992
f 1020/1020/1020 992/992/992 996/996/996
f 986/986/986 1046/1046/1046 996/996/996
f 1020/1020/1020 996/996/996 1047/1047/1047
f 1002/1002/1002 1009/1009/1009 1013/1013/1013
f 1015/1015/1015 1013/1013/1013 1009/1009/1009
f 1009/1009/1009 1016/1016/1016 1015/1015/1015
f 68/68/68 699/699/699 701/701/701
f 1048/1048/1048 456/456/456 457/457/457
f 1049/1049/1049 459/459/459 460/460/460
f 1050/1050/1050 462/462/462 456/456/456
f 1051/1051/1051 464/464/464 1052/1052/1052
f 972/972/972 971/971/971 927/927/927
f 929/929/929 927/927/927 971/971/971
f 997/997/997 946/946/946 932/932/932
f 947/947/947 932/932/932 946/946/946
f 400/400/400 930/930/930 374/374/374
f 929/929/929 374/374/374 930/930/930
f 931/931/931 974/974/974 928/928/928
f 927/927/927 928/928/928 974/974/974
f 932/932/932 947/947/947 931/931/931
f 974/974/974 931/931/931 947/947/947
f 984/984/984 994/994/994 945/945/945
f 946/946/946 984/984/984 945/945/945
f 990/990/990 943/943/943 994/994/994
f 996/996/996 994/994/994 984/984/984
f 945/945/945 994/994/994 943/943/943
f 990/990/990 994/994/994 995/995/995
f 997/997/997 983/983/983 946/946/946
f 984/984/984 946/946/946 983/983/983
f 996/996/996 984/984/984 986/986/986
f 1013/1013/1013 1015/1015/1015 982/982/982
f 716/716/716 714/714/714 719/719/719
f 665/665/665 664/664/664 1053/1053/1053
f 1054/1054/1054 1053/1053/1053 664/664/664
f 1055/1055/1055 666/666/666 667/667/667
f 670/670/670 1056/1056/1056 1055/1055/1055
f 1057/1057/1057 1058/1058/1058 672/672/672
f 671/671/671 672/672/672 1058/1058/1058
f 676/676/676 675/675/675 1056/1056/1056
f 1058/1058/1058 1054/1054/1054 671/671/671
f 664/664/664 671/671/671 1054/1054/1054
f 1055/1055/1055 667/667/667 670/670/670
f 670/670/670 676/676/676 1056/1056/1056
f 1055/1055/1055 672/672/672 666/666/666
f 1055/1055/1055 1057/1057/1057 672/672/672
f 1059/1059/1059 1061/1061/1061 1060/1060/1060
f 1062/1062/1062 1060/1060/1060 1061/1061/1061
f 1061/1061/1061 1063/1063/1063 1062/1062/1062
f 1064/1064/1064 1062/1062/1062 1063/1063/1063
f 1065/1065/1065 1064/1064/1064 1066/1066/1066
f 1067/1067/1067 1068/1068/1068 1062/1062/1062
f 1060/1060/1060 1062/1062/1062 1068/1068/1068
f 1066/1066/1066 1064/1064/1064 1063/1063/1063
f 1069/1069/1069 1061/1061/1061 1070/1070/1070
f 1059/1059/1059 1071/1071/1071 1061/1061/1061
f 1069/1069/1069 1072/1072/1072 1061/1061/1061
f 1063/1063/1063 1061/1061/1061 1072/1072/1072
f 1064/1064/1064 1065/1065/1065 1062/1062/1062
f 1067/1067/1067 1062/1062/1062 1065/1065/1065
f 1072/1072/1072 1066/1066/1066 1063/1063/1063
f 1073/1073/1073 1075/1075/1075 1074/1074/1074
f 1076/1076/1076 1078/1078/1078 1077/1077/1077
f 1079/1079/1079 1081/1081/1081 1080/1080/1080
f 1082/1082/1082 1081/1081/1081 1083/1083/1083
f 1084/1084/1084 1075/1075/1075 1076/1076/1076
f 1085/1085/1085 1084/1084/1084 1076/1076/1076
f 1073/1073/1073 1074/1074/1074 1086/1086/1086
f 1087/1087/1087 1086/1086/1086 1088/1088/1088
f 1089/1089/1089 1078/1078/1078 1079/1079/1079
f 1090/1090/1090 1092/1092/1092 1091/1091/1091
f 1093/1093/1093 1094/1094/1094 1092/1092/1092
f 1095/1095/1095 1097/1097/1097 1096/1096/1096
f 1098/1098/1098 1096/1096/1096 1099/1099/1099
f 1100/1100/1100 1102/1102/1102 1101/1101/1101
f 1103/1103/1103 1104/1104/1104 1102/1102/1102
f 1105/1105/1105 1107/1107/1107 1106/1106/1106
f 1108/1108/1108 1106/1106/1106 1109/1109/1109
f 1096/1096/1096 1098/1098/1098 1090/1090/1090
f 1092/1092/1092 1090/1090/1090 1098/1098/1098
f 1110/1110/1110 1111/1111/1111 1102/1102/1102
f 1105/1105/1105 1102/1102/1102 1111/1111/1111
f 1098/1098/1098 1112/1112/1112 1092/1092/1092
f 1113/1113/1113 1092/1092/1092 1112/1112/1112
f 1105/1105/1105 1111/1111/1111 1114/1114/1114
f 1115/1115/1115 1116/1116/1116 1111/1111/1111
f 1056/1056/1056 1110/1110/1110 1117/1117/1117
f 1102/1102/1102 1118/1118/1118 1110/1110/1110
f 1119/1119/1119 1103/1103/1103 1120/1120/1120
f 1112/1112/1112 1121/1121/1121 1103/1103/1103
f 1122/1122/1122 1113/1113/1113 1123/1123/1123
f 1106/1106/1106 1124/1124/1124 1113/1113/1113
f 1103/1103/1103 1102/1102/1102 1106/1106/1106
f 1105/1105/1105 1106/1106/1106 1102/1102/1102
f 1110/1110/1110 1125/1125/1125 1111/1111/1111
f 1111/1111/1111 1127/1127/1127 1126/1126/1126
f 1056/1056/1056 1128/1128/1128 1110/1110/1110
f 1112/1112/1112 1103/1103/1103 1113/1113/1113
f 1106/1106/1106 1113/1113/1113 1103/1103/1103
f 1112/1112/1112 1098/1098/1098 1129/1129/1129
f 1130/1130/1130 1131/1131/1131 1098/1098/1098
f 1132/1132/1132 1133/1133/1133 1113/1113/1113
f 1092/1092/1092 1113/1113/1113 1134/1134/1134
f 808/808/808 1136/1136/1136 1135/1135/1135
f 796/796/796 1137/1137/1137 808/808/808
f 1138/1138/1138 808/808/808 1139/1139/1139
f 1140/1140/1140 805/805/805 1141/1141/1141
f 1142/1142/1142 797/797/797 1143/1143/1143
f 810/810/810 1144/1144/1144 797/797/797
f 800/800/800 712/712/712 811/811/811
f 713/713/713 811/811/811 712/712/712
f 346/346/346 951/951/951 442/442/442
f 922/922/922 442/442/442 951/951/951
f 805/805/805 810/810/810 803/803/803
f 1145/1145/1145 1146/1146/1146 805/805/805
f 810/810/810 805/805/805 1147/1147/1147
f 811/811/811 713/713/713 894/894/894
f 796/796/796 809/809/809 797/797/797
f 1148/1148/1148 1149/1149/1149 563/563/563
f 562/562/562 563/563/563 1149/1149/1149
f 1150/1150/1150 1152/1152/1152 1151/1151/1151
f 566/566/566 1151/1151/1151 1153/1153/1153
f 1149/1149/1149 1154/1154/1154 562/562/562
f 566/566/566 1155/1155/1155 1151/1151/1151
f 1156/1156/1156 1158/1158/1158 1157/1157/1157
f 1159/1159/1159 1161/1161/1161 1160/1160/1160
f 1162/1162/1162 1164/1164/1164 1163/1163/1163
f 566/566/566 1165/1165/1165 1155/1155/1155
f 1154/1154/1154 1166/1166/1166 562/562/562
f 1167/1167/1167 1168/1168/1168 1155/1155/1155
f 1021/1021/1021 1169/1169/1169 1025/1025/1025
f 952/952/952 1025/1025/1025 1170/1170/1170
f 1171/1171/1171 1173/1173/1173 1172/1172/1172
f 1174/1174/1174 1176/1176/1176 1175/1175/1175
f 1177/1177/1177 1179/1179/1179 1178/1178/1178
f 1180/1180/1180 1182/1182/1182 1181/1181/1181
f 1183/1183/1183 1185/1185/1185 1184/1184/1184
f 1186/1186/1186 1188/1188/1188 1187/1187/1187
f 1189/1189/1189 1191/1191/1191 1190/1190/1190
f 1192/1192/1192 1194/1194/1194 1193/1193/1193
f 1195/1195/1195 1196/1196/1196 613/613/613
f 1197/1197/1197 1199/1199/1199 1198/1198/1198
f 1200/1200/1200 1202/1202/1202 1201/1201/1201
f 1203/1203/1203 1205/1205/1205 1204/1204/1204
f 1206/1206/1206 1208/1208/1208 1207/1207/1207
f 1209/1209/1209 1211/1211/1211 1210/1210/1210
f 1212/1212/1212 1214/1214/1214 1213/1213/1213
f 1215/1215/1215 1217/1217/1217 1216/1216/1216
f 1218/1218/1218 1220/1220/1220 1219/1219/1219
f 1221/1221/1221 1223/1223/1223 1222/1222/1222
f 1224/1224/1224 1225/1225/1225 643/643/643
f 1226/1226/1226 1228/1228/1228 1227/1227/1227
f 1075/1075/1075 1073/1073/1073 1229/1229/1229
f 1078/1078/1078 1076/1076/1076 1230/1230/1230
f 1081/1081/1081 1079/1079/1079 1231/1231/1231
f 1081/1081/1081 1233/1233/1233 1232/1232/1232
f 1075/1075/1075 1234/1234/1234 1076/1076/1076
f 1235/1235/1235 1236/1236/1236 1076/1076/1076
f 1237/1237/1237 1238/1238/1238 1086/1086/1086
f 1073/1073/1073 1086/1086/1086 1229/1229/1229
f 1078/1078/1078 1239/1239/1239 1079/1079/1079
f 1240/1240/1240 1242/1242/1242 1241/1241/1241
